Date,Open,High,Low,Close,Adj Close,Volume
1962-01-02,7.713333,7.713333,7.626667,7.626667,1.858243,390000
1962-01-03,7.626667,7.693333,7.626667,7.693333,1.874485,292500
1962-01-04,7.693333,7.693333,7.613333,7.616667,1.855805,262500
1962-01-05,7.606667,7.606667,7.453333,7.466667,1.819257,367500
1962-01-08,7.460000,7.460000,7.266667,7.326667,1.785148,547500
1962-01-09,7.360000,7.506667,7.360000,7.413333,1.806263,495000
1962-01-10,7.426667,7.460000,7.426667,7.426667,1.809514,300000
1962-01-11,7.446667,7.506667,7.446667,7.506667,1.829004,322500
1962-01-12,7.520000,7.573333,7.520000,7.520000,1.832253,442500
1962-01-15,7.546667,7.570000,7.546667,7.553333,1.840374,255000
1962-01-16,7.546667,7.546667,7.473333,7.473333,1.820882,255000
1962-01-17,7.440000,7.440000,7.333333,7.353333,1.791644,420000
1962-01-18,7.373333,7.446667,7.373333,7.373333,1.796518,375000
1962-01-19,7.373333,7.393333,7.293333,7.380000,1.798141,405000
1962-01-22,7.380000,7.453333,7.360000,7.366667,1.794894,277500
1962-01-23,7.363333,7.373333,7.280000,7.293333,1.777025,375000
1962-01-24,7.293333,7.333333,7.256667,7.333333,1.786772,412500
1962-01-25,7.333333,7.393333,7.240000,7.253333,1.767280,322500
1962-01-26,7.253333,7.280000,7.213333,7.216667,1.758346,247500
1962-01-29,7.216667,7.266667,7.093333,7.093333,1.728295,585000
1962-01-30,7.093333,7.133333,7.003333,7.003333,1.706366,742500
1962-01-31,7.073333,7.226667,7.073333,7.226667,1.760782,765000
1962-02-01,7.300000,7.413333,7.300000,7.393333,1.801391,645000
1962-02-02,7.393333,7.440000,7.360000,7.440000,1.812761,510000
1962-02-05,7.440000,7.440000,7.306667,7.346667,1.790021,315000
1962-02-06,7.346667,7.360000,7.320000,7.353333,1.791888,262500
1962-02-07,7.360000,7.400000,7.360000,7.360000,1.793513,255000
1962-02-08,7.360000,7.400000,7.360000,7.366667,1.795137,22500
1962-02-09,7.366667,7.420000,7.333333,7.420000,1.808133,435000
1962-02-12,7.420000,7.480000,7.413333,7.426667,1.809759,285000
1962-02-13,7.426667,7.433333,7.306667,7.306667,1.780517,262500
1962-02-14,7.306667,7.333333,7.280000,7.293333,1.777267,210000
1962-02-15,7.293333,7.293333,7.260000,7.266667,1.770770,232500
1962-02-16,7.266667,7.293333,7.260000,7.260000,1.769145,225000
1962-02-19,7.260000,7.293333,7.173333,7.186667,1.751273,285000
1962-02-20,7.190000,7.226667,7.190000,7.190000,1.752087,292500
1962-02-21,7.190000,7.240000,7.136667,7.136667,1.739091,367500
1962-02-23,7.146667,7.173333,7.146667,7.160000,1.744776,292500
1962-02-26,7.160000,7.166667,7.120000,7.133333,1.738278,300000
1962-02-27,7.133333,7.193333,7.093333,7.146667,1.741528,352500
1962-02-28,7.146667,7.160000,7.106667,7.160000,1.744776,270000
1962-03-01,7.186667,7.246667,7.186667,7.246667,1.765895,285000
1962-03-02,7.306667,7.346667,7.306667,7.306667,1.780517,247500
1962-03-05,7.306667,7.306667,7.253333,7.280000,1.774019,360000
1962-03-06,7.280000,7.313333,7.266667,7.286667,1.775642,187500
1962-03-07,7.286667,7.310000,7.266667,7.310000,1.781329,127500
1962-03-08,7.310000,7.326667,7.266667,7.326667,1.785390,187500
1962-03-09,7.333333,7.373333,7.333333,7.373333,1.796762,292500
1962-03-12,7.373333,7.393333,7.346667,7.366667,1.795137,285000
1962-03-13,7.366667,7.366667,7.333333,7.360000,1.793513,127500
1962-03-14,7.360000,7.380000,7.333333,7.346667,1.790263,202500
1962-03-15,7.346667,7.386667,7.333333,7.333333,1.787015,247500
1962-03-16,7.333333,7.366667,7.333333,7.366667,1.795137,165000
1962-03-19,7.380000,7.413333,7.380000,7.386667,1.800011,375000
1962-03-20,7.373333,7.373333,7.340000,7.340000,1.788639,165000
1962-03-21,7.340000,7.360000,7.320000,7.346667,1.790263,262500
1962-03-22,7.320000,7.320000,7.266667,7.266667,1.770770,240000
1962-03-23,7.273333,7.306667,7.273333,7.293333,1.777267,187500
1962-03-26,7.293333,7.320000,7.280000,7.290000,1.776455,135000
1962-03-27,7.273333,7.273333,7.146667,7.153333,1.743153,352500
1962-03-28,7.160000,7.213333,7.160000,7.193333,1.752899,330000
1962-03-29,7.193333,7.226667,7.173333,7.173333,1.748026,232500
1962-03-30,7.160000,7.160000,7.070000,7.103333,1.730968,442500
1962-04-02,7.100000,7.100000,7.006667,7.006667,1.707412,375000
1962-04-03,7.000000,7.000000,6.760000,6.833333,1.665174,915000
1962-04-04,6.833333,6.893333,6.803333,6.803333,1.657863,652500
1962-04-05,6.840000,6.946667,6.840000,6.946667,1.692791,915000
1962-04-06,6.946667,7.000000,6.893333,6.940000,1.691167,435000
1962-04-09,6.940000,6.980000,6.893333,6.946667,1.692791,22500
1962-04-10,6.946667,6.973333,6.906667,6.973333,1.699288,262500
1962-04-11,6.973333,7.026667,6.880000,6.880000,1.676546,532500
1962-04-12,6.880000,6.893333,6.806667,6.806667,1.658676,405000
1962-04-13,6.806667,6.906667,6.800000,6.906667,1.683043,630000
1962-04-16,6.906667,6.953333,6.826667,6.900000,1.681417,510000
1962-04-17,6.900000,6.933333,6.866667,6.933333,1.689541,300000
1962-04-18,6.933333,6.993333,6.913333,6.920000,1.686292,427500
1962-04-19,6.920000,6.946667,6.893333,6.920000,1.686292,390000
1962-04-23,6.920000,6.926667,6.886667,6.913333,1.684667,315000
1962-04-24,6.913333,6.956667,6.900000,6.906667,1.683043,457500
1962-04-25,6.906667,6.933333,6.833333,6.833333,1.665174,465000
1962-04-26,6.826667,6.826667,6.660000,6.660000,1.622934,930000
1962-04-27,6.660000,6.733333,6.400000,6.473333,1.577447,1635000
1962-04-30,6.473333,6.533333,6.000000,6.053333,1.475099,2347500
1962-05-01,6.053333,6.193333,5.733333,6.160000,1.501092,5317500
1962-05-02,6.266667,6.453333,6.266667,6.300000,1.535209,2557500
1962-05-03,6.300000,6.453333,6.253333,6.430000,1.566888,1365000
1962-05-04,6.430000,6.480000,6.366667,6.480000,1.579071,780000
1962-05-07,6.480000,6.530000,6.336667,6.336667,1.544142,832500
1962-05-08,6.328333,6.328333,6.126667,6.126667,1.493206,1035000
1962-05-09,6.126667,6.183333,6.000000,6.013333,1.465583,1605000
1962-05-10,6.013333,6.130000,5.986667,6.040000,1.472083,1912500
1962-05-11,6.040000,6.133333,5.920000,5.946667,1.449336,1897500
1962-05-14,5.946667,6.060000,5.843333,6.060000,1.476956,2730000
1962-05-15,6.060000,6.173333,6.026667,6.026667,1.468833,1687500
1962-05-16,6.026667,6.126667,6.026667,6.093333,1.485081,885000
1962-05-17,6.093333,6.093333,5.960000,5.986667,1.459085,975000
1962-05-18,5.986667,6.020000,5.940000,6.020000,1.467208,735000
1962-05-21,6.020000,6.020000,5.946667,6.000000,1.462334,397500
1962-05-22,5.993333,5.993333,5.800000,5.800000,1.413590,1005000
1962-05-23,5.800000,5.840000,5.536667,5.536667,1.349409,2895000
1962-05-24,5.536667,5.680000,5.306667,5.306667,1.293353,4155000
1962-05-25,5.306667,5.426667,5.173333,5.313333,1.294978,4305000
1962-05-28,5.293333,5.293333,4.733333,4.813333,1.173117,4320000
1962-05-29,4.873333,5.160000,4.873333,5.106667,1.244609,3862500
1962-05-31,5.200000,5.333333,5.200000,5.233333,1.275480,4132500
1962-06-01,5.213333,5.213333,5.103333,5.133333,1.251108,2415000
1962-06-04,5.066667,5.066667,4.800000,4.800000,1.169868,1815000
1962-06-05,4.800000,4.986667,4.706667,4.855000,1.183272,3165000
1962-06-06,4.855000,5.013333,4.826667,4.873333,1.187740,2880000
1962-06-07,4.906667,4.986667,4.906667,4.933333,1.202363,1230000
1962-06-08,4.936667,5.013333,4.936667,4.950000,1.206425,1170000
1962-06-11,4.950000,4.960000,4.780000,4.786667,1.166618,1192500
1962-06-12,4.733333,4.733333,4.468333,4.468333,1.089032,3330000
1962-06-13,4.468333,4.573333,4.296667,4.301667,1.048411,4387500
1962-06-14,4.301667,4.423333,4.000000,4.080000,0.994386,6682500
1962-06-15,4.080000,4.460000,4.006667,4.446667,1.083752,6330000
1962-06-18,4.446667,4.530000,4.233333,4.396667,1.071566,4770000
1962-06-19,4.396667,4.480000,4.346667,4.480000,1.091876,2107500
1962-06-20,4.480000,4.570000,4.373333,4.373333,1.065879,3060000
1962-06-21,4.320000,4.320000,4.203333,4.210000,1.026071,3712500
1962-06-22,4.210000,4.286667,4.140000,4.266667,1.039881,3375000
1962-06-25,4.266667,4.480000,4.206667,4.433333,1.080503,3795000
1962-06-26,4.433333,4.520000,4.266667,4.266667,1.039881,3232500
1962-06-27,4.273333,4.440000,4.273333,4.440000,1.082127,2962500
1962-06-28,4.470000,4.646667,4.470000,4.586667,1.117873,4087500
1962-06-29,4.586667,4.633333,4.510000,4.523333,1.102438,2827500
1962-07-02,4.523333,4.666667,4.513333,4.666667,1.137371,1395000
1962-07-03,4.666667,4.716667,4.640000,4.686667,1.142245,2587500
1962-07-05,4.686667,4.706667,4.650000,4.666667,1.137371,2017500
1962-07-06,4.613333,4.613333,4.560000,4.600000,1.121123,1627500
1962-07-09,4.600000,4.673333,4.546667,4.670000,1.138184,1890000
1962-07-10,4.750000,4.823333,4.750000,4.783333,1.165805,3052500
1962-07-11,4.783333,4.993333,4.763333,4.991667,1.216580,3315000
1962-07-12,5.003333,5.196667,5.003333,5.053333,1.231609,3300000
1962-07-13,5.053333,5.086667,4.966667,5.016667,1.222674,2107500
1962-07-16,5.016667,5.100000,4.966667,5.100000,1.242983,1657500
1962-07-17,5.100000,5.126667,4.933333,4.935000,1.202770,1710000
1962-07-18,4.935000,4.960000,4.826667,4.870000,1.186928,2437500
1962-07-19,4.896667,5.013333,4.896667,4.900000,1.194239,2197500
1962-07-20,4.913333,4.986667,4.913333,4.960000,1.208863,682500
1962-07-23,4.960000,5.026667,4.953333,4.973333,1.212111,840000
1962-07-24,4.946667,4.946667,4.843333,4.843333,1.180428,892500
1962-07-25,4.843333,4.913333,4.783333,4.900000,1.194239,1882500
1962-07-26,4.923333,4.973333,4.923333,4.926667,1.200738,952500
1962-07-27,4.926667,5.011667,4.923333,5.011667,1.221455,952500
1962-07-30,5.043333,5.165000,5.043333,5.165000,1.258825,2850000
1962-07-31,5.165000,5.246667,5.160000,5.160000,1.257607,2775000
1962-08-01,5.146667,5.146667,5.016667,5.016667,1.222674,1222500
1962-08-02,5.020000,5.143333,5.020000,5.143333,1.253544,1492500
1962-08-03,5.143333,5.166667,5.093333,5.133333,1.251108,952500
1962-08-06,5.133333,5.153333,5.060000,5.066667,1.234860,6607500
1962-08-07,5.061667,5.061667,4.976667,4.976667,1.213164,922500
1962-08-08,4.976667,5.106667,4.940000,5.090000,1.240791,1582500
1962-08-09,5.086667,5.086667,5.001667,5.020000,1.223727,1290000
1962-08-10,5.020000,5.063333,5.001667,5.010000,1.221290,982500
1962-08-13,5.013333,5.063333,5.013333,5.050000,1.231041,1020000
1962-08-14,5.050000,5.146667,5.041667,5.146667,1.254605,1897500
1962-08-15,5.153333,5.256667,5.153333,5.153333,1.256230,2347500
1962-08-16,5.153333,5.236667,5.143333,5.150000,1.255417,1275000
1962-08-17,5.150000,5.220000,5.146667,5.193333,1.265981,892500
1962-08-20,5.220000,5.296667,5.220000,5.250000,1.279794,1807500
1962-08-21,5.250000,5.306667,5.226667,5.236667,1.276544,1297500
1962-08-22,5.246667,5.486667,5.246667,5.453333,1.329361,3307500
1962-08-23,5.453333,5.530000,5.430000,5.473333,1.334236,2925000
1962-08-24,5.473333,5.480000,5.433333,5.453333,1.329361,1252500
1962-08-27,5.453333,5.490000,5.433333,5.440000,1.326112,915000
1962-08-28,5.436667,5.436667,5.246667,5.246667,1.278982,2752500
1962-08-29,5.246667,5.280000,5.176667,5.213333,1.270856,2520000
1962-08-30,5.213333,5.260000,5.160000,5.170000,1.260293,952500
1962-08-31,5.180000,5.303333,5.180000,5.283333,1.287920,1230000
1962-09-04,5.283333,5.353333,5.146667,5.166667,1.259480,1627500
1962-09-05,5.166667,5.226667,5.086667,5.106667,1.244854,2250000
1962-09-06,5.106667,5.185000,5.080000,5.173333,1.261106,1815000
1962-09-07,5.173333,5.211667,5.096667,5.096667,1.242416,1320000
1962-09-10,5.096667,5.156667,5.033333,5.123333,1.248917,1807500
1962-09-11,5.123333,5.170000,5.080000,5.093333,1.241603,1545000
1962-09-12,5.100000,5.153333,5.100000,5.115000,1.246886,1305000
1962-09-13,5.115000,5.153333,5.111667,5.113333,1.246479,847500
1962-09-14,5.113333,5.186667,5.106667,5.176667,1.261918,1095000
1962-09-17,5.186667,5.276667,5.186667,5.266667,1.283857,1462500
1962-09-18,5.266667,5.331667,5.220000,5.226667,1.274107,2280000
1962-09-19,5.226667,5.246667,5.150000,5.150000,1.255417,1470000
1962-09-20,5.150000,5.193333,5.096667,5.103333,1.244041,885000
1962-09-21,5.100000,5.100000,5.006667,5.023333,1.224540,2137500
1962-09-24,4.966667,4.966667,4.823333,4.826667,1.176598,2625000
1962-09-25,4.826667,4.923333,4.786667,4.923333,1.200162,2445000
1962-09-26,4.923333,4.930000,4.740000,4.740000,1.155471,2055000
1962-09-27,4.740000,4.796667,4.646667,4.666667,1.137596,2880000
1962-09-28,4.670000,4.753333,4.670000,4.713333,1.148971,1417500
1962-10-01,4.713333,4.713333,4.536667,4.538333,1.106311,1852500
1962-10-02,4.576667,4.683333,4.576667,4.671667,1.138814,2835000
1962-10-03,4.671667,4.746667,4.626667,4.646667,1.132720,1800000
1962-10-04,4.646667,4.773333,4.626667,4.770000,1.162785,1305000
1962-10-05,4.770000,4.825000,4.736667,4.803333,1.170911,1740000
1962-10-08,4.803333,4.820000,4.786667,4.796667,1.169286,637500
1962-10-09,4.813333,4.900000,4.813333,4.883333,1.190413,1185000
1962-10-10,4.883333,4.956667,4.763333,4.788333,1.167254,1815000
1962-10-11,4.788333,4.846667,4.736667,4.746667,1.157097,1365000
1962-10-12,4.746667,4.756667,4.693333,4.736667,1.154658,1042500
1962-10-15,4.760000,4.893333,4.760000,4.893333,1.192850,930000
1962-10-16,4.893333,4.913333,4.766667,4.766667,1.161972,1260000
1962-10-17,4.766667,4.866667,4.740000,4.820000,1.174972,1380000
1962-10-18,4.820000,4.853333,4.735000,4.735000,1.154253,982500
1962-10-19,4.735000,4.746667,4.640000,4.641667,1.131502,2370000
1962-10-22,4.598333,4.598333,4.516667,4.573333,1.114843,2745000
1962-10-23,4.573333,4.573333,4.400000,4.400000,1.072590,2520000
1962-10-24,4.400000,4.533333,4.293333,4.533333,1.105092,3690000
1962-10-25,4.533333,4.540000,4.426667,4.513333,1.100216,2677500
1962-10-26,4.493333,4.493333,4.390000,4.420000,1.077465,1552500
1962-10-29,4.506667,4.596667,4.506667,4.593333,1.119718,3525000
1962-10-30,4.593333,4.693333,4.548333,4.690000,1.143283,2647500
1962-10-31,4.680000,4.680000,4.590000,4.613333,1.124594,1177500
1962-11-01,4.613333,4.693333,4.560000,4.693333,1.144096,1995000
1962-11-02,4.693333,4.931667,4.626667,4.763333,1.161160,3135000
1962-11-05,4.790000,4.856667,4.790000,4.820000,1.175219,1732500
1962-11-07,4.820000,4.886667,4.746667,4.816667,1.174408,1747500
1962-11-08,4.816667,4.866667,4.736667,4.736667,1.154901,1275000
1962-11-09,4.760000,4.820000,4.760000,4.816667,1.174408,1102500
1962-11-12,4.873333,4.986667,4.873333,4.980000,1.214232,2175000
1962-11-13,4.980000,5.006667,4.890000,4.890000,1.192287,2115000
1962-11-14,4.896667,5.006667,4.896667,4.993333,1.217482,1845000
1962-11-15,4.993333,5.058333,4.966667,4.966667,1.210981,2085000
1962-11-16,4.966667,5.046667,4.920000,5.046667,1.230486,1500000
1962-11-19,5.046667,5.046667,4.960000,4.960000,1.209355,937500
1962-11-20,4.986667,5.045000,4.986667,5.018333,1.223578,1125000
1962-11-21,5.018333,5.063333,4.993333,5.030000,1.226423,1597500
1962-11-23,5.030000,5.173333,5.003333,5.173333,1.261370,2767500
1962-11-26,5.173333,5.263333,5.153333,5.183333,1.263808,2145000
1962-11-27,5.183333,5.276667,5.153333,5.263333,1.283315,1732500
1962-11-28,5.273333,5.346667,5.273333,5.300000,1.292255,2662500
1962-11-29,5.300000,5.346667,5.290000,5.346667,1.303632,1755000
1962-11-30,5.346667,5.356667,5.296667,5.313333,1.295505,1305000
1962-12-03,5.260000,5.260000,5.203333,5.220000,1.272749,1290000
1962-12-04,5.233333,5.345000,5.233333,5.336667,1.301195,1762500
1962-12-05,5.336667,5.413333,5.316667,5.316667,1.296318,2145000
1962-12-06,5.316667,5.383333,5.306667,5.313333,1.295505,1387500
1962-12-07,5.313333,5.370000,5.300000,5.300000,1.292255,1117500
1962-12-10,5.300000,5.343333,5.186667,5.186667,1.264621,1477500
1962-12-11,5.186667,5.233333,5.150000,5.166667,1.259745,1132500
1962-12-12,5.193333,5.260000,5.193333,5.250000,1.280063,772500
1962-12-13,5.250000,5.276667,5.166667,5.173333,1.261370,1125000
1962-12-14,5.173333,5.210000,5.140000,5.193333,1.266247,997500
1962-12-17,5.193333,5.226667,5.120000,5.133333,1.251618,907500
1962-12-18,5.133333,5.176667,5.086667,5.096667,1.242677,877500
1962-12-19,5.096667,5.233333,5.096667,5.228333,1.274781,967500
1962-12-20,5.228333,5.293333,5.228333,5.228333,1.274781,1275000
1962-12-21,5.228333,5.246667,5.136667,5.136667,1.252430,900000
1962-12-24,5.171667,5.253333,5.171667,5.253333,1.280876,682500
1962-12-26,5.253333,5.293333,5.230000,5.250000,1.280063,727500
1962-12-27,5.250000,5.276667,5.193333,5.213333,1.271123,787500
1962-12-28,5.213333,5.240000,5.206667,5.233333,1.275999,585000
1962-12-31,5.233333,5.263333,5.193333,5.200000,1.267872,1050000
1963-01-02,5.200000,5.200000,5.123333,5.130000,1.250805,2392500
1963-01-03,5.140000,5.286667,5.140000,5.286667,1.289003,1125000
1963-01-04,5.293333,5.343333,5.293333,5.293333,1.290629,1537500
1963-01-07,5.293333,5.343333,5.240000,5.250000,1.280063,885000
1963-01-08,5.293333,5.380000,5.293333,5.380000,1.311760,1807500
1963-01-09,5.380000,5.433333,5.350000,5.383333,1.312572,1912500
1963-01-10,5.396667,5.453333,5.396667,5.420000,1.321513,1552500
1963-01-11,5.420000,5.436667,5.386667,5.436667,1.325577,1350000
1963-01-14,5.436667,5.530000,5.436667,5.523333,1.346708,2475000
1963-01-15,5.523333,5.573333,5.500000,5.533333,1.349145,2085000
1963-01-16,5.526667,5.526667,5.426667,5.446667,1.328016,1267500
1963-01-17,5.456667,5.530000,5.456667,5.516667,1.345083,1215000
1963-01-18,5.516667,5.540000,5.473333,5.500000,1.341019,855000
1963-01-21,5.500000,5.520000,5.446667,5.520000,1.345895,877500
1963-01-22,5.520000,5.583333,5.520000,5.530000,1.348333,930000
1963-01-23,5.530000,5.553333,5.513333,5.523333,1.346708,660000
1963-01-24,5.523333,5.580000,5.520000,5.546667,1.352397,930000
1963-01-25,5.546667,5.580000,5.520000,5.580000,1.360524,697500
1963-01-28,5.596667,5.660000,5.596667,5.660000,1.380031,1590000
1963-01-29,5.660000,5.660000,5.620000,5.623333,1.371090,742500
1963-01-30,5.623333,5.630000,5.573333,5.593333,1.363776,720000
1963-01-31,5.593333,5.653333,5.573333,5.650000,1.377592,997500
1963-02-01,5.650000,5.665000,5.640000,5.650000,1.377592,540000
1963-02-04,5.650000,5.656667,5.596667,5.603333,1.366214,630000
1963-02-05,5.603333,5.623333,5.566667,5.613333,1.368977,765000
1963-02-06,5.613333,5.650000,5.576667,5.576667,1.360036,705000
1963-02-07,5.586667,5.633333,5.586667,5.586667,1.362474,652500
1963-02-08,5.586667,5.620000,5.573333,5.600000,1.365725,600000
1963-02-11,5.600000,5.610000,5.570000,5.570000,1.358409,457500
1963-02-12,5.570000,5.580000,5.510000,5.580000,1.360848,915000
1963-02-13,5.580000,5.600000,5.566667,5.566667,1.357597,630000
1963-02-14,5.568333,5.610000,5.568333,5.570000,1.358409,840000
1963-02-15,5.570000,5.596667,5.566667,5.583333,1.361662,570000
1963-02-18,5.583333,5.593333,5.570000,5.571667,1.358816,450000
1963-02-19,5.571667,5.576667,5.523333,5.526667,1.347841,765000
1963-02-20,5.513333,5.513333,5.460000,5.480000,1.336461,900000
1963-02-21,5.480000,5.480000,5.413333,5.470000,1.334022,840000
1963-02-25,5.466667,5.466667,5.386667,5.386667,1.313698,607500
1963-02-26,5.386667,5.456667,5.370000,5.423333,1.322641,810000
1963-02-27,5.423333,5.455000,5.400000,5.403333,1.317762,442500
1963-02-28,5.403333,5.406667,5.320000,5.330000,1.299878,1125000
1963-03-01,5.330000,5.380000,5.296667,5.296667,1.291749,1027500
1963-03-04,5.333333,5.393333,5.333333,5.380000,1.312073,750000
1963-03-05,5.380000,5.380000,5.353333,5.356667,1.306382,457500
1963-03-06,5.356667,5.398333,5.336667,5.398333,1.316544,420000
1963-03-07,5.420000,5.463333,5.420000,5.450000,1.329143,720000
1963-03-08,5.450000,5.463333,5.426667,5.446667,1.328332,397500
1963-03-11,5.446667,5.476667,5.440000,5.443333,1.327518,487500
1963-03-12,5.443333,5.463333,5.430000,5.440000,1.326705,352500
1963-03-13,5.440000,5.470000,5.440000,5.450000,1.329143,457500
1963-03-14,5.450000,5.513333,5.433333,5.466667,1.333209,592500
1963-03-15,5.466667,5.516667,5.446667,5.510000,1.343776,510000
1963-03-18,5.510000,5.540000,5.456667,5.460000,1.331583,465000
1963-03-19,5.460000,5.480000,5.446667,5.466667,1.333209,412500
1963-03-20,5.473333,5.536667,5.473333,5.520000,1.346216,495000
1963-03-21,5.520000,5.533333,5.480000,5.483333,1.337274,795000
1963-03-22,5.483333,5.530000,5.480000,5.523333,1.347029,427500
1963-03-25,5.523333,5.540000,5.513333,5.513333,1.344589,480000
1963-03-26,5.520000,5.573333,5.520000,5.550000,1.353532,810000
1963-03-27,5.570000,5.613333,5.570000,5.613333,1.368977,847500
1963-03-28,5.613333,5.643333,5.600000,5.610000,1.368165,825000
1963-03-29,5.610000,5.630000,5.600000,5.613333,1.368977,480000
1963-04-01,5.613333,5.623333,5.603333,5.613333,1.368977,682500
1963-04-02,5.613333,5.630000,5.566667,5.566667,1.357597,562500
1963-04-03,5.573333,5.636667,5.573333,5.630000,1.373043,517500
1963-04-04,5.666667,5.731667,5.666667,5.718333,1.394585,1297500
1963-04-05,5.730000,5.893333,5.730000,5.893333,1.437263,1597500
1963-04-08,5.930000,6.010000,5.930000,5.995000,1.462058,1590000
1963-04-09,5.995000,6.006667,5.906667,5.930000,1.446207,1237500
1963-04-10,5.930000,5.943333,5.826667,5.898333,1.438483,930000
1963-04-11,5.898333,5.993333,5.870000,5.950000,1.451084,1282500
1963-04-15,5.950000,5.986667,5.906667,5.946667,1.450271,832500
1963-04-16,5.946667,5.963333,5.903333,5.903333,1.439703,652500
1963-04-17,5.903333,5.916667,5.860000,5.873333,1.432386,480000
1963-04-18,5.873333,5.920000,5.873333,5.873333,1.432386,292500
1963-04-19,5.906667,6.000000,5.906667,6.000000,1.463278,765000
1963-04-22,6.040000,6.123333,6.040000,6.093333,1.486040,1132500
1963-04-23,6.093333,6.146667,6.073333,6.146667,1.499048,840000
1963-04-24,6.156667,6.220000,6.156667,6.166667,1.503924,855000
1963-04-25,6.166667,6.200000,6.133333,6.195000,1.510834,697500
1963-04-26,6.195000,6.266667,6.166667,6.266667,1.528314,637500
1963-04-29,6.266667,6.326667,6.220000,6.246667,1.523435,525000
1963-04-30,6.246667,6.280000,6.160000,6.183333,1.507989,870000
1963-05-01,6.183333,6.246667,6.163333,6.200000,1.512054,600000
1963-05-02,6.203333,6.256667,6.203333,6.250000,1.524247,367500
1963-05-03,6.250000,6.251667,6.206667,6.206667,1.513679,307500
1963-05-06,6.196667,6.196667,6.110000,6.110000,1.490105,592500
1963-05-07,6.110000,6.163333,6.100000,6.137083,1.497036,540000
1963-05-08,6.150000,6.266667,6.150000,6.266667,1.528647,742500
1963-05-09,6.266667,6.340000,6.266667,6.273333,1.530271,1125000
1963-05-10,6.273333,6.333333,6.236667,6.333333,1.544907,472500
1963-05-13,6.330000,6.330000,6.270000,6.283333,1.532712,382500
1963-05-14,6.283333,6.300000,6.253333,6.273333,1.530271,450000
1963-05-15,6.273333,6.310000,6.273333,6.293333,1.535151,525000
1963-05-16,6.293333,6.320000,6.253333,6.266667,1.528647,450000
1963-05-17,6.266667,6.326667,6.216667,6.226667,1.518888,457500
1963-05-20,6.226667,6.246667,6.170000,6.170000,1.505065,435000
1963-05-21,6.170000,6.226667,6.160000,6.226667,1.518888,517500
1963-05-22,6.226667,6.320000,6.206667,6.213333,1.515636,337500
1963-05-23,6.213333,6.240000,6.193333,6.193333,1.510757,330000
1963-05-24,6.193333,6.230000,6.160000,6.173333,1.505878,292500
1963-05-27,6.166667,6.166667,6.106667,6.106667,1.489615,457500
1963-05-28,6.130000,6.183333,6.130000,6.133333,1.496121,450000
1963-05-29,6.173333,6.266667,6.173333,6.266667,1.528647,555000
1963-05-31,6.293333,6.380000,6.293333,6.363333,1.552225,1072500
1963-06-03,6.363333,6.383333,6.310000,6.310000,1.539215,847500
1963-06-04,6.310000,6.363333,6.293333,6.320000,1.541656,585000
1963-06-05,6.320000,6.346667,6.260000,6.266667,1.528647,495000
1963-06-06,6.266667,6.293333,6.240000,6.266667,1.528647,292500
1963-06-07,6.266667,6.273333,6.236667,6.243333,1.522953,360000
1963-06-10,6.243333,6.243333,6.160000,6.163333,1.503440,660000
1963-06-11,6.173333,6.236667,6.173333,6.200000,1.512384,277500
1963-06-12,6.200000,6.260000,6.173333,6.243333,1.522953,555000
1963-06-13,6.243333,6.320000,6.160000,6.180000,1.507505,450000
1963-06-14,6.180000,6.210000,6.160000,6.176667,1.506692,337500
1963-06-17,6.176667,6.180000,6.113333,6.123333,1.493681,427500
1963-06-18,6.123333,6.180000,6.113333,6.113333,1.491243,532500
1963-06-19,6.113333,6.130000,6.086667,6.093333,1.486364,652500
1963-06-20,6.093333,6.093333,6.003333,6.063333,1.479046,1185000
1963-06-21,6.066667,6.090000,6.066667,6.073333,1.481485,547500
1963-06-24,6.073333,6.096667,5.986667,5.986667,1.460344,780000
1963-06-25,5.986667,6.060000,5.946667,5.956667,1.453027,675000
1963-06-26,5.956667,5.960000,5.850000,5.850000,1.427007,1245000
1963-06-27,5.850000,5.896667,5.760000,5.790000,1.412371,1365000
1963-06-28,5.806667,5.843333,5.806667,5.816667,1.418877,652500
1963-07-01,5.816667,5.816667,5.680000,5.686667,1.387164,1492500
1963-07-02,5.713333,5.846667,5.713333,5.846667,1.426194,1170000
1963-07-03,5.856667,5.906667,5.856667,5.890000,1.436765,1027500
1963-07-05,5.896667,5.933333,5.896667,5.933333,1.447334,450000
1963-07-08,5.920000,5.920000,5.806667,5.813333,1.418063,600000
1963-07-09,5.813333,5.910000,5.790000,5.878333,1.433918,652500
1963-07-10,5.866667,5.866667,5.803333,5.826667,1.421315,645000
1963-07-11,5.826667,5.866667,5.786667,5.786667,1.411557,615000
1963-07-12,5.786667,5.820000,5.753333,5.753333,1.403426,570000
1963-07-15,5.753333,5.786667,5.721667,5.766667,1.406679,810000
1963-07-16,5.766667,5.810000,5.763333,5.803333,1.415624,795000
1963-07-17,5.803333,5.860000,5.756667,5.773333,1.408305,810000
1963-07-18,5.773333,5.796667,5.726667,5.726667,1.396921,907500
1963-07-19,5.726667,5.740000,5.706667,5.723333,1.396109,712500
1963-07-22,5.723333,5.740000,5.686667,5.706667,1.392044,600000
1963-07-23,5.706667,5.766667,5.690000,5.690000,1.387977,840000
1963-07-24,5.690000,5.746667,5.670000,5.713333,1.393670,630000
1963-07-25,5.713333,5.760000,5.713333,5.720000,1.395296,547500
1963-07-26,5.720000,5.760000,5.720000,5.753333,1.403426,390000
1963-07-29,5.760000,5.780000,5.760000,5.773333,1.408305,330000
1963-07-30,5.803333,5.906667,5.803333,5.906667,1.440829,1087500
1963-07-31,5.906667,5.973333,5.793333,5.793333,1.413185,1140000
1963-08-01,5.793333,5.830000,5.733333,5.800000,1.414810,982500
1963-08-02,5.800000,5.826667,5.760000,5.760000,1.405052,360000
1963-08-05,5.760000,5.836667,5.753333,5.836667,1.423755,405000
1963-08-06,5.836667,5.893333,5.816667,5.890000,1.437093,817500
1963-08-07,5.890000,5.890000,5.828333,5.828333,1.422046,532500
1963-08-08,5.828333,5.886667,5.793333,5.853333,1.428146,510000
1963-08-09,5.853333,5.926667,5.846667,5.913333,1.442785,675000
1963-08-12,5.933333,5.966667,5.933333,5.940000,1.449291,817500
1963-08-13,5.953333,6.060000,5.953333,6.056667,1.477757,1417500
1963-08-14,6.056667,6.126667,6.006667,6.093333,1.486703,1320000
1963-08-15,6.093333,6.120000,6.053333,6.053333,1.476943,877500
1963-08-16,6.053333,6.093333,6.033333,6.033333,1.472063,435000
1963-08-19,6.033333,6.066667,6.026667,6.026667,1.470438,307500
1963-08-20,6.026667,6.053333,5.953333,5.953333,1.452545,480000
1963-08-21,5.963333,6.000000,5.963333,5.983333,1.459864,285000
1963-08-22,5.983333,6.033333,5.966667,6.033333,1.472063,495000
1963-08-23,6.033333,6.053333,5.973333,5.980000,1.459051,442500
1963-08-26,5.993333,6.023333,5.993333,6.000000,1.463932,375000
1963-08-27,6.000000,6.006667,5.893333,5.893333,1.437906,562500
1963-08-28,5.893333,5.973333,5.893333,5.913333,1.442785,630000
1963-08-29,5.913333,5.960000,5.900000,5.900000,1.439532,547500
1963-08-30,5.900000,5.933333,5.860000,5.930000,1.446852,675000
1963-09-03,5.938333,6.023333,5.938333,5.966667,1.455798,817500
1963-09-04,5.973333,6.026667,5.973333,5.973333,1.457425,870000
1963-09-05,5.973333,6.026667,5.960000,6.006667,1.465558,577500
1963-09-06,6.020000,6.166667,6.020000,6.113333,1.491584,1905000
1963-09-09,6.113333,6.166667,6.066667,6.086667,1.485078,900000
1963-09-10,6.086667,6.146667,6.086667,6.106667,1.489956,765000
1963-09-11,6.106667,6.153333,6.093333,6.093333,1.486703,885000
1963-09-12,6.093333,6.113333,6.060000,6.086667,1.485078,540000
1963-09-13,6.086667,6.140000,6.073333,6.073333,1.481823,607500
1963-09-16,6.073333,6.113333,6.066667,6.066667,1.480198,457500
1963-09-17,6.066667,6.126667,6.066667,6.068333,1.480603,667500
1963-09-18,6.068333,6.090000,5.966667,6.000000,1.463932,712500
1963-09-19,6.001667,6.066667,6.001667,6.056667,1.477757,577500
1963-09-20,6.056667,6.113333,6.053333,6.086667,1.485078,607500
1963-09-23,6.086667,6.136667,6.053333,6.060000,1.478571,810000
1963-09-24,6.066667,6.170000,6.066667,6.166667,1.504596,1102500
1963-09-25,6.166667,6.253333,6.106667,6.106667,1.489956,2115000
1963-09-26,6.106667,6.133333,6.003333,6.003333,1.464745,1665000
1963-09-27,6.003333,6.036667,5.960000,5.980000,1.459051,945000
1963-09-30,5.980000,6.033333,5.960000,6.026667,1.470438,645000
1963-10-01,6.026667,6.073333,5.996667,5.996667,1.463118,645000
1963-10-02,5.996667,6.013333,5.980000,5.990000,1.461492,345000
1963-10-03,6.000000,6.103333,6.000000,6.093333,1.486703,382500
1963-10-04,6.133333,6.200000,6.133333,6.153333,1.501344,1327500
1963-10-07,6.153333,6.260000,6.133333,6.260000,1.527368,1095000
1963-10-08,6.260000,6.290000,6.166667,6.166667,1.504596,1957500
1963-10-09,6.166667,6.240000,6.150000,6.166667,1.504596,907500
1963-10-10,6.166667,6.210000,6.140000,6.206667,1.514355,765000
1963-10-11,6.206667,6.278333,6.206667,6.253333,1.525741,1102500
1963-10-14,6.253333,6.346667,6.253333,6.346667,1.548514,1095000
1963-10-15,6.363333,6.423333,6.363333,6.373333,1.555021,1485000
1963-10-16,6.373333,6.546667,6.373333,6.536667,1.594872,1350000
1963-10-17,6.563333,6.620000,6.563333,6.563333,1.601379,1852500
1963-10-18,6.563333,6.606667,6.546667,6.596667,1.609511,765000
1963-10-21,6.596667,6.646667,6.586667,6.586667,1.607071,885000
1963-10-22,6.573333,6.573333,6.456667,6.480000,1.581046,1732500
1963-10-23,6.480000,6.536667,6.440000,6.440000,1.571288,847500
1963-10-24,6.466667,6.526667,6.466667,6.466667,1.577793,532500
1963-10-25,6.496667,6.586667,6.496667,6.580000,1.605444,780000
1963-10-28,6.613333,6.690000,6.613333,6.630000,1.617644,1852500
1963-10-29,6.630000,6.676667,6.520000,6.550000,1.598125,1335000
1963-10-30,6.550000,6.553333,6.456667,6.456667,1.575352,750000
1963-10-31,6.456667,6.586667,6.453333,6.586667,1.607071,712500
1963-11-01,6.586667,6.610000,6.496667,6.513333,1.589177,645000
1963-11-04,6.513333,6.550000,6.430000,6.453333,1.574943,540000
1963-11-06,6.450000,6.450000,6.360000,6.400000,1.561926,982500
1963-11-07,6.400000,6.466667,6.400000,6.420000,1.566807,450000
1963-11-08,6.453333,6.493333,6.453333,6.460000,1.576570,525000
1963-11-11,6.473333,6.520000,6.473333,6.493333,1.584704,405000
1963-11-12,6.500000,6.573333,6.500000,6.506667,1.587959,877500
1963-11-13,6.506667,6.566667,6.506667,6.526667,1.592839,652500
1963-11-14,6.526667,6.546667,6.460000,6.493333,1.584704,645000
1963-11-15,6.493333,6.513333,6.443333,6.466667,1.578197,442500
1963-11-18,6.460000,6.460000,6.366667,6.406667,1.563554,427500
1963-11-19,6.406667,6.440000,6.296667,6.296667,1.536708,645000
1963-11-20,6.296667,6.400000,6.273333,6.293333,1.535894,930000
1963-11-21,6.293333,6.326667,6.186667,6.186667,1.509861,915000
1963-11-22,6.186667,6.276667,6.146667,6.203333,1.513930,802500
1963-11-26,6.203333,6.283333,6.190000,6.283333,1.533453,1057500
1963-11-27,6.283333,6.373333,6.276667,6.373333,1.555419,937500
1963-11-29,6.373333,6.490000,6.366667,6.470000,1.579011,682500
1963-12-02,6.506667,6.560000,6.506667,6.560000,1.600974,682500
1963-12-03,6.560000,6.580000,6.493333,6.526667,1.592839,675000
1963-12-04,6.523333,6.523333,6.440000,6.440000,1.571689,630000
1963-12-05,6.460000,6.526667,6.460000,6.500000,1.586332,547500
1963-12-06,6.500000,6.543333,6.446667,6.460000,1.576570,435000
1963-12-09,6.460000,6.466667,6.400000,6.453333,1.574943,615000
1963-12-10,6.440000,6.440000,6.400000,6.413333,1.565180,300000
1963-12-11,6.413333,6.440000,6.400000,6.400000,1.561926,247500
1963-12-12,6.400000,6.420000,6.336667,6.336667,1.546470,240000
1963-12-13,6.336667,6.366667,6.313333,6.336667,1.546470,345000
1963-12-16,6.340000,6.403333,6.340000,6.346667,1.548910,247500
1963-12-17,6.366667,6.446667,6.366667,6.446667,1.573316,450000
1963-12-18,6.446667,6.546667,6.446667,6.446667,1.573316,622500
1963-12-19,6.446667,6.493333,6.426667,6.440000,1.571689,480000
1963-12-20,6.440000,6.460000,6.380000,6.446667,1.573316,450000
1963-12-23,6.446667,6.486667,6.430000,6.440000,1.571689,600000
1963-12-24,6.446667,6.500000,6.446667,6.460000,1.576570,472500
1963-12-26,6.480000,6.553333,6.480000,6.540000,1.596094,517500
1963-12-27,6.580000,6.636667,6.580000,6.580000,1.605856,1080000
1963-12-30,6.606667,6.670000,6.606667,6.653333,1.623753,1717500
1963-12-31,6.673333,6.793333,6.673333,6.760000,1.649785,1740000
1964-01-02,6.800000,6.920000,6.800000,6.893333,1.682325,1222500
1964-01-03,6.893333,6.946667,6.800000,6.800000,1.659547,1050000
1964-01-06,6.816667,6.913333,6.816667,6.820000,1.664428,705000
1964-01-07,6.820000,6.886667,6.766667,6.773333,1.653039,592500
1964-01-08,6.773333,6.880000,6.773333,6.840000,1.669308,682500
1964-01-09,6.853333,7.053333,6.853333,7.046667,1.719746,1237500
1964-01-10,7.046667,7.120000,7.046667,7.106667,1.734387,1125000
1964-01-13,7.106667,7.226667,7.066667,7.146667,1.744151,1230000
1964-01-14,7.146667,7.226667,7.133333,7.133333,1.740897,1035000
1964-01-15,7.246667,7.480000,7.246667,7.480000,1.825503,1560000
1964-01-16,7.480000,7.560000,7.293333,7.333333,1.789707,1935000
1964-01-17,7.333333,7.466667,7.320000,7.373333,1.799469,1260000
1964-01-20,7.373333,7.520000,7.360000,7.360000,1.796216,1252500
1964-01-21,7.360000,7.426667,7.226667,7.226667,1.763675,2175000
1964-01-22,7.253333,7.346667,7.253333,7.293333,1.779945,952500
1964-01-23,7.300000,7.360000,7.300000,7.326667,1.788080,720000
1964-01-24,7.326667,7.340000,7.266667,7.280000,1.776692,570000
1964-01-27,7.280000,7.326667,7.140000,7.200000,1.757167,570000
1964-01-28,7.186667,7.186667,7.113333,7.120000,1.737643,555000
1964-01-29,7.106667,7.106667,6.986667,6.986667,1.705104,817500
1964-01-30,7.026667,7.106667,7.026667,7.053333,1.721372,480000
1964-01-31,7.080000,7.226667,7.080000,7.226667,1.763675,645000
1964-02-03,7.226667,7.286667,7.180000,7.213333,1.760421,622500
1964-02-04,7.196667,7.196667,7.146667,7.193333,1.755945,345000
1964-02-05,7.193333,7.206667,7.146667,7.146667,1.744555,442500
1964-02-06,7.146667,7.193333,7.120000,7.146667,1.744555,607500
1964-02-07,7.160000,7.186667,7.160000,7.160000,1.747808,765000
1964-02-10,7.173333,7.233333,7.173333,7.200000,1.757573,630000
1964-02-11,7.213333,7.260000,7.213333,7.226667,1.764082,562500
1964-02-12,7.226667,7.280000,7.213333,7.280000,1.777102,435000
1964-02-13,7.300000,7.386667,7.300000,7.386667,1.803140,847500
1964-02-14,7.386667,7.426667,7.373333,7.406667,1.808022,607500
1964-02-17,7.406667,7.453333,7.373333,7.373333,1.799884,697500
1964-02-18,7.373333,7.413333,7.326667,7.386667,1.803140,615000
1964-02-19,7.386667,7.420000,7.386667,7.386667,1.803140,225000
1964-02-20,7.386667,7.413333,7.360000,7.406667,1.808022,292500
1964-02-24,7.423333,7.456667,7.423333,7.423333,1.812091,450000
1964-02-25,7.446667,7.626667,7.446667,7.600000,1.855217,1027500
1964-02-26,7.613333,7.680000,7.613333,7.673333,1.873116,945000
1964-02-27,7.673333,7.686667,7.540000,7.553333,1.843825,607500
1964-02-28,7.553333,7.626667,7.506667,7.586667,1.851963,652500
1964-03-02,7.586667,7.620000,7.526667,7.526667,1.837315,405000
1964-03-03,7.526667,7.576667,7.500000,7.520000,1.835688,382500
1964-03-04,7.520000,7.540000,7.413333,7.440000,1.816159,517500
1964-03-05,7.440000,7.520000,7.426667,7.500000,1.830806,375000
1964-03-06,7.533333,7.586667,7.533333,7.573333,1.848706,555000
1964-03-09,7.573333,7.613333,7.566667,7.573333,1.848706,667500
1964-03-10,7.573333,7.600000,7.533333,7.580000,1.850334,315000
1964-03-11,7.613333,7.713333,7.613333,7.670000,1.872303,607500
1964-03-12,7.720000,7.800000,7.720000,7.800000,1.904039,667500
1964-03-13,7.840000,7.893333,7.840000,7.846667,1.915428,1320000
1964-03-16,7.833333,7.833333,7.760000,7.793333,1.902412,360000
1964-03-17,7.793333,7.800000,7.766667,7.780000,1.899157,487500
1964-03-18,7.780000,7.806667,7.693333,7.730000,1.886949,502500
1964-03-19,7.730000,7.733333,7.686667,7.696667,1.878812,495000
1964-03-20,7.696667,7.703333,7.646667,7.660000,1.869862,675000
1964-03-23,7.660000,7.746667,7.626667,7.733333,1.887764,472500
1964-03-24,7.746667,7.813333,7.746667,7.760000,1.894274,420000
1964-03-25,7.773333,7.830000,7.773333,7.820000,1.908920,472500
1964-03-26,7.820000,7.860000,7.795000,7.846667,1.915428,420000
1964-03-30,7.846667,7.903333,7.846667,7.853333,1.917057,637500
1964-03-31,7.860000,7.926667,7.860000,7.923333,1.934145,1042500
1964-04-01,7.933333,7.966667,7.933333,7.936667,1.937399,720000
1964-04-02,7.946667,7.993333,7.946667,7.973333,1.946352,570000
1964-04-03,7.973333,8.000000,7.960000,7.980000,1.947978,922500
1964-04-06,7.980000,8.010000,7.960000,7.960000,1.943095,735000
1964-04-07,7.960000,8.020000,7.840000,7.843333,1.914616,1102500
1964-04-08,7.843333,7.860000,7.786667,7.793333,1.902412,675000
1964-04-09,7.803333,7.860000,7.803333,7.803333,1.904851,345000
1964-04-10,7.823333,7.973333,7.823333,7.956667,1.942281,1320000
1964-04-13,7.956667,7.993333,7.870000,7.870000,1.921126,645000
1964-04-14,7.870000,7.906667,7.803333,7.813333,1.907292,352500
1964-04-15,7.813333,7.840000,7.786667,7.786667,1.900783,397500
1964-04-16,7.786667,7.793333,7.750000,7.763333,1.895088,472500
1964-04-17,7.773333,7.846667,7.773333,7.806667,1.905667,397500
1964-04-20,7.806667,7.840000,7.760000,7.760000,1.894274,285000
1964-04-21,7.763333,7.866667,7.763333,7.866667,1.920311,435000
1964-04-22,7.866667,7.920000,7.846667,7.920000,1.933330,420000
1964-04-23,7.920000,7.946667,7.786667,7.786667,1.900783,525000
1964-04-24,7.786667,7.826667,7.723333,7.773333,1.897528,540000
1964-04-27,7.773333,7.796667,7.740000,7.746667,1.891020,502500
1964-04-28,7.746667,7.840000,7.746667,7.780000,1.899157,480000
1964-04-29,7.780000,7.826667,7.686667,7.686667,1.876372,630000
1964-04-30,7.686667,7.706667,7.603333,7.603333,1.856029,382500
1964-05-01,7.613333,7.726667,7.613333,7.726667,1.886136,405000
1964-05-04,7.746667,7.813333,7.746667,7.786667,1.900783,367500
1964-05-05,7.786667,7.813333,7.760000,7.796667,1.903225,255000
1964-05-06,7.796667,7.850000,7.786667,7.786667,1.900783,247500
1964-05-07,7.786667,7.846667,7.776667,7.776667,1.898343,292500
1964-05-08,7.776667,7.813333,7.773333,7.793333,1.902412,285000
1964-05-11,7.793333,7.823333,7.780000,7.786667,1.900783,367500
1964-05-12,7.793333,7.826667,7.793333,7.820000,1.908920,225000
1964-05-13,7.820000,7.876667,7.820000,7.830000,1.911360,487500
1964-05-14,7.820000,7.820000,7.773333,7.793333,1.902412,300000
1964-05-15,7.793333,7.850000,7.783333,7.833333,1.912174,232500
1964-05-18,7.925000,7.925000,7.800000,7.883333,1.924379,558000
1964-05-19,7.883333,7.983333,7.883333,7.966667,1.944722,696000
1964-05-20,7.983333,8.087500,7.983333,8.087500,1.974219,1320000
1964-05-21,8.100000,8.166667,8.100000,8.150000,1.989476,1104000
1964-05-22,8.166667,8.233333,8.166667,8.183333,1.997612,936000
1964-05-25,8.183333,8.200000,8.050000,8.058333,1.967599,546000
1964-05-26,8.058333,8.083333,7.993750,8.033333,1.961496,810000
1964-05-27,8.033333,8.033333,7.933333,7.941667,1.939114,690000
1964-05-28,7.950000,8.000000,7.950000,8.000000,1.953358,444000
1964-06-01,8.000000,8.033333,7.887500,7.887500,1.925887,444000
1964-06-02,7.900000,7.966667,7.900000,7.925000,1.935044,438000
1964-06-03,7.925000,7.941667,7.833333,7.833333,1.912661,534000
1964-06-04,7.833333,7.858333,7.695833,7.695833,1.879089,612000
1964-06-05,7.695833,7.783333,7.683333,7.733333,1.888246,552000
1964-06-08,7.733333,7.783333,7.683333,7.683333,1.876036,252000
1964-06-09,7.691667,7.833333,7.691667,7.833333,1.912661,630000
1964-06-10,7.833333,7.883333,7.783333,7.783333,1.900454,378000
1964-06-11,7.783333,7.850000,7.775000,7.816667,1.908593,384000
1964-06-12,7.833333,7.883333,7.833333,7.875000,1.922835,270000
1964-06-15,7.891667,7.950000,7.891667,7.933333,1.937078,282000
1964-06-16,7.966667,7.995833,7.966667,7.987500,1.950305,312000
1964-06-17,7.995833,8.041667,7.995833,8.033333,1.961496,750000
1964-06-18,8.033333,8.045833,7.958333,7.958333,1.943182,444000
1964-06-19,7.958333,7.995833,7.941667,7.991667,1.951323,222000
1964-06-22,7.991667,8.016667,7.975000,8.012500,1.956408,276000
1964-06-23,8.012500,8.016667,7.958333,7.979167,1.948269,222000
1964-06-24,7.979167,8.025000,7.958333,8.020833,1.958442,336000
1964-06-25,8.020833,8.058333,8.012500,8.016667,1.957426,468000
1964-06-26,8.016667,8.033333,7.966667,7.966667,1.945216,276000
1964-06-29,7.966667,8.000000,7.954167,7.954167,1.942166,276000
1964-06-30,7.954167,7.983333,7.950000,7.950000,1.941149,294000
1964-07-01,7.979167,8.033333,7.979167,8.016667,1.957426,372000
1964-07-02,8.037500,8.083333,8.037500,8.066667,1.969635,528000
1964-07-06,8.066667,8.154167,8.066667,8.133333,1.985913,402000
1964-07-07,8.154167,8.200000,8.154167,8.183333,1.998122,546000
1964-07-08,8.183333,8.200000,8.145833,8.150000,1.989982,306000
1964-07-09,8.150000,8.183333,8.129167,8.129167,1.984895,270000
1964-07-10,8.129167,8.158333,8.041667,8.041667,1.963530,498000
1964-07-13,8.041667,8.045833,8.000000,8.025000,1.959463,528000
1964-07-14,8.025000,8.066667,7.841667,7.866667,1.920799,1260000
1964-07-15,7.875000,7.954167,7.875000,7.950000,1.941149,438000
1964-07-16,7.958333,7.991667,7.958333,7.983333,1.949287,360000
1964-07-17,7.983333,8.004167,7.975000,7.983333,1.949287,216000
1964-07-20,7.983333,7.983333,7.900000,7.900000,1.928942,270000
1964-07-21,7.900000,7.941667,7.858333,7.870833,1.921817,438000
1964-07-22,7.870833,7.891667,7.833333,7.858333,1.918766,300000
1964-07-23,7.858333,7.858333,7.816667,7.833333,1.912661,192000
1964-07-24,7.808333,7.808333,7.729167,7.729167,1.887228,510000
1964-07-27,7.729167,7.741667,7.683333,7.691667,1.878071,618000
1964-07-28,7.691667,7.704167,7.666667,7.675000,1.874002,474000
1964-07-29,7.683333,7.743750,7.683333,7.743750,1.890787,300000
1964-07-30,7.743750,7.750000,7.691667,7.691667,1.878071,216000
1964-07-31,7.691667,7.712500,7.683333,7.700000,1.880106,264000
1964-08-03,7.700000,7.700000,7.662500,7.662500,1.870949,204000
1964-08-04,7.600000,7.600000,7.404167,7.404167,1.808364,1134000
1964-08-05,7.404167,7.525000,7.366667,7.516667,1.835840,1206000
1964-08-06,7.516667,7.533333,7.404167,7.412500,1.810399,552000
1964-08-07,7.470833,7.516667,7.470833,7.483333,1.827699,474000
1964-08-10,7.483333,7.491667,7.470833,7.483333,1.827699,324000
1964-08-11,7.483333,7.508333,7.425000,7.425000,1.813452,600000
1964-08-12,7.425000,7.508333,7.408333,7.475000,1.825664,516000
1964-08-13,7.483333,7.541667,7.483333,7.541667,1.841947,420000
1964-08-14,7.541667,7.558333,7.450000,7.450000,1.819558,366000
1964-08-17,7.458333,7.500000,7.458333,7.458333,1.821593,288000
1964-08-18,7.458333,7.462500,7.450000,7.462500,1.822609,180000
1964-08-19,7.462500,7.462500,7.387500,7.391667,1.805310,372000
1964-08-20,7.379167,7.379167,7.183333,7.233333,1.766640,1044000
1964-08-21,7.241667,7.329167,7.241667,7.316667,1.786994,618000
1964-08-24,7.316667,7.329167,7.250000,7.252083,1.771219,306000
1964-08-25,7.252083,7.252083,7.116667,7.141667,1.744252,672000
1964-08-26,7.141667,7.183333,7.091667,7.129167,1.741199,732000
1964-08-27,7.137500,7.179167,7.137500,7.166667,1.750357,600000
1964-08-28,7.212500,7.295833,7.212500,7.295833,1.781905,426000
1964-08-31,7.295833,7.358333,7.275000,7.341667,1.793099,546000
1964-09-01,7.341667,7.375000,7.316667,7.350000,1.795134,408000
1964-09-02,7.350000,7.391667,7.329167,7.366667,1.799205,258000
1964-09-03,7.366667,7.408333,7.366667,7.404167,1.808364,510000
1964-09-04,7.404167,7.433333,7.379167,7.402083,1.807856,354000
1964-09-08,7.402083,7.429167,7.333333,7.337500,1.792082,324000
1964-09-09,7.337500,7.362500,7.250000,7.254167,1.771728,450000
1964-09-10,7.166667,7.166667,7.083333,7.102083,1.734584,1572000
1964-09-11,7.102083,7.154167,7.083333,7.087500,1.731022,804000
1964-09-14,7.087500,7.112500,6.866667,6.866667,1.677086,1032000
1964-09-15,6.887500,6.987500,6.887500,6.941667,1.695404,960000
1964-09-16,6.958333,7.110417,6.958333,7.110417,1.736620,696000
1964-09-17,7.150000,7.258333,7.150000,7.233333,1.766640,738000
1964-09-18,7.233333,7.262500,7.050000,7.091667,1.732039,774000
1964-09-21,7.108333,7.200000,7.108333,7.108333,1.736110,336000
1964-09-22,7.108333,7.175000,7.091667,7.091667,1.732039,426000
1964-09-23,7.091667,7.166667,7.091667,7.166667,1.750357,342000
1964-09-24,7.166667,7.216667,7.166667,7.200000,1.758499,282000
1964-09-25,7.233333,7.358333,7.233333,7.312500,1.785977,846000
1964-09-28,7.312500,7.312500,7.254167,7.254167,1.771728,270000
1964-09-29,7.258333,7.300000,7.258333,7.291667,1.780886,246000
1964-09-30,7.291667,7.304167,7.266667,7.275000,1.776817,210000
1964-10-01,7.275000,7.275000,7.241667,7.245833,1.769693,168000
1964-10-02,7.229167,7.229167,7.125000,7.216667,1.762569,378000
1964-10-05,7.216667,7.225000,7.166667,7.170833,1.751376,336000
1964-10-06,7.116667,7.116667,7.070833,7.083333,1.730004,312000
1964-10-07,7.083333,7.108333,7.058333,7.091667,1.732039,336000
1964-10-08,7.091667,7.145833,7.083333,7.141667,1.744252,324000
1964-10-09,7.154167,7.191667,7.154167,7.183333,1.754429,438000
1964-10-12,7.175000,7.175000,7.133333,7.133333,1.742216,198000
1964-10-13,7.116667,7.116667,7.016667,7.016667,1.713722,420000
1964-10-14,7.016667,7.066667,7.000000,7.033333,1.717793,378000
1964-10-15,7.033333,7.091667,7.000000,7.091667,1.732039,528000
1964-10-16,7.104167,7.183333,7.104167,7.183333,1.754429,420000
1964-10-19,7.183333,7.183333,7.116667,7.133333,1.742216,294000
1964-10-20,7.091667,7.091667,7.041667,7.070833,1.726952,516000
1964-10-21,7.070833,7.095833,7.058333,7.075000,1.727970,252000
1964-10-22,7.075000,7.079167,7.050000,7.050000,1.721863,354000
1964-10-23,7.050000,7.058333,7.016667,7.022917,1.715249,216000
1964-10-26,7.022917,7.033333,6.916667,6.916667,1.689299,426000
1964-10-27,6.918750,6.975000,6.918750,6.941667,1.695404,492000
1964-10-28,6.941667,6.983333,6.933333,6.983333,1.705580,276000
1964-10-29,6.983333,7.008333,6.966667,7.008333,1.711687,258000
1964-10-30,7.008333,7.050000,6.991667,7.000000,1.709652,300000
1964-11-02,6.995833,6.995833,6.950000,6.950000,1.697946,588000
1964-11-04,6.950000,6.995833,6.950000,6.950000,1.697946,366000
1964-11-05,6.954167,6.995833,6.954167,6.979167,1.705071,276000
1964-11-06,6.979167,7.008333,6.970833,6.975000,1.704052,426000
1964-11-09,6.975000,7.008333,6.970833,6.983333,1.706088,378000
1964-11-10,6.983333,7.000000,6.975000,6.983333,1.706088,270000
1964-11-11,6.983333,6.995833,6.970833,6.983333,1.706088,318000
1964-11-12,6.983333,7.008333,6.983333,6.991667,1.708125,420000
1964-11-13,6.991667,7.104167,6.991667,7.104167,1.735609,600000
1964-11-16,7.150000,7.200000,7.150000,7.200000,1.759022,438000
1964-11-17,7.200000,7.241667,7.166667,7.183333,1.754951,324000
1964-11-18,7.150000,7.150000,7.016667,7.016667,1.714232,444000
1964-11-19,7.016667,7.025000,6.966667,7.016667,1.714232,612000
1964-11-20,7.016667,7.133333,7.016667,7.095833,1.733574,270000
1964-11-23,7.095833,7.100000,7.033333,7.050000,1.722375,288000
1964-11-24,7.033333,7.033333,6.983333,6.983333,1.706088,528000
1964-11-25,6.983333,7.020833,6.950000,6.950000,1.697946,720000
1964-11-27,6.950000,6.966667,6.891667,6.941667,1.695909,726000
1964-11-30,6.941667,7.000000,6.875000,6.875000,1.679621,504000
1964-12-01,6.858333,6.858333,6.783333,6.791667,1.659264,852000
1964-12-02,6.791667,6.816667,6.785417,6.800000,1.661300,438000
1964-12-03,6.800000,6.912500,6.800000,6.875000,1.679621,456000
1964-12-04,6.908333,6.966667,6.908333,6.950000,1.697946,294000
1964-12-07,6.950000,6.966667,6.935417,6.941667,1.695909,330000
1964-12-08,6.941667,6.943750,6.800000,6.800000,1.661300,288000
1964-12-09,6.800000,6.883333,6.783333,6.785417,1.657736,534000
1964-12-10,6.804167,6.866667,6.804167,6.816667,1.665371,330000
1964-12-11,6.845833,6.925000,6.845833,6.887500,1.682675,438000
1964-12-14,6.887500,6.895833,6.850000,6.850000,1.673515,318000
1964-12-15,6.850000,6.879167,6.800000,6.843750,1.671988,222000
1964-12-16,6.843750,6.879167,6.833333,6.850000,1.673515,222000
1964-12-17,6.850000,6.912500,6.841667,6.883333,1.681657,258000
1964-12-18,6.895833,6.925000,6.895833,6.916667,1.689802,414000
1964-12-21,6.916667,6.937500,6.916667,6.916667,1.689802,390000
1964-12-22,6.916667,6.937500,6.900000,6.900000,1.685730,366000
1964-12-23,6.900000,6.904167,6.850000,6.850000,1.673515,300000
1964-12-24,6.858333,6.891667,6.858333,6.891667,1.683694,204000
1964-12-28,6.891667,6.900000,6.850000,6.879167,1.680639,306000
1964-12-29,6.879167,6.883333,6.835417,6.841667,1.671479,552000
1964-12-30,6.841667,6.875000,6.833333,6.854167,1.674533,396000
1964-12-31,6.854167,6.891667,6.825000,6.825000,1.667407,498000
1965-01-04,6.825000,6.841667,6.750000,6.752083,1.649592,510000
1965-01-05,6.752083,6.766667,6.733333,6.735417,1.645521,498000
1965-01-06,6.766667,6.858333,6.766667,6.812500,1.664353,972000
1965-01-07,6.841667,6.962500,6.841667,6.962500,1.700999,582000
1965-01-08,6.975000,7.083333,6.975000,7.083333,1.730519,732000
1965-01-11,7.083333,7.095833,7.016667,7.037500,1.719322,342000
1965-01-12,7.037500,7.058333,7.020833,7.054167,1.723394,450000
1965-01-13,7.054167,7.095833,7.050000,7.066667,1.726449,402000
1965-01-14,7.083333,7.137500,7.083333,7.133333,1.742735,966000
1965-01-15,7.150000,7.250000,7.150000,7.245833,1.770220,576000
1965-01-18,7.287500,7.337500,7.287500,7.337500,1.792615,840000
1965-01-19,7.337500,7.400000,7.287500,7.400000,1.807884,900000
1965-01-20,7.400000,7.412500,7.383333,7.395833,1.806867,522000
1965-01-21,7.383333,7.383333,7.333333,7.383333,1.803813,528000
1965-01-22,7.400000,7.445833,7.400000,7.445833,1.819081,456000
1965-01-25,7.433333,7.433333,7.395833,7.425000,1.813992,294000
1965-01-26,7.425000,7.470833,7.366667,7.387500,1.804831,516000
1965-01-27,7.400000,7.475000,7.400000,7.475000,1.826208,528000
1965-01-28,7.475000,7.487500,7.450000,7.483333,1.828243,324000
1965-01-29,7.483333,7.500000,7.458333,7.475000,1.826208,384000
1965-02-01,7.458333,7.458333,7.416667,7.425000,1.813992,522000
1965-02-02,7.425000,7.450000,7.383333,7.408333,1.810530,264000
1965-02-03,7.400000,7.400000,7.370833,7.370833,1.801365,210000
1965-02-04,7.395833,7.483333,7.395833,7.479167,1.827840,312000
1965-02-05,7.450000,7.450000,7.400000,7.425000,1.814603,252000
1965-02-08,7.366667,7.366667,7.316667,7.350000,1.796273,342000
1965-02-09,7.350000,7.441667,7.333333,7.441667,1.818676,354000
1965-02-10,7.441667,7.466667,7.283333,7.325000,1.790164,342000
1965-02-11,7.325000,7.383333,7.316667,7.333333,1.792200,348000
1965-02-12,7.333333,7.358333,7.316667,7.347917,1.795764,258000
1965-02-15,7.341667,7.341667,7.204167,7.216667,1.763687,420000
1965-02-16,7.216667,7.270833,7.150000,7.166667,1.751467,354000
1965-02-17,7.166667,7.208333,7.083333,7.208333,1.761652,774000
1965-02-18,7.208333,7.391667,7.208333,7.391667,1.806456,534000
1965-02-19,7.408333,7.487500,7.408333,7.458333,1.822749,696000
1965-02-23,7.462500,7.495833,7.462500,7.466667,1.824785,240000
1965-02-24,7.475000,7.512500,7.475000,7.491667,1.830895,672000
1965-02-25,7.491667,7.575000,7.483333,7.575000,1.851261,618000
1965-02-26,7.583333,7.618750,7.583333,7.595833,1.856353,456000
1965-03-01,7.595833,7.637500,7.583333,7.587500,1.854318,348000
1965-03-02,7.587500,7.600000,7.558333,7.600000,1.857371,300000
1965-03-03,7.591667,7.591667,7.516667,7.558333,1.847187,246000
1965-03-04,7.558333,7.558333,7.475000,7.479167,1.827840,384000
1965-03-05,7.479167,7.550000,7.466667,7.533333,1.841078,324000
1965-03-08,7.558333,7.591667,7.558333,7.570833,1.850242,318000
1965-03-09,7.583333,7.670833,7.583333,7.670833,1.874682,456000
1965-03-10,7.668750,7.668750,7.616667,7.616667,1.861444,270000
1965-03-11,7.641667,7.716667,7.641667,7.658333,1.871627,432000
1965-03-12,7.670833,7.762500,7.670833,7.741667,1.891994,342000
1965-03-15,7.741667,7.825000,7.725000,7.787500,1.903194,306000
1965-03-16,7.766667,7.766667,7.700000,7.733333,1.889957,306000
1965-03-17,7.733333,7.750000,7.691667,7.716667,1.885884,162000
1965-03-18,7.725000,7.787500,7.725000,7.741667,1.891994,216000
1965-03-19,7.725000,7.725000,7.708333,7.716667,1.885884,156000
1965-03-22,7.716667,7.725000,7.668750,7.725000,1.887921,252000
1965-03-23,7.716667,7.716667,7.683333,7.687500,1.878756,276000
1965-03-24,7.687500,7.700000,7.650000,7.650000,1.869591,330000
1965-03-25,7.650000,7.650000,7.566667,7.600000,1.857371,300000
1965-03-26,7.575000,7.575000,7.483333,7.483333,1.828859,696000
1965-03-29,7.516667,7.583333,7.516667,7.579167,1.852280,270000
1965-03-30,7.579167,7.591667,7.541667,7.579167,1.852280,294000
1965-03-31,7.579167,7.600000,7.566667,7.570833,1.850242,252000
1965-04-01,7.583333,7.616667,7.583333,7.595833,1.856353,204000
1965-04-02,7.600000,7.633333,7.600000,7.625000,1.863481,378000
1965-04-05,7.625000,7.666667,7.620833,7.658333,1.871627,342000
1965-04-06,7.633333,7.633333,7.600000,7.608333,1.859407,252000
1965-04-07,7.608333,7.641667,7.600000,7.600000,1.857371,276000
1965-04-08,7.616667,7.645833,7.616667,7.633333,1.865518,216000
1965-04-09,7.691667,7.833333,7.691667,7.833333,1.914396,522000
1965-04-12,7.825000,7.825000,7.770833,7.825000,1.912360,378000
1965-04-13,7.825000,7.900000,7.800000,7.866667,1.922541,342000
1965-04-14,7.866667,7.916667,7.808333,7.875000,1.924579,546000
1965-04-15,7.875000,7.900000,7.800000,7.866667,1.922541,342000
1965-04-19,7.908333,7.983333,7.908333,7.983333,1.951054,330000
1965-04-20,7.983333,8.000000,7.933333,7.975000,1.949018,552000
1965-04-21,7.966667,7.966667,7.916667,7.941667,1.940872,234000
1965-04-22,7.975000,8.002083,7.975000,7.991667,1.953092,216000
1965-04-23,7.991667,8.012500,7.983333,8.004167,1.956147,240000
1965-04-26,7.995833,7.995833,7.950000,7.983333,1.951054,228000
1965-04-27,7.983333,8.000000,7.975000,7.983333,1.951054,174000
1965-04-28,7.983333,7.983333,7.950000,7.983333,1.951054,156000
1965-04-29,7.991667,8.025000,7.991667,8.000000,1.955128,174000
1965-04-30,8.000000,8.083333,8.000000,8.083333,1.975494,324000
1965-05-03,8.066667,8.066667,8.025000,8.058333,1.969384,144000
1965-05-04,8.058333,8.083333,8.000000,8.075000,1.974070,210000
1965-05-05,8.075000,8.150000,8.066667,8.083333,1.976107,408000
1965-05-06,8.108333,8.166667,8.108333,8.166667,1.996478,414000
1965-05-07,8.166667,8.191667,8.083333,8.083333,1.976107,378000
1965-05-10,8.083333,8.120833,7.966667,7.983333,1.951659,294000
1965-05-11,7.983333,8.037500,7.933333,8.000000,1.955735,150000
1965-05-12,8.000000,8.081250,8.000000,8.081250,1.975597,240000
1965-05-13,8.081250,8.087500,8.058333,8.066667,1.972031,294000
1965-05-14,8.037500,8.037500,8.004167,8.025000,1.961845,102000
1965-05-17,8.025000,8.041667,7.866667,7.908333,1.933323,282000
1965-05-18,7.908333,7.941667,7.883333,7.933333,1.939436,330000
1965-05-19,7.966667,7.987500,7.966667,7.966667,1.947587,198000
1965-05-20,7.966667,7.979167,7.883333,7.883333,1.927213,216000
1965-05-21,7.879167,7.879167,7.812500,7.816667,1.910918,276000
1965-05-24,7.750000,7.750000,7.666667,7.666667,1.874246,438000
1965-05-25,7.700000,7.866667,7.700000,7.850000,1.919065,354000
1965-05-26,7.841667,7.841667,7.758333,7.783333,1.902766,378000
1965-05-27,7.783333,7.800000,7.741667,7.775000,1.900730,330000
1965-05-28,7.800000,7.966667,7.800000,7.966667,1.947587,282000
1965-06-01,7.933333,7.933333,7.800000,7.808333,1.908877,246000
1965-06-02,7.808333,7.916667,7.758333,7.916667,1.935362,468000
1965-06-03,7.916667,7.958333,7.816667,7.850000,1.919065,414000
1965-06-04,7.850000,7.933333,7.850000,7.908333,1.933323,366000
1965-06-07,7.908333,7.933333,7.833333,7.900000,1.931288,324000
1965-06-08,7.900000,7.920833,7.800000,7.808333,1.908877,48000
1965-06-09,7.808333,7.833333,7.641667,7.641667,1.868133,1146000
1965-06-10,7.641667,7.708333,7.550000,7.550000,1.845724,1314000
1965-06-11,7.566667,7.683333,7.566667,7.579167,1.852855,732000
1965-06-14,7.579167,7.675000,7.466667,7.533333,1.841649,780000
1965-06-15,7.533333,7.683333,7.458333,7.637500,1.867115,1254000
1965-06-16,7.637500,7.716667,7.616667,7.616667,1.862021,798000
1965-06-17,7.616667,7.725000,7.600000,7.712500,1.885450,432000
1965-06-18,7.712500,7.743750,7.675000,7.708333,1.884432,420000
1965-06-21,7.683333,7.683333,7.616667,7.675000,1.876283,498000
1965-06-22,7.675000,7.695833,7.641667,7.641667,1.868133,282000
1965-06-23,7.641667,7.733333,7.625000,7.625000,1.864060,312000
1965-06-24,7.625000,7.666667,7.566667,7.591667,1.855911,480000
1965-06-25,7.562500,7.562500,7.445833,7.445833,1.820258,1080000
1965-06-28,7.445833,7.483333,7.354167,7.375000,1.802941,744000
1965-06-29,7.375000,7.500000,7.291667,7.500000,1.833501,1584000
1965-06-30,7.537500,7.633333,7.537500,7.633333,1.866097,786000
1965-07-01,7.633333,7.683333,7.583333,7.683333,1.878320,516000
1965-07-02,7.683333,7.750000,7.616667,7.741667,1.892580,540000
1965-07-06,7.712500,7.712500,7.650000,7.679167,1.877301,294000
1965-07-07,7.666667,7.666667,7.616667,7.633333,1.866097,294000
1965-07-08,7.633333,7.783333,7.604167,7.783333,1.902766,474000
1965-07-09,7.783333,7.831250,7.758333,7.829167,1.913972,372000
1965-07-12,7.825000,7.825000,7.783333,7.783333,1.902766,192000
1965-07-13,7.770833,7.770833,7.716667,7.766667,1.898692,252000
1965-07-14,7.766667,7.850000,7.758333,7.837500,1.916009,468000
1965-07-15,7.850000,7.870833,7.850000,7.862500,1.922120,420000
1965-07-16,7.862500,7.908333,7.850000,7.908333,1.933323,348000
1965-07-19,7.908333,7.912500,7.883333,7.908333,1.933323,342000
1965-07-20,7.900000,7.900000,7.766667,7.768750,1.899202,456000
1965-07-21,7.768750,7.804167,7.716667,7.716667,1.886469,474000
1965-07-22,7.716667,7.754167,7.683333,7.683333,1.878320,282000
1965-07-23,7.683333,7.766667,7.670833,7.766667,1.898692,252000
1965-07-26,7.766667,7.775000,7.691667,7.762500,1.897674,228000
1965-07-27,7.762500,7.791667,7.700000,7.733333,1.890543,246000
1965-07-28,7.733333,7.858333,7.691667,7.858333,1.921102,462000
1965-07-29,7.858333,7.933333,7.858333,7.925000,1.937399,546000
1965-07-30,7.925000,7.983333,7.925000,7.983333,1.951659,480000
1965-08-02,7.983333,7.987500,7.937500,7.937500,1.940455,216000
1965-08-03,7.937500,8.000000,7.904167,7.997917,1.955842,492000
1965-08-04,8.000000,8.085417,8.000000,8.079167,1.975709,744000
1965-08-05,8.079167,8.087500,8.025000,8.025000,1.962463,276000
1965-08-06,8.025000,8.058333,7.966667,8.058333,1.970616,192000
1965-08-09,8.058333,8.087500,8.037500,8.066667,1.972652,294000
1965-08-10,8.066667,8.091667,8.029167,8.041667,1.966539,252000
1965-08-11,8.050000,8.083333,8.050000,8.066667,1.972652,126000
1965-08-12,8.066667,8.166667,8.050000,8.158333,1.995070,690000
1965-08-13,8.158333,8.220833,8.133333,8.208333,2.007296,480000
1965-08-16,8.208333,8.247917,8.202083,8.204167,2.006277,408000
1965-08-17,8.191667,8.191667,8.141667,8.179167,2.000165,240000
1965-08-18,8.187500,8.233333,8.187500,8.212500,2.008316,486000
1965-08-19,8.212500,8.233333,8.166667,8.166667,1.997107,678000
1965-08-20,8.166667,8.233333,8.125000,8.200000,2.005259,498000
1965-08-23,8.200000,8.266667,8.183333,8.250000,2.017486,522000
1965-08-24,8.270833,8.385417,8.270833,8.362500,2.044999,1188000
1965-08-25,8.362500,8.397917,8.316667,8.316667,2.033790,462000
1965-08-26,8.316667,8.379167,8.316667,8.320833,2.034808,342000
1965-08-27,8.341667,8.366667,8.341667,8.341667,2.039903,312000
1965-08-30,8.341667,8.350000,8.300000,8.337500,2.038884,228000
1965-08-31,8.337500,8.354167,8.316667,8.316667,2.033790,252000
1965-09-01,8.316667,8.333333,8.308333,8.333333,2.037866,138000
1965-09-02,8.337500,8.366667,8.337500,8.362500,2.044999,294000
1965-09-03,8.391667,8.414583,8.391667,8.400000,2.054168,348000
1965-09-07,8.400000,8.412500,8.370833,8.387500,2.051110,228000
1965-09-08,8.387500,8.395833,8.300000,8.366667,2.046016,378000
1965-09-09,8.366667,8.408333,8.362500,8.404167,2.055187,294000
1965-09-10,8.404167,8.433333,8.383333,8.395833,2.053149,336000
1965-09-13,8.433333,8.516667,8.433333,8.516667,2.082699,588000
1965-09-14,8.516667,8.579167,8.491667,8.491667,2.076585,498000
1965-09-15,8.491667,8.550000,8.475000,8.487500,2.075567,306000
1965-09-16,8.525000,8.556250,8.525000,8.533333,2.086774,420000
1965-09-17,8.533333,8.579167,8.466667,8.579167,2.097984,486000
1965-09-20,8.545833,8.545833,8.466667,8.533333,2.086774,312000
1965-09-21,8.533333,8.581250,8.533333,8.575000,2.096964,210000
1965-09-22,8.575000,8.616667,8.558333,8.608333,2.105115,426000
1965-09-23,8.608333,8.620833,8.591667,8.591667,2.101040,390000
1965-09-24,8.537500,8.537500,8.483333,8.533333,2.086774,426000
1965-09-27,8.558333,8.600000,8.558333,8.591667,2.101040,324000
1965-09-28,8.591667,8.616667,8.541667,8.550000,2.090851,270000
1965-09-29,8.550000,8.608333,8.491667,8.525000,2.084736,366000
1965-09-30,8.525000,8.541667,8.500000,8.541667,2.088812,246000
1965-10-01,8.512500,8.512500,8.387500,8.450000,2.066396,528000
1965-10-04,8.450000,8.491667,8.433333,8.487500,2.075567,294000
1965-10-05,8.500000,8.550000,8.500000,8.525000,2.084736,372000
1965-10-06,8.525000,8.558333,8.516667,8.558333,2.092888,216000
1965-10-07,8.558333,8.568750,8.516667,8.516667,2.082699,228000
1965-10-08,8.566667,8.600000,8.566667,8.583333,2.099001,360000
1965-10-11,8.608333,8.666667,8.608333,8.650000,2.115305,438000
1965-10-12,8.650000,8.654167,8.541667,8.579167,2.097984,396000
1965-10-13,8.579167,8.625000,8.550000,8.600000,2.103077,264000
1965-10-14,8.600000,8.616667,8.583333,8.583333,2.099001,216000
1965-10-15,8.587500,8.633333,8.587500,8.629167,2.110208,222000
1965-10-18,8.629167,8.695833,8.616667,8.675000,2.121418,552000
1965-10-19,8.683333,8.716667,8.683333,8.695833,2.126513,306000
1965-10-20,8.695833,8.791667,8.679167,8.791667,2.149948,456000
1965-10-21,8.791667,8.825000,8.775000,8.791667,2.149948,378000
1965-10-22,8.800000,8.875000,8.800000,8.816667,2.156062,534000
1965-10-25,8.808333,8.808333,8.775000,8.791667,2.149948,270000
1965-10-26,8.791667,8.816667,8.716667,8.733333,2.135683,354000
1965-10-27,8.758333,8.858333,8.758333,8.841667,2.162175,288000
1965-10-28,8.841667,8.875000,8.825000,8.858333,2.166251,264000
1965-10-29,8.858333,8.883333,8.833333,8.883333,2.172364,144000
1965-11-01,8.883333,8.883333,8.837500,8.883333,2.172974,264000
1965-11-03,8.891667,8.914583,8.891667,8.914583,2.180620,168000
1965-11-04,8.916667,8.966667,8.916667,8.958333,2.191321,372000
1965-11-05,8.958333,8.975000,8.933333,8.941667,2.187246,318000
1965-11-08,8.941667,8.975000,8.908333,8.975000,2.195400,228000
1965-11-09,8.950000,8.950000,8.875000,8.875000,2.170939,300000
1965-11-10,8.875000,8.908333,8.858333,8.887500,2.173996,174000
1965-11-11,8.887500,8.908333,8.875000,8.908333,2.179091,66000
1965-11-12,8.908333,8.975000,8.900000,8.966667,2.193360,276000
1965-11-15,8.975000,9.016667,8.975000,8.975000,2.195400,252000
1965-11-16,8.975000,9.045833,8.975000,9.045833,2.212724,204000
1965-11-17,9.066667,9.150000,9.066667,9.100000,2.225976,324000
1965-11-18,9.083333,9.083333,9.041667,9.041667,2.211707,234000
1965-11-19,9.041667,9.083333,9.016667,9.041667,2.211707,180000
1965-11-22,9.041667,9.233333,9.008333,9.008333,2.203553,120000
1965-11-23,9.008333,9.012500,8.925000,8.925000,2.183168,174000
1965-11-24,8.925000,8.975000,8.900000,8.925000,2.183168,102000
1965-11-26,8.925000,8.945833,8.920833,8.925000,2.183168,210000
1965-11-29,8.908333,8.908333,8.800000,8.800000,2.152592,258000
1965-11-30,8.800000,8.808333,8.700000,8.750000,2.140361,354000
1965-12-01,8.750000,8.795833,8.600000,8.600000,2.103669,426000
1965-12-02,8.512500,8.512500,8.358333,8.358333,2.044553,1116000
1965-12-03,8.358333,8.441667,8.237500,8.441667,2.064939,1908000
1965-12-06,8.441667,8.475000,8.300000,8.366667,2.046593,996000
1965-12-07,8.395833,8.516667,8.395833,8.475000,2.073091,390000
1965-12-08,8.508333,8.583333,8.508333,8.525000,2.085322,378000
1965-12-09,8.550000,8.600000,8.550000,8.595833,2.102651,318000
1965-12-10,8.625000,8.641667,8.625000,8.633333,2.111823,270000
1965-12-13,8.633333,8.650000,8.575000,8.608333,2.105706,420000
1965-12-14,8.608333,8.612500,8.433333,8.441667,2.064939,510000
1965-12-15,8.350000,8.350000,8.250000,8.250000,2.018055,1908000
1965-12-16,8.295833,8.366667,8.295833,8.316667,2.034363,684000
1965-12-17,8.316667,8.329167,8.287500,8.308333,2.032323,576000
1965-12-20,8.308333,8.362500,8.300000,8.362500,2.045573,336000
1965-12-21,8.362500,8.462500,8.358333,8.445833,2.065958,426000
1965-12-22,8.445833,8.558333,8.404167,8.429167,2.061881,528000
1965-12-23,8.391667,8.391667,8.316667,8.316667,2.034363,288000
1965-12-27,8.333333,8.408333,8.333333,8.333333,2.038440,348000
1965-12-28,8.333333,8.370833,8.283333,8.370833,2.047611,366000
1965-12-29,8.360417,8.360417,8.300000,8.300000,2.030285,306000
1965-12-30,8.300000,8.333333,8.300000,8.333333,2.038440,246000
1965-12-31,8.333333,8.333333,8.291667,8.316667,2.034363,198000
1966-01-03,8.291667,8.291667,8.204167,8.225000,2.011940,264000
1966-01-04,8.225000,8.283333,8.200000,8.200000,2.005824,402000
1966-01-05,8.216667,8.300000,8.216667,8.254167,2.019073,432000
1966-01-06,8.258333,8.316667,8.258333,8.300000,2.030285,306000
1966-01-07,8.300000,8.333333,8.258333,8.295833,2.029267,384000
1966-01-10,8.295833,8.312500,8.270833,8.270833,2.023151,258000
1966-01-11,8.291667,8.316667,8.291667,8.295833,2.029267,324000
1966-01-12,8.287500,8.287500,8.241667,8.258333,2.020093,438000
1966-01-13,8.287500,8.316667,8.287500,8.308333,2.032323,330000
1966-01-14,8.308333,8.333333,8.266667,8.266667,2.022130,546000
1966-01-17,8.266667,8.291667,8.187500,8.208333,2.007862,456000
1966-01-18,8.170833,8.170833,8.016667,8.058333,1.971170,588000
1966-01-19,8.050000,8.050000,7.866667,7.975000,1.950786,1392000
1966-01-20,7.975000,8.100000,7.950000,8.058333,1.971170,690000
1966-01-21,8.083333,8.208333,8.083333,8.183333,2.001748,786000
1966-01-24,8.200000,8.250000,8.200000,8.233333,2.013978,528000
1966-01-25,8.233333,8.558333,8.220833,8.475000,2.073091,1674000
1966-01-26,8.475000,8.516667,8.420833,8.433333,2.062899,1188000
1966-01-27,8.433333,8.466667,8.300000,8.375000,2.048630,756000
1966-01-28,8.368750,8.368750,8.233333,8.283333,2.026208,432000
1966-01-31,8.283333,8.300000,8.241667,8.266667,2.022130,498000
1966-02-01,8.266667,8.283333,8.200000,8.200000,2.005824,456000
1966-02-02,8.200000,8.208333,8.133333,8.166667,1.997671,486000
1966-02-03,8.216667,8.270833,8.216667,8.270833,2.023151,564000
1966-02-04,8.270833,8.300000,8.266667,8.291667,2.028247,540000
1966-02-07,8.291667,8.383333,8.291667,8.370833,2.047611,420000
1966-02-08,8.370833,8.475000,8.366667,8.468750,2.072182,660000
1966-02-09,8.516667,8.558333,8.516667,8.537500,2.089004,594000
1966-02-10,8.537500,8.633333,8.533333,8.616667,2.108377,516000
1966-02-11,8.633333,8.745833,8.633333,8.745833,2.139981,444000
1966-02-14,8.741667,8.741667,8.658333,8.658333,2.118571,234000
1966-02-15,8.658333,8.658333,8.516667,8.554167,2.093083,360000
1966-02-16,8.554167,8.658333,8.533333,8.637500,2.113474,342000
1966-02-17,8.637500,8.637500,8.566667,8.568750,2.096650,234000
1966-02-18,8.568750,8.575000,8.500000,8.541667,2.090024,294000
1966-02-21,8.541667,8.566667,8.450000,8.500000,2.079827,348000
1966-02-23,8.493750,8.493750,8.420833,8.450000,2.067595,432000
1966-02-24,8.450000,8.466667,8.408333,8.441667,2.065556,348000
1966-02-25,8.441667,8.550000,8.404167,8.533333,2.087986,354000
1966-02-28,8.533333,8.583333,8.504167,8.583333,2.100220,408000
1966-03-01,8.583333,8.608333,8.366667,8.416667,2.059438,390000
1966-03-02,8.408333,8.408333,8.304167,8.325000,2.037009,582000
1966-03-03,8.325000,8.416667,8.325000,8.387500,2.052303,576000
1966-03-04,8.387500,8.441667,8.387500,8.408333,2.057398,246000
1966-03-07,8.391667,8.391667,8.291667,8.291667,2.028854,402000
1966-03-08,8.291667,8.350000,8.241667,8.283333,2.026814,642000
1966-03-09,8.283333,8.441667,8.283333,8.441667,2.065556,516000
1966-03-10,8.441667,8.525000,8.391667,8.391667,2.053320,594000
1966-03-11,8.391667,8.408333,8.300000,8.333333,2.039049,534000
1966-03-14,8.333333,8.350000,8.316667,8.329167,2.038029,330000
1966-03-15,8.320833,8.320833,8.275000,8.308333,2.032931,354000
1966-03-16,8.308333,8.433333,8.304167,8.375000,2.049243,438000
1966-03-17,8.375000,8.391667,8.291667,8.333333,2.039049,306000
1966-03-18,8.333333,8.375000,8.300000,8.316667,2.034970,228000
1966-03-21,8.366667,8.483333,8.366667,8.483333,2.075750,348000
1966-03-22,8.500000,8.566667,8.500000,8.533333,2.087986,294000
1966-03-23,8.533333,8.541667,8.491667,8.533333,2.087986,216000
1966-03-24,8.541667,8.650000,8.541667,8.616667,2.108377,330000
1966-03-25,8.645833,8.750000,8.645833,8.750000,2.141000,474000
1966-03-28,8.750000,8.750000,8.666667,8.679167,2.123668,492000
1966-03-29,8.679167,8.725000,8.583333,8.650000,2.116531,246000
1966-03-30,8.575000,8.575000,8.500000,8.516667,2.083908,360000
1966-03-31,8.516667,8.616667,8.508333,8.600000,2.104297,264000
1966-04-01,8.600000,8.700000,8.566667,8.683333,2.124690,348000
1966-04-04,8.708333,8.775000,8.708333,8.733333,2.136922,312000
1966-04-05,8.733333,8.850000,8.716667,8.816667,2.157311,336000
1966-04-06,8.816667,8.850000,8.816667,8.850000,2.165469,300000
1966-04-07,8.908333,9.000000,8.908333,9.000000,2.202172,384000
1966-04-11,9.050000,9.168750,9.050000,9.168750,2.243462,486000
1966-04-12,9.168750,9.262500,8.983333,8.983333,2.198093,486000
1966-04-13,8.983333,9.066667,8.883333,9.041667,2.212368,348000
1966-04-14,9.083333,9.337500,9.083333,9.337500,2.284754,840000
1966-04-15,9.337500,9.366667,9.183333,9.216667,2.255187,432000
1966-04-18,9.187500,9.187500,9.083333,9.116667,2.230717,354000
1966-04-19,9.116667,9.216667,9.083333,9.083333,2.222562,312000
1966-04-20,9.108333,9.175000,9.108333,9.133333,2.234796,276000
1966-04-21,9.233333,9.283333,9.233333,9.250000,2.263345,294000
1966-04-22,9.250000,9.300000,9.191667,9.250000,2.263345,300000
1966-04-25,9.250000,9.291667,9.016667,9.016667,2.206250,288000
1966-04-26,9.108333,9.266667,9.108333,9.250000,2.263345,408000
1966-04-27,9.250000,9.366667,9.183333,9.350000,2.287813,330000
1966-04-28,9.329167,9.329167,9.200000,9.250000,2.263345,270000
1966-04-29,9.275000,9.325000,9.275000,9.291667,2.273537,234000
1966-05-02,9.291667,9.350000,9.291667,9.333333,2.283735,252000
1966-05-03,9.325000,9.325000,9.233333,9.287500,2.272520,216000
1966-05-04,9.250000,9.250000,9.125000,9.141667,2.236835,240000
1966-05-05,9.133333,9.133333,8.966667,8.966667,2.194017,288000
1966-05-06,8.900000,8.900000,8.666667,8.841667,2.163431,612000
1966-05-09,8.825000,8.825000,8.650000,8.670833,2.121629,492000
1966-05-10,8.670833,8.791667,8.666667,8.741667,2.138962,534000
1966-05-11,8.808333,8.908333,8.808333,8.854167,2.166487,510000
1966-05-12,8.850000,8.850000,8.733333,8.733333,2.136922,420000
1966-05-13,8.733333,8.733333,8.600000,8.650000,2.116531,612000
1966-05-16,8.650000,8.700000,8.633333,8.666667,2.120611,408000
1966-05-17,8.666667,8.691667,8.608333,8.608333,2.106335,426000
1966-05-18,8.850000,8.850000,8.725000,8.825000,2.159353,500000
1966-05-19,9.000000,9.125000,9.000000,9.053125,2.215171,888000
1966-05-20,9.025000,9.025000,8.925000,9.018750,2.206760,552000
1966-05-23,9.175000,9.300000,9.175000,9.200000,2.251110,864000
1966-05-24,9.256250,9.350000,9.256250,9.325000,2.282378,796000
1966-05-25,9.325000,9.325000,9.200000,9.275000,2.270139,652000
1966-05-26,9.275000,9.287500,9.237500,9.287500,2.273200,444000
1966-05-27,9.287500,9.293750,9.175000,9.275000,2.270139,516000
1966-05-31,9.250000,9.250000,8.993750,9.068750,2.219659,288000
1966-06-01,8.912500,8.912500,8.700000,8.875000,2.172235,824000
1966-06-02,8.875000,9.125000,8.675000,8.675000,2.123285,552000
1966-06-03,8.675000,8.675000,8.487500,8.587500,2.101867,688000
1966-06-06,8.550000,8.550000,8.412500,8.425000,2.062094,424000
1966-06-07,8.400000,8.400000,8.312500,8.350000,2.043737,572000
1966-06-08,8.350000,8.525000,8.337500,8.475000,2.074331,756000
1966-06-09,8.500000,8.725000,8.500000,8.725000,2.135523,832000
1966-06-10,8.725000,8.887500,8.725000,8.725000,2.135523,760000
1966-06-13,8.725000,8.775000,8.600000,8.625000,2.111047,572000
1966-06-14,8.625000,8.650000,8.512500,8.650000,2.117164,636000
1966-06-15,8.650000,8.725000,8.562500,8.562500,2.095748,540000
1966-06-16,8.562500,8.662500,8.562500,8.653125,2.117929,672000
1966-06-17,8.700000,8.925000,8.700000,8.925000,2.184473,944000
1966-06-20,8.962500,9.068750,8.962500,9.062500,2.218128,1000000
1966-06-21,9.075000,9.162500,9.075000,9.075000,2.221187,736000
1966-06-22,9.075000,9.118750,9.000000,9.050000,2.215069,500000
1966-06-23,9.050000,9.068750,8.900000,8.900000,2.178354,660000
1966-06-24,8.900000,8.950000,8.800000,8.875000,2.172235,416000
1966-06-27,8.875000,8.987500,8.756250,8.756250,2.143170,384000
1966-06-28,8.756250,8.825000,8.687500,8.787500,2.150818,400000
1966-06-29,8.781250,8.781250,8.700000,8.703125,2.130167,380000
1966-06-30,8.703125,8.828125,8.656250,8.762500,2.144701,512000
1966-07-01,8.806250,8.912500,8.806250,8.862500,2.169177,592000
1966-07-05,8.850000,8.850000,8.800000,8.850000,2.166117,180000
1966-07-06,8.850000,8.950000,8.800000,8.946875,2.189828,456000
1966-07-07,8.975000,9.037500,8.975000,9.025000,2.208949,560000
1966-07-08,9.018750,9.018750,8.925000,8.931250,2.186004,580000
1966-07-11,8.925000,8.925000,8.850000,8.900000,2.178354,240000
1966-07-12,8.900000,8.987500,8.875000,8.912500,2.181414,204000
1966-07-13,8.906250,8.906250,8.775000,8.775000,2.147759,324000
1966-07-14,8.781250,8.893750,8.781250,8.859375,2.168411,348000
1966-07-15,8.893750,9.000000,8.893750,8.950000,2.190593,192000
1966-07-18,8.950000,9.037500,8.950000,8.950000,2.190593,180000
1966-07-19,8.900000,8.900000,8.800000,8.812500,2.156937,208000
1966-07-20,8.800000,8.800000,8.737500,8.737500,2.138581,212000
1966-07-21,8.756250,8.875000,8.756250,8.871875,2.171471,232000
1966-07-22,8.871875,8.875000,8.800000,8.862500,2.169177,120000
1966-07-25,8.862500,8.875000,8.675000,8.687500,2.126343,216000
1966-07-26,8.687500,8.750000,8.600000,8.675000,2.123285,488000
1966-07-27,8.706250,8.787500,8.706250,8.706250,2.130932,244000
1966-07-28,8.706250,8.725000,8.600000,8.600000,2.104928,208000
1966-07-29,8.600000,8.625000,8.518750,8.518750,2.085041,248000
1966-08-01,8.518750,8.518750,8.303125,8.303125,2.032264,420000
1966-08-02,8.303125,8.343750,8.240625,8.312500,2.034558,564000
1966-08-03,8.312500,8.487500,8.306250,8.450000,2.068213,536000
1966-08-04,8.512500,8.612500,8.512500,8.600000,2.104928,392000
1966-08-05,8.600000,8.618750,8.568750,8.571875,2.098043,188000
1966-08-08,8.571875,8.575000,8.437500,8.575000,2.098808,292000
1966-08-09,8.562500,8.562500,8.475000,8.506250,2.082648,184000
1966-08-10,8.506250,8.506250,8.425000,8.450000,2.068877,184000
1966-08-11,8.450000,8.506250,8.450000,8.506250,2.082648,280000
1966-08-12,8.512500,8.768750,8.512500,8.737500,2.139268,432000
1966-08-15,8.737500,8.750000,8.700000,8.700000,2.130085,352000
1966-08-16,8.687500,8.687500,8.562500,8.587500,2.102541,272000
1966-08-17,8.587500,8.600000,8.462500,8.550000,2.093361,320000
1966-08-18,8.550000,8.575000,8.375000,8.387500,2.053574,348000
1966-08-19,8.387500,8.425000,8.312500,8.387500,2.053574,468000
1966-08-22,8.356250,8.356250,8.100000,8.225000,2.013787,600000
1966-08-23,8.225000,8.250000,8.106250,8.231250,2.015318,532000
1966-08-24,8.231250,8.250000,8.200000,8.200000,2.007667,464000
1966-08-25,8.200000,8.262500,8.106250,8.106250,1.984714,428000
1966-08-26,8.000000,8.000000,7.878125,7.878125,1.928859,680000
1966-08-29,7.787500,7.787500,7.675000,7.675000,1.879128,1048000
1966-08-30,7.675000,7.975000,7.656250,7.968750,1.951048,704000
1966-08-31,7.993750,8.150000,7.993750,8.012500,1.961759,748000
1966-09-01,8.012500,8.100000,8.000000,8.012500,1.961759,504000
1966-09-02,8.012500,8.012500,7.862500,8.000000,1.958699,612000
1966-09-06,8.000000,8.025000,7.925000,7.931250,1.941867,288000
1966-09-07,7.918750,7.918750,7.787500,7.875000,1.928095,536000
1966-09-08,7.862500,7.862500,7.662500,7.731250,1.892899,904000
1966-09-09,7.762500,7.962500,7.762500,7.875000,1.928095,480000
1966-09-12,7.875000,8.037500,7.875000,8.012500,1.961759,1240000
1966-09-13,8.012500,8.075000,7.875000,7.975000,1.952579,492000
1966-09-14,7.981250,8.125000,7.981250,8.087500,1.980123,436000
1966-09-15,8.100000,8.375000,8.100000,8.375000,2.050514,444000
1966-09-16,8.375000,8.462500,8.225000,8.237500,2.016848,516000
1966-09-19,8.237500,8.362500,8.175000,8.225000,2.013787,376000
1966-09-20,8.225000,8.250000,8.050000,8.050000,1.970942,324000
1966-09-21,8.025000,8.025000,7.881250,7.881250,1.929625,312000
1966-09-22,7.881250,7.987500,7.778125,7.978125,1.953344,704000
1966-09-23,7.978125,8.037500,7.931250,7.975000,1.952579,232000
1966-09-26,7.975000,8.162500,7.962500,8.162500,1.998487,192000
1966-09-27,8.162500,8.237500,8.150000,8.187500,2.004607,240000
1966-09-28,8.187500,8.200000,7.975000,7.975000,1.952579,248000
1966-09-29,7.962500,7.962500,7.825000,7.881250,1.929625,360000
1966-09-30,7.881250,7.962500,7.737500,7.937500,1.943399,604000
1966-10-03,7.937500,7.962500,7.762500,7.771875,1.902845,312000
1966-10-04,7.771875,7.887500,7.662500,7.737500,1.894430,868000
1966-10-05,7.750000,7.868750,7.750000,7.750000,1.897490,408000
1966-10-06,7.750000,7.800000,7.625000,7.631250,1.868415,716000
1966-10-07,7.559375,7.559375,7.300000,7.315625,1.791139,1364000
1966-10-10,7.315625,7.750000,7.237500,7.731250,1.892899,1264000
1966-10-11,7.731250,7.862500,7.625000,7.625000,1.866886,748000
1966-10-12,7.625000,7.887500,7.550000,7.825000,1.915855,572000
1966-10-13,7.825000,7.950000,7.787500,7.925000,1.940337,772000
1966-10-14,7.925000,7.950000,7.868750,7.900000,1.934216,332000
1966-10-17,7.900000,8.000000,7.881250,7.912500,1.937275,496000
1966-10-18,7.975000,8.125000,7.975000,8.125000,1.989305,500000
1966-10-19,8.125000,8.150000,7.925000,7.937500,1.943399,224000
1966-10-20,7.950000,8.118750,7.950000,7.962500,1.949518,420000
1966-10-21,7.962500,8.050000,7.950000,8.050000,1.970942,296000
1966-10-24,8.050000,8.112500,8.000000,8.050000,1.970942,296000
1966-10-25,8.100000,8.275000,8.100000,8.237500,2.016848,440000
1966-10-26,8.118750,8.275000,8.100000,8.237500,2.016848,440000
1966-10-27,8.237500,8.334375,8.212500,8.325000,2.038273,316000
1966-10-28,8.325000,8.371875,8.281250,8.371875,2.049748,348000
1966-10-31,8.368750,8.368750,8.150000,8.300000,2.032151,408000
1966-11-01,8.359375,8.500000,8.359375,8.500000,2.081117,468000
1966-11-02,8.537500,8.700000,8.537500,8.612500,2.108661,720000
1966-11-03,8.612500,8.675000,8.500000,8.600000,2.106276,796000
1966-11-04,8.600000,8.675000,8.512500,8.662500,2.121582,408000
1966-11-07,8.662500,8.800000,8.650000,8.725000,2.136890,772000
1966-11-09,8.725000,8.800000,8.725000,8.737500,2.139951,384000
1966-11-10,8.737500,8.862500,8.725000,8.812500,2.158318,488000
1966-11-11,8.806250,8.806250,8.762500,8.800000,2.155257,188000
1966-11-14,8.762500,8.762500,8.675000,8.737500,2.139951,296000
1966-11-15,8.737500,8.812500,8.712500,8.812500,2.158318,380000
1966-11-16,8.856250,9.000000,8.856250,8.962500,2.195056,576000
1966-11-17,8.962500,9.000000,8.862500,8.925000,2.185872,488000
1966-11-18,8.925000,8.925000,8.875000,8.875000,2.173627,324000
1966-11-21,8.837500,8.837500,8.625000,8.700000,2.130765,476000
1966-11-22,8.700000,8.700000,8.625000,8.700000,2.130765,372000
1966-11-23,8.743750,8.925000,8.743750,8.900000,2.179749,432000
1966-11-25,8.900000,9.162500,8.900000,9.156250,2.242509,616000
1966-11-28,9.162500,9.300000,9.162500,9.262500,2.268530,856000
1966-11-29,9.262500,9.375000,9.250000,9.325000,2.283839,464000
1966-11-30,9.325000,9.425000,9.293750,9.400000,2.302207,572000
1966-12-01,9.400000,9.431250,9.250000,9.253125,2.266235,752000
1966-12-02,9.253125,9.275000,9.137500,9.175000,2.247102,416000
1966-12-05,9.175000,9.306250,9.131250,9.306250,2.279246,308000
1966-12-06,9.343750,9.400000,9.343750,9.393750,2.300677,420000
1966-12-07,9.393750,9.562500,9.393750,9.537500,2.335883,544000
1966-12-08,9.537500,9.600000,9.500000,9.575000,2.345066,344000
1966-12-09,9.575000,9.587500,9.387500,9.412500,2.305269,308000
1966-12-12,9.412500,9.550000,9.375000,9.525000,2.332821,440000
1966-12-13,9.537500,9.650000,9.537500,9.556250,2.340474,428000
1966-12-14,9.556250,9.587500,9.475000,9.537500,2.335883,252000
1966-12-15,9.500000,9.500000,9.275000,9.325000,2.283839,324000
1966-12-16,9.306250,9.306250,9.212500,9.281250,2.273123,264000
1966-12-19,9.281250,9.293750,9.237500,9.250000,2.265469,252000
1966-12-20,9.250000,9.325000,9.150000,9.325000,2.283839,248000
1966-12-21,9.325000,9.400000,9.287500,9.300000,2.277716,328000
1966-12-22,9.300000,9.337500,9.237500,9.237500,2.262409,316000
1966-12-23,9.237500,9.240625,9.175000,9.187500,2.250163,232000
1966-12-27,9.175000,9.175000,9.075000,9.143750,2.239448,144000
1966-12-28,9.143750,9.275000,9.125000,9.175000,2.247102,268000
1966-12-29,9.175000,9.237500,9.125000,9.225000,2.259347,168000
1966-12-30,9.234375,9.325000,9.234375,9.287500,2.274656,220000
1967-01-03,9.287500,9.375000,9.225000,9.225000,2.259347,228000
1967-01-04,9.225000,9.237500,9.062500,9.125000,2.234856,508000
1967-01-05,9.125000,9.212500,9.125000,9.212500,2.256286,312000
1967-01-06,9.250000,9.462500,9.250000,9.450000,2.314452,504000
1967-01-09,9.475000,9.650000,9.475000,9.650000,2.363437,400000
1967-01-10,9.675000,9.812500,9.675000,9.725000,2.381806,756000
1967-01-11,9.725000,9.862500,9.600000,9.850000,2.412418,916000
1967-01-12,9.850000,9.912500,9.750000,9.800000,2.400173,692000
1967-01-13,9.800000,9.925000,9.712500,9.912500,2.427725,436000
1967-01-16,9.850000,9.850000,9.537500,9.612500,2.354251,596000
1967-01-17,9.612500,9.800000,9.600000,9.700000,2.375682,556000
1967-01-18,9.725000,9.800000,9.725000,9.775000,2.394051,612000
1967-01-19,9.775000,9.850000,9.712500,9.743750,2.386397,320000
1967-01-20,9.743750,9.750000,9.662500,9.750000,2.387928,300000
1967-01-23,9.781250,9.987500,9.781250,9.937500,2.433850,480000
1967-01-24,9.937500,10.000000,9.900000,9.987500,2.446095,576000
1967-01-25,9.987500,10.006250,9.900000,9.900000,2.424664,656000
1967-01-26,9.900000,9.993750,9.825000,9.925000,2.430788,396000
1967-01-27,9.925000,10.050000,9.887500,10.037500,2.458342,300000
1967-01-30,10.037500,10.112500,10.025000,10.112500,2.476708,500000
1967-01-31,10.112500,10.150000,9.950000,9.987500,2.446095,596000
1967-02-01,9.850000,9.850000,9.762500,9.825000,2.406296,416000
1967-02-02,9.875000,9.975000,9.875000,9.912500,2.427725,388000
1967-02-03,9.925000,10.000000,9.925000,9.975000,2.443034,292000
1967-02-06,9.975000,10.006250,9.950000,9.950000,2.437583,244000
1967-02-07,9.950000,10.000000,9.937500,9.950000,2.437583,88000
1967-02-08,10.000000,10.337500,10.000000,10.237500,2.508013,384000
1967-02-09,10.337500,10.425000,10.337500,10.350000,2.535575,320000
1967-02-10,10.350000,10.425000,10.350000,10.350000,2.535575,220000
1967-02-13,10.350000,10.496875,10.325000,10.496875,2.571557,220000
1967-02-14,10.496875,10.706250,10.475000,10.687500,2.618257,540000
1967-02-15,10.700000,10.881250,10.700000,10.825000,2.651942,328000
1967-02-16,10.825000,10.850000,10.625000,10.656250,2.610601,456000
1967-02-17,10.650000,10.650000,10.575000,10.615625,2.600648,284000
1967-02-20,10.587500,10.587500,10.437500,10.587500,2.593758,392000
1967-02-21,10.587500,10.650000,10.587500,10.600000,2.596823,340000
1967-02-23,10.600000,10.618750,10.500000,10.562500,2.587633,784000
1967-02-24,10.562500,10.725000,10.550000,10.625000,2.602947,256000
1967-02-27,10.587500,10.587500,10.400000,10.400000,2.547824,424000
1967-02-28,10.437500,10.750000,10.437500,10.750000,2.633569,384000
1967-03-01,10.812500,11.000000,10.812500,11.000000,2.694815,588000
1967-03-02,11.000000,11.125000,10.925000,11.031250,2.702470,396000
1967-03-03,11.025000,11.025000,10.825000,11.000000,2.694815,468000
1967-03-06,11.000000,11.250000,10.987500,11.000000,2.694815,424000
1967-03-07,11.000000,11.012500,10.912500,10.975000,2.688690,304000
1967-03-08,10.975000,10.993750,10.900000,10.918750,2.674909,220000
1967-03-09,10.918750,10.962500,10.800000,10.912500,2.673378,284000
1967-03-10,11.006250,11.112500,11.006250,11.006250,2.696346,312000
1967-03-13,11.006250,11.062500,10.981250,11.025000,2.700938,224000
1967-03-14,10.987500,10.987500,10.875000,10.875000,2.664191,228000
1967-03-15,10.875000,11.062500,10.875000,11.050000,2.707062,432000
1967-03-16,11.125000,11.253125,11.125000,11.250000,2.756059,352000
1967-03-17,11.250000,11.256250,11.162500,11.256250,2.757592,272000
1967-03-20,11.256250,11.268750,11.062500,11.100000,2.719312,232000
1967-03-21,11.112500,11.212500,11.112500,11.118750,2.723906,196000
1967-03-22,11.118750,11.118750,11.037500,11.112500,2.722376,312000
1967-03-23,11.212500,11.400000,11.212500,11.387500,2.789747,464000
1967-03-27,11.406250,11.525000,11.406250,11.525000,2.823433,276000
1967-03-28,11.525000,11.525000,11.450000,11.450000,2.805058,284000
1967-03-29,11.450000,11.475000,11.425000,11.425000,2.798934,232000
1967-03-30,11.425000,11.500000,11.425000,11.431250,2.800463,220000
1967-03-31,11.431250,11.493750,11.275000,11.275000,2.762185,332000
1967-04-03,11.187500,11.187500,11.000000,11.000000,2.694815,308000
1967-04-04,11.000000,11.112500,10.925000,11.025000,2.700938,336000
1967-04-05,11.031250,11.175000,11.031250,11.112500,2.722376,316000
1967-04-06,11.250000,11.412500,11.250000,11.337500,2.777496,324000
1967-04-07,11.337500,11.375000,11.162500,11.165625,2.735390,304000
1967-04-10,11.125000,11.125000,10.993750,11.018750,2.699407,384000
1967-04-11,11.050000,11.250000,11.050000,11.250000,2.756059,328000
1967-04-12,11.250000,11.325000,11.162500,11.162500,2.734622,252000
1967-04-13,11.300000,11.412500,11.300000,11.400000,2.792809,480000
1967-04-14,11.400000,11.475000,11.362500,11.462500,2.808120,520000
1967-04-17,11.462500,11.493750,11.450000,11.456250,2.806587,380000
1967-04-18,11.462500,11.512500,11.462500,11.506250,2.818836,496000
1967-04-19,11.600000,11.675000,11.600000,11.675000,2.860177,676000
1967-04-20,11.675000,11.725000,11.587500,11.718750,2.870896,380000
1967-04-21,11.718750,11.768750,11.700000,11.700000,2.866303,464000
1967-04-24,11.700000,11.937500,11.650000,11.831250,2.898455,700000
1967-04-25,11.831250,12.050000,11.825000,12.031250,2.947454,512000
1967-04-26,12.031250,12.087500,11.987500,11.987500,2.936734,392000
1967-04-27,11.987500,12.418750,11.975000,12.412500,3.040856,312000
1967-04-28,12.412500,12.475000,12.356250,12.412500,3.040856,364000
1967-05-01,12.125000,12.125000,11.925000,12.056250,2.954232,316000
1967-05-02,12.056250,12.100000,12.000000,12.068750,2.957297,404000
1967-05-03,12.068750,12.068750,12.012500,12.062500,2.955762,300000
1967-05-04,12.062500,12.068750,12.012500,12.050000,2.952702,280000
1967-05-05,12.031250,12.031250,11.975000,12.012500,2.943513,272000
1967-05-08,12.012500,12.043750,11.875000,11.881250,2.911352,384000
1967-05-09,11.881250,11.900000,11.500000,11.525000,2.824059,1020000
1967-05-10,11.525000,11.650000,11.450000,11.650000,2.854687,700000
1967-05-11,11.681250,11.837500,11.681250,11.681250,2.862345,460000
1967-05-12,11.687500,11.812500,11.687500,11.687500,2.863874,396000
1967-05-15,11.687500,11.700000,11.600000,11.600000,2.842435,284000
1967-05-16,11.606250,11.912500,11.606250,11.850000,2.903693,344000
1967-05-17,11.850000,11.925000,11.837500,11.875000,2.909820,276000
1967-05-18,11.875000,11.900000,11.787500,11.900000,2.915946,212000
1967-05-19,11.900000,11.900000,11.700000,11.800000,2.891441,288000
1967-05-22,11.800000,11.837500,11.700000,11.800000,2.891441,296000
1967-05-23,11.800000,11.850000,11.625000,11.625000,2.848560,448000
1967-05-24,11.850000,11.850000,11.625000,11.625000,2.848560,448000
1967-05-25,11.712500,11.850000,11.712500,11.825000,2.897569,288000
1967-05-26,11.825000,11.900000,11.700000,11.750000,2.879189,268000
1967-05-29,11.750000,11.750000,11.700000,11.750000,2.879189,188000
1967-05-31,11.687500,11.687500,11.587500,11.656250,2.856218,260000
1967-06-01,11.656250,11.925000,11.631250,11.900000,2.915946,432000
1967-06-02,11.900000,11.950000,11.725000,11.725000,2.873065,396000
1967-06-05,11.725000,11.725000,11.587500,11.637500,2.851622,584000
1967-06-06,11.762500,11.950000,11.762500,11.937500,2.925133,436000
1967-06-07,11.950000,12.087500,11.950000,12.006250,2.941979,428000
1967-06-08,12.006250,12.075000,12.000000,12.075000,2.958827,264000
1967-06-09,12.075000,12.150000,12.075000,12.150000,2.977204,352000
1967-06-12,12.175000,12.237500,12.175000,12.187500,2.986393,332000
1967-06-13,12.200000,12.287500,12.200000,12.287500,3.010896,424000
1967-06-14,12.287500,12.537500,12.181250,12.481250,3.058372,976000
1967-06-15,12.481250,12.537500,12.425000,12.475000,3.056843,616000
1967-06-16,12.475000,12.500000,12.462500,12.487500,3.059904,592000
1967-06-19,12.487500,12.500000,12.425000,12.450000,3.050717,372000
1967-06-20,12.450000,12.506250,12.450000,12.450000,3.050717,500000
1967-06-21,12.450000,12.481250,12.362500,12.412500,3.041531,316000
1967-06-22,12.412500,12.462500,12.387500,12.425000,3.044590,356000
1967-06-23,12.468750,12.550000,12.468750,12.550000,3.075220,372000
1967-06-26,12.700000,12.775000,12.700000,12.750000,3.124226,484000
1967-06-27,12.750000,12.775000,12.587500,12.587500,3.084409,392000
1967-06-28,12.587500,12.587500,12.450000,12.475000,3.056843,300000
1967-06-29,12.475000,12.487500,12.350000,12.487500,3.059904,360000
1967-06-30,12.487500,12.500000,12.375000,12.437500,3.047654,336000
1967-07-03,12.437500,12.500000,12.425000,12.475000,3.056843,320000
1967-07-05,12.500000,12.550000,12.500000,12.543750,3.073690,452000
1967-07-06,12.537500,12.537500,12.506250,12.531250,3.070626,436000
1967-07-07,12.531250,12.575000,12.506250,12.537500,3.072157,484000
1967-07-10,12.550000,12.675000,12.550000,12.587500,3.084409,432000
1967-07-11,12.587500,12.668750,12.587500,12.650000,3.099724,308000
1967-07-12,12.650000,12.668750,12.575000,12.575000,3.081346,260000
1967-07-13,12.575000,12.625000,12.562500,12.600000,3.087471,272000
1967-07-14,12.600000,12.621875,12.550000,12.568750,3.079814,296000
1967-07-17,12.568750,12.593750,12.562500,12.593750,3.085939,204000
1967-07-18,12.593750,12.643750,12.537500,12.562500,3.078281,268000
1967-07-19,12.562500,12.575000,12.375000,12.400000,3.038465,408000
1967-07-20,12.406250,12.487500,12.406250,12.450000,3.050717,260000
1967-07-21,12.450000,12.475000,12.400000,12.462500,3.053781,300000
1967-07-24,12.462500,12.462500,12.350000,12.387500,3.035403,252000
1967-07-25,12.387500,12.437500,12.256250,12.275000,3.007834,200000
1967-07-26,12.275000,12.500000,12.200000,12.481250,3.058372,316000
1967-07-27,12.481250,12.625000,12.475000,12.625000,3.093598,264000
1967-07-28,12.650000,12.687500,12.650000,12.662500,3.102787,244000
1967-07-31,12.675000,12.737500,12.675000,12.693750,3.110444,272000
1967-08-01,12.693750,12.862500,12.650000,12.862500,3.151794,364000
1967-08-02,12.850000,12.850000,12.700000,12.737500,3.121164,348000
1967-08-03,12.725000,12.725000,12.675000,12.700000,3.111975,240000
1967-08-04,12.700000,12.737500,12.650000,12.737500,3.121164,372000
1967-08-07,12.737500,12.737500,12.675000,12.731250,3.120306,132000
1967-08-08,12.731250,12.781250,12.700000,12.768750,3.129497,224000
1967-08-09,12.768750,12.800000,12.625000,12.625000,3.094265,180000
1967-08-10,12.625000,12.637500,12.387500,12.387500,3.036057,228000
1967-08-11,12.387500,12.400000,12.300000,12.300000,3.014611,272000
1967-08-14,12.300000,12.337500,12.212500,12.237500,2.999293,352000
1967-08-15,12.237500,12.250000,12.212500,12.250000,3.002355,244000
1967-08-16,12.250000,12.362500,12.250000,12.362500,3.029930,308000
1967-08-17,12.362500,12.412500,12.300000,12.300000,3.014611,292000
1967-08-18,12.312500,12.437500,12.312500,12.437500,3.048311,140000
1967-08-21,12.437500,12.462500,12.387500,12.450000,3.051377,232000
1967-08-22,12.450000,12.475000,12.337500,12.350000,3.026867,276000
1967-08-23,12.350000,12.400000,12.325000,12.400000,3.039121,176000
1967-08-24,12.400000,12.437500,12.287500,12.287500,3.011547,156000
1967-08-25,12.250000,12.250000,12.137500,12.143750,2.976317,276000
1967-08-28,12.143750,12.175000,12.131250,12.137500,2.974784,192000
1967-08-29,12.150000,12.287500,12.150000,12.275000,3.008483,248000
1967-08-30,12.287500,12.375000,12.287500,12.325000,3.020739,68000
1967-08-31,12.331250,12.493750,12.331250,12.493750,3.062098,316000
1967-09-01,12.493750,12.537500,12.462500,12.500000,3.063630,192000
1967-09-05,12.500000,12.550000,12.500000,12.550000,3.075884,316000
1967-09-06,12.550000,12.637500,12.512500,12.612500,3.091202,348000
1967-09-07,12.612500,12.628125,12.500000,12.568750,3.080479,328000
1967-09-08,12.568750,12.612500,12.475000,12.600000,3.088139,152000
1967-09-11,12.631250,12.825000,12.631250,12.825000,3.143283,316000
1967-09-12,12.825000,12.925000,12.775000,12.925000,3.167796,348000
1967-09-13,12.925000,13.050000,12.925000,12.925000,3.167796,476000
1967-09-14,12.925000,12.925000,12.775000,12.775000,3.131030,608000
1967-09-15,12.775000,12.862500,12.750000,12.775000,3.131030,96000
1967-09-18,12.825000,12.862500,12.825000,12.837500,3.146347,160000
1967-09-19,12.862500,12.975000,12.862500,12.937500,3.170858,224000
1967-09-20,12.937500,12.937500,12.812500,12.850000,3.149410,280000
1967-09-21,12.850000,13.525000,12.850000,13.512500,3.311784,688000
1967-09-22,13.512500,13.568750,13.387500,13.562500,3.324040,560000
1967-09-25,13.750000,13.937500,13.750000,13.825000,3.388373,552000
1967-09-26,13.825000,13.862500,13.587500,13.637500,3.342419,208000
1967-09-27,13.637500,13.787500,13.550000,13.693750,3.356205,528000
1967-09-28,13.725000,13.862500,13.725000,13.756250,3.371523,276000
1967-09-29,13.750000,13.750000,13.581250,13.706250,3.359270,404000
1967-10-02,13.700000,13.700000,13.562500,13.568750,3.325569,232000
1967-10-03,13.568750,13.756250,13.525000,13.725000,3.363864,316000
1967-10-04,13.725000,13.900000,13.725000,13.725000,3.363864,388000
1967-10-05,14.000000,14.250000,14.000000,14.200000,3.480283,284000
1967-10-06,14.000000,14.250000,14.000000,14.200000,3.480283,284000
1967-10-09,14.212500,14.287500,14.212500,14.287500,3.501729,192000
1967-10-10,14.287500,14.375000,14.150000,14.250000,3.492537,256000
1967-10-11,14.250000,14.550000,14.125000,14.500000,3.553809,444000
1967-10-12,14.500000,14.625000,14.450000,14.500000,3.553809,256000
1967-10-13,14.500000,14.650000,14.425000,14.650000,3.590573,232000
1967-10-16,14.650000,14.737500,14.575000,14.575000,3.572195,228000
1967-10-17,14.575000,14.600000,14.350000,14.400000,3.529299,448000
1967-10-18,14.425000,14.625000,14.425000,14.625000,3.584447,252000
1967-10-19,14.712500,14.912500,14.712500,14.787500,3.624273,264000
1967-10-20,14.812500,14.950000,14.812500,14.931250,3.659506,308000
1967-10-23,14.931250,14.937500,14.725000,14.762500,3.618146,464000
1967-10-24,14.762500,14.925000,14.731250,14.750000,3.615083,292000
1967-10-25,14.750000,14.800000,14.625000,14.725000,3.608954,372000
1967-10-26,14.725000,14.856250,14.700000,14.856250,3.641124,280000
1967-10-27,14.856250,14.996875,14.850000,14.937500,3.661037,240000
1967-10-30,14.937500,15.012500,14.912500,14.912500,3.654913,380000
1967-10-31,14.912500,14.950000,14.800000,14.837500,3.636529,256000
1967-11-01,14.725000,14.725000,14.550000,14.606250,3.579852,412000
1967-11-02,14.606250,14.637500,14.400000,14.562500,3.569128,540000
1967-11-03,14.562500,14.587500,14.475000,14.500000,3.560532,272000
1967-11-06,14.500000,14.525000,14.187500,14.525000,3.566672,476000
1967-11-08,14.525000,14.675000,14.400000,14.412500,3.539047,628000
1967-11-09,14.412500,14.512500,14.375000,14.487500,3.557463,412000
1967-11-10,14.575000,14.681250,14.575000,14.675000,3.603506,228000
1967-11-13,14.675000,14.787500,14.650000,14.750000,3.621923,304000
1967-11-14,14.750000,14.775000,14.575000,14.675000,3.603506,508000
1967-11-15,14.675000,14.875000,14.550000,14.875000,3.652615,652000
1967-11-16,14.875000,15.300000,14.875000,15.250000,3.744700,724000
1967-11-17,15.275000,15.512500,15.275000,15.400000,3.781532,544000
1967-11-20,15.268750,15.268750,15.000000,15.000000,3.683314,872000
1967-11-21,15.112500,15.475000,15.112500,15.450000,3.793811,608000
1967-11-22,15.450000,15.462500,15.262500,15.312500,3.760044,460000
1967-11-24,15.312500,15.375000,15.175000,15.350000,3.769255,484000
1967-11-27,15.350000,15.450000,15.312500,15.425000,3.787672,420000
1967-11-28,15.425000,15.450000,15.350000,15.350000,3.769255,316000
1967-11-29,15.350000,15.412500,15.300000,15.350000,3.769255,364000
1967-11-30,15.350000,15.393750,15.262500,15.300000,3.756975,260000
1967-12-01,15.300000,15.400000,15.250000,15.400000,3.781532,292000
1967-12-04,15.500000,15.750000,15.500000,15.750000,3.867480,544000
1967-12-05,15.750000,15.837500,15.600000,15.725000,3.861341,484000
1967-12-06,15.725000,15.825000,15.725000,15.818750,3.884357,284000
1967-12-07,15.925000,16.075001,15.925000,16.000000,3.928865,424000
1967-12-08,16.025000,16.200001,16.025000,16.112499,3.956488,380000
1967-12-11,16.112499,16.174999,16.049999,16.137501,3.962631,312000
1967-12-12,16.137501,16.174999,16.000000,16.025000,3.935001,184000
1967-12-13,16.025000,16.112499,16.000000,16.087500,3.950352,196000
1967-12-14,16.100000,16.200001,16.100000,16.200001,3.977976,280000
1967-12-15,16.150000,16.150000,15.900000,15.931250,3.911982,284000
1967-12-18,15.812500,15.812500,15.425000,15.450000,3.793811,400000
1967-12-19,15.450000,15.575000,15.350000,15.437500,3.790740,592000
1967-12-20,15.487500,15.650000,15.487500,15.625000,3.836782,420000
1967-12-21,15.625000,15.625000,15.500000,15.556250,3.819901,264000
1967-12-22,15.550000,15.550000,15.337500,15.337500,3.766185,244000
1967-12-26,15.337500,15.475000,15.337500,15.412500,3.784600,152000
1967-12-27,15.425000,15.662500,15.425000,15.625000,3.836782,200000
1967-12-28,15.625000,15.668750,15.500000,15.612500,3.833713,296000
1967-12-29,15.612500,15.693750,15.600000,15.675000,3.849059,276000
1968-01-02,15.675000,15.681250,15.337500,15.337500,3.766185,216000
1968-01-03,15.337500,15.400000,15.012500,15.150000,3.720143,612000
1968-01-04,15.043750,15.043750,14.718750,14.718750,3.614249,724000
1968-01-05,14.762500,14.987500,14.762500,14.825000,3.640340,792000
1968-01-08,14.850000,14.950000,14.850000,14.937500,3.667961,408000
1968-01-09,14.943750,15.075000,14.943750,14.962500,3.674103,560000
1968-01-10,14.981250,15.112500,14.981250,15.100000,3.707868,360000
1968-01-11,15.143750,15.350000,15.143750,15.225000,3.738560,396000
1968-01-12,15.300000,15.512500,15.300000,15.400000,3.781532,520000
1968-01-15,15.450000,15.650000,15.450000,15.575000,3.824504,484000
1968-01-16,15.575000,15.618750,15.400000,15.400000,3.781532,240000
1968-01-17,15.400000,15.412500,15.225000,15.400000,3.781532,488000
1968-01-18,15.475000,15.600000,15.475000,15.537500,3.815297,384000
1968-01-19,15.537500,15.600000,15.425000,15.525000,3.812228,292000
1968-01-22,15.475000,15.475000,15.150000,15.175000,3.726285,344000
1968-01-23,15.175000,15.650000,15.125000,15.575000,3.824504,604000
1968-01-24,15.575000,15.587500,15.350000,15.350000,3.769255,664000
1968-01-25,15.350000,15.462500,15.087500,15.425000,3.787672,724000
1968-01-26,15.450000,15.518750,15.450000,15.462500,3.796878,360000
1968-01-29,15.462500,15.500000,15.350000,15.362500,3.772325,320000
1968-01-30,15.312500,15.312500,15.150000,15.237500,3.741630,420000
1968-01-31,15.150000,15.150000,14.787500,14.862500,3.649546,472000
1968-02-01,14.862500,14.993750,14.850000,14.987500,3.680240,784000
1968-02-02,14.987500,15.050000,14.831250,14.900000,3.658756,564000
1968-02-05,14.862500,14.862500,14.725000,14.812500,3.645220,404000
1968-02-06,14.787500,14.787500,14.662500,14.675000,3.611383,456000
1968-02-07,14.712500,14.812500,14.712500,14.812500,3.645220,428000
1968-02-08,14.787500,14.787500,14.475000,14.475000,3.562167,724000
1968-02-09,14.387500,14.387500,14.212500,14.275000,3.512949,1212000
1968-02-13,14.275000,14.425000,14.250000,14.275000,3.512949,636000
1968-02-14,14.300000,14.650000,14.300000,14.625000,3.599076,1028000
1968-02-15,14.650000,14.812500,14.650000,14.650000,3.605231,664000
1968-02-16,14.475000,14.475000,14.312500,14.425000,3.549858,640000
1968-02-19,14.425000,14.700000,14.425000,14.628125,3.599849,308000
1968-02-20,14.650000,14.875000,14.650000,14.875000,3.660600,356000
1968-02-21,14.900000,15.000000,14.900000,14.975000,3.685211,544000
1968-02-23,14.931250,14.931250,14.687500,14.743750,3.628302,428000
1968-02-26,14.743750,14.762500,14.656250,14.687500,3.614457,288000
1968-02-27,14.687500,14.850000,14.637500,14.850000,3.654449,244000
1968-02-28,14.850000,14.912500,14.675000,14.750000,3.629841,524000
1968-02-29,14.650000,14.650000,14.450000,14.500000,3.568317,388000
1968-03-01,14.500000,14.500000,14.412500,14.425000,3.549858,360000
1968-03-04,14.343750,14.343750,14.000000,14.050000,3.457576,1028000
1968-03-05,14.050000,14.287500,14.025000,14.243750,3.505257,872000
1968-03-06,14.243750,14.750000,14.150000,14.687500,3.614457,1144000
1968-03-07,14.687500,14.750000,14.525000,14.625000,3.599076,476000
1968-03-08,14.550000,14.550000,14.400000,14.487500,3.565241,332000
1968-03-11,14.512500,14.843750,14.512500,14.825000,3.648298,592000
1968-03-12,14.825000,14.925000,14.650000,14.887500,3.663676,588000
1968-03-13,14.862500,14.862500,14.737500,14.762500,3.632917,264000
1968-03-14,14.653125,14.653125,14.325000,14.325000,3.525252,644000
1968-03-15,14.337500,14.825000,14.337500,14.728125,3.624455,884000
1968-03-18,14.768750,14.975000,14.768750,14.768750,3.634454,664000
1968-03-19,14.768750,14.800000,14.537500,14.537500,3.577545,424000
1968-03-20,14.600000,14.725000,14.600000,14.668750,3.609845,308000
1968-03-21,14.668750,14.712500,14.500000,14.500000,3.568317,348000
1968-03-22,14.500000,14.875000,14.481250,14.637500,3.602155,784000
1968-03-25,14.637500,14.725000,14.600000,14.687500,3.614457,212000
1968-03-26,14.750000,14.900000,14.750000,14.850000,3.654449,292000
1968-03-27,14.875000,14.993750,14.875000,14.950000,3.679058,380000
1968-03-28,14.950000,15.112500,14.950000,15.012500,3.694438,524000
1968-03-29,15.056250,15.325000,15.056250,15.312500,3.768263,796000
1968-04-01,15.637500,15.800000,15.637500,15.775000,3.882081,880000
1968-04-02,15.775000,15.937500,15.625000,15.875000,3.906693,1076000
1968-04-03,15.875000,16.200001,15.837500,15.975000,3.931301,1308000
1968-04-04,15.962500,15.962500,15.706250,15.937500,3.922073,868000
1968-04-05,15.937500,15.962500,15.700000,15.750000,3.875933,672000
1968-04-08,15.787500,16.075001,15.787500,16.049999,3.949756,560000
1968-04-10,16.049999,16.200001,16.025000,16.025000,3.943605,768000
1968-04-11,16.025000,16.237499,15.975000,16.225000,3.992824,692000
1968-04-15,16.225000,16.246876,16.137501,16.206249,3.988210,300000
1968-04-16,16.174999,16.174999,16.049999,16.125000,3.968216,324000
1968-04-17,16.112499,16.112499,16.049999,16.075001,3.955911,180000
1968-04-18,16.075001,16.100000,15.987500,16.000000,3.937453,272000
1968-04-19,16.000000,16.018749,15.912500,15.912500,3.915921,264000
1968-04-22,15.912500,15.975000,15.825000,15.900000,3.912846,316000
1968-04-23,16.375000,16.375000,16.000000,16.375000,4.029737,576000
1968-04-24,16.375000,16.575001,16.299999,16.325001,4.017435,588000
1968-04-25,16.325001,16.487499,16.299999,16.400000,4.035891,404000
1968-04-26,16.400000,16.549999,16.375000,16.475000,4.054348,244000
1968-04-29,16.475000,16.725000,16.475000,16.712500,4.112796,360000
1968-04-30,16.750000,16.937500,16.750000,16.937500,4.168165,464000
1968-05-01,16.975000,17.162500,16.975000,17.150000,4.220456,532000
1968-05-02,17.325001,17.537500,17.325001,17.400000,4.281981,616000
1968-05-03,17.400000,17.475000,17.174999,17.200001,4.240684,576000
1968-05-06,17.200001,17.262501,17.000000,17.150000,4.228354,588000
1968-05-07,17.150000,17.262501,17.131250,17.193750,4.239143,392000
1968-05-08,17.193750,17.193750,17.125000,17.174999,4.234519,292000
1968-05-09,17.174999,17.200001,17.025000,17.062500,4.206783,292000
1968-05-10,17.062500,17.150000,16.912500,16.943750,4.177509,376000
1968-05-13,16.924999,16.924999,16.725000,16.750000,4.129737,392000
1968-05-14,16.750000,16.837500,16.650000,16.775000,4.135899,204000
1968-05-15,16.762501,16.762501,16.650000,16.725000,4.123573,388000
1968-05-16,16.725000,16.750000,16.562500,16.562500,4.083507,296000
1968-05-17,16.412500,16.412500,16.125000,16.250000,4.006459,764000
1968-05-20,16.250000,16.337500,16.187500,16.243750,4.004921,388000
1968-05-21,16.243750,16.500000,16.206249,16.500000,4.068096,464000
1968-05-22,16.500000,16.725000,16.450001,16.450001,4.055770,652000
1968-05-23,16.412500,16.412500,16.275000,16.325001,4.024953,500000
1968-05-24,16.475000,16.475000,16.299999,16.475000,4.061934,456000
1968-05-27,16.500000,16.687500,16.500000,16.625000,4.098918,880000
1968-05-28,16.625000,16.775000,16.587500,16.775000,4.135899,914000
1968-05-29,16.850000,17.287500,16.850000,17.287500,4.262256,856000
1968-05-31,17.450001,17.850000,17.450001,17.850000,4.400940,930000
1968-06-03,18.450001,18.750000,18.450001,18.750000,4.622840,1096000
1968-06-04,18.750000,18.750000,18.400000,18.487499,4.558117,986000
1968-06-05,18.487499,18.525000,18.150000,18.250000,4.499563,602000
1968-06-06,18.299999,18.475000,18.299999,18.400000,4.536543,644000
1968-06-07,18.400000,18.525000,18.350000,18.500000,4.561200,478000
1968-06-10,18.500000,18.587500,18.225000,18.537500,4.570448,470000
1968-06-11,18.537500,18.587500,18.450001,18.500000,4.561200,390000
1968-06-13,18.500000,18.587500,17.937500,18.000000,4.437923,678000
1968-06-14,17.950001,17.950001,17.600000,17.787500,4.385534,910000
1968-06-17,17.900000,17.900000,17.250000,17.325001,4.271503,592000
1968-06-18,17.325001,17.500000,17.262501,17.337500,4.274586,684000
1968-06-20,17.575001,17.924999,17.575001,17.924999,4.419432,860000
1968-06-21,17.924999,17.987499,17.787500,17.912500,4.416350,538000
1968-06-24,17.900000,17.900000,17.400000,17.412500,4.293078,372000
1968-06-25,17.450001,17.850000,17.450001,17.725000,4.370123,518000
1968-06-27,17.812500,18.025000,17.812500,18.025000,4.444088,538000
1968-06-28,17.987499,17.987499,17.575001,17.687500,4.360878,298000
1968-07-01,17.687500,17.799999,17.412500,17.575001,4.333140,360000
1968-07-02,17.575001,17.600000,17.400000,17.600000,4.339307,540000
1968-07-03,17.600000,17.900000,17.549999,17.900000,4.413269,544000
1968-07-08,18.049999,18.250000,18.049999,18.250000,4.499563,676000
1968-07-09,18.237499,18.237499,18.075001,18.150000,4.474907,294000
1968-07-11,18.125000,18.125000,17.700001,17.900000,4.413269,674000
1968-07-12,17.900000,17.937500,17.600000,17.737499,4.373206,430000
1968-07-15,17.750000,18.025000,17.750000,17.850000,4.400940,374000
1968-07-16,17.825001,17.825001,17.600000,17.750000,4.376287,396000
1968-07-18,17.750000,17.900000,17.625000,17.900000,4.413269,426000
1968-07-19,17.650000,17.650000,17.250000,17.250000,4.253011,874000
1968-07-22,17.250000,17.337500,16.900000,17.100000,4.216029,700000
1968-07-23,17.100000,17.200001,16.950001,17.187500,4.237602,536000
1968-07-25,17.187500,17.299999,16.700001,16.775000,4.135899,616000
1968-07-26,16.775000,16.850000,16.600000,16.600000,4.092754,636000
1968-07-29,16.600000,16.600000,16.299999,16.575001,4.086589,866000
1968-07-30,16.575001,17.025000,16.575001,16.937500,4.175966,452000
1968-08-01,16.937500,17.200001,16.799999,16.893749,4.165177,750000
1968-08-02,16.825001,16.825001,16.500000,16.799999,4.150045,568000
1968-08-05,16.799999,16.825001,16.700001,16.775000,4.143870,438000
1968-08-06,16.775000,16.900000,16.762501,16.900000,4.174750,420000
1968-08-08,16.900000,17.049999,16.750000,16.799999,4.150045,624000
1968-08-09,16.775000,16.775000,16.575001,16.750000,4.137696,390000
1968-08-12,16.762501,16.975000,16.762501,16.937500,4.184014,498000
1968-08-13,16.937500,17.174999,16.937500,17.162500,4.239593,448000
1968-08-15,17.162500,17.237499,16.900000,16.950001,4.187102,486000
1968-08-16,16.950001,17.075001,16.825001,17.025000,4.205629,350000
1968-08-19,17.049999,17.250000,17.049999,17.250000,4.261209,292000
1968-08-20,17.237499,17.237499,17.049999,17.225000,4.255031,244000
1968-08-22,17.225000,17.325001,16.950001,17.174999,4.242681,324000
1968-08-23,17.174999,17.181250,16.775000,16.912500,4.177836,272000
1968-08-26,16.924999,17.025000,16.924999,17.000000,4.199450,320000
1968-08-27,17.000000,17.025000,16.775000,16.900000,4.174750,244000
1968-08-29,16.900000,16.924999,16.600000,16.900000,4.174750,392000
1968-08-30,16.875000,16.875000,16.674999,16.750000,4.137696,316000
1968-09-03,16.750000,16.825001,16.600000,16.825001,4.156224,216000
1968-09-04,16.850000,16.950001,16.850000,16.950001,4.187102,296000
1968-09-05,16.950001,17.075001,16.900000,16.987499,4.196364,248000
1968-09-06,16.987499,17.075001,16.900000,17.025000,4.205629,342000
1968-09-09,17.025000,17.049999,16.912500,16.924999,4.180926,218000
1968-09-10,16.900000,16.900000,16.750000,16.850000,4.162398,292000
1968-09-12,16.850000,16.900000,16.737499,16.850000,4.162398,470000
1968-09-13,16.862499,16.975000,16.862499,16.875000,4.168574,272000
1968-09-16,16.875000,16.875000,16.762501,16.799999,4.150045,316000
1968-09-17,16.799999,16.837500,16.762501,16.837500,4.159310,354000
1968-09-19,16.837500,16.875000,16.737499,16.787500,4.146958,358000
1968-09-20,16.700001,16.700001,16.512501,16.549999,4.088291,502000
1968-09-23,16.549999,16.850000,16.500000,16.850000,4.162398,614000
1968-09-24,16.850000,16.850000,16.712500,16.850000,4.162398,500000
1968-09-26,16.850000,16.850000,16.762501,16.787500,4.146958,494000
1968-09-27,16.775000,16.775000,16.575001,16.612499,4.103728,438000
1968-09-30,16.612499,16.750000,16.600000,16.750000,4.137696,282000
1968-10-01,16.525000,16.525000,16.262501,16.350000,4.038884,696000
1968-10-03,16.337500,16.337500,16.112499,16.225000,4.008006,890000
1968-10-04,16.250000,16.625000,16.250000,16.549999,4.088291,618000
1968-10-07,16.549999,16.612499,16.400000,16.512501,4.079027,380000
1968-10-08,16.512501,16.549999,16.400000,16.537500,4.085203,448000
1968-10-10,16.537500,16.650000,16.424999,16.475000,4.069764,684000
1968-10-11,16.387501,16.387501,16.100000,16.250000,4.014181,1544000
1968-10-14,16.250000,16.287500,15.950000,15.987500,3.949337,838000
1968-10-15,15.925000,15.925000,15.662500,15.750000,3.890671,1030000
1968-10-17,15.775000,15.950000,15.775000,15.950000,3.940075,1480000
1968-10-18,16.062500,16.350000,16.062500,16.350000,4.038884,936000
1968-10-21,16.350000,16.475000,16.299999,16.350000,4.038884,568000
1968-10-22,16.350000,16.350000,16.150000,16.200001,4.001831,500000
1968-10-24,16.174999,16.174999,15.850000,15.900000,3.927723,720000
1968-10-25,15.875000,15.875000,15.775000,15.837500,3.912284,776000
1968-10-28,15.837500,15.837500,15.400000,15.675000,3.872142,1802000
1968-10-29,15.675000,15.725000,15.450000,15.475000,3.822740,916000
1968-10-31,15.375000,15.375000,15.225000,15.350000,3.791861,2816000
1968-11-01,15.400000,15.487500,15.400000,15.450000,3.816561,1048000
1968-11-04,15.450000,15.850000,15.375000,15.750000,3.890671,982000
1968-11-06,15.750000,15.850000,15.462500,15.500000,3.828911,1326000
1968-11-07,15.500000,15.850000,15.500000,15.837500,3.912284,594000
1968-11-08,15.800000,15.800000,15.625000,15.775000,3.896843,562000
1968-11-12,15.850000,16.000000,15.850000,16.000000,3.952426,724000
1968-11-13,16.000000,16.200001,15.987500,16.200001,4.001831,544000
1968-11-14,16.200001,16.350000,16.162500,16.250000,4.014181,492000
1968-11-15,16.275000,16.362499,16.275000,16.350000,4.038884,432000
1968-11-18,16.350000,16.387501,16.075001,16.125000,3.983304,450000
1968-11-19,16.125000,16.250000,15.925000,16.250000,4.014181,488000
1968-11-21,16.250000,16.325001,16.150000,16.299999,4.026532,502000
1968-11-22,16.299999,16.393749,16.125000,16.387501,4.048150,572000
1968-11-25,16.387501,16.400000,16.312500,16.350000,4.038884,466000
1968-11-26,16.400000,16.549999,16.400000,16.487499,4.072851,826000
1968-11-27,16.512501,16.725000,16.512501,16.725000,4.131520,434000
1968-11-29,16.725000,16.737499,16.650000,16.687500,4.122259,446000
1968-12-02,16.687500,16.737499,16.424999,16.450001,4.063589,464000
1968-12-03,16.450001,16.512501,16.400000,16.500000,4.075935,494000
1968-12-05,16.500000,16.537500,16.375000,16.424999,4.057412,556000
1968-12-06,16.412500,16.412500,16.250000,16.299999,4.026532,344000
1968-12-09,16.299999,16.424999,16.162500,16.350000,4.038884,270000
1968-12-10,16.350000,16.450001,16.299999,16.400000,4.051232,260000
1968-12-12,16.375000,16.375000,15.900000,16.049999,3.964777,480000
1968-12-13,15.987500,15.987500,15.825000,15.825000,3.909199,458000
1968-12-16,15.825000,15.900000,15.762500,15.787500,3.899933,324000
1968-12-17,15.825000,15.987500,15.825000,15.975000,3.946250,466000
1968-12-19,15.987500,16.299999,15.987500,16.299999,4.026532,624000
1968-12-20,16.299999,16.475000,16.012501,16.100000,3.977126,372000
1968-12-23,16.093750,16.093750,15.825000,15.887500,3.924636,384000
1968-12-24,15.962500,16.100000,15.962500,16.049999,3.964777,316000
1968-12-26,16.049999,16.200001,15.950000,15.987500,3.949337,162000
1968-12-27,15.987500,16.075001,15.750000,15.950000,3.940075,440000
1968-12-30,15.900000,15.900000,15.500000,15.675000,3.872142,1544000
1968-12-31,15.700000,15.850000,15.700000,15.750000,3.890671,564000
1969-01-02,15.750000,15.762500,15.650000,15.687500,3.875231,256000
1969-01-03,15.600000,15.600000,15.462500,15.600000,3.853617,706000
1969-01-06,15.375000,15.375000,15.012500,15.125000,3.736277,1232000
1969-01-07,15.125000,15.175000,15.012500,15.175000,3.748626,724000
1969-01-08,15.212500,15.337500,15.212500,15.300000,3.779505,702000
1969-01-09,15.375000,15.550000,15.375000,15.500000,3.828911,664000
1969-01-10,15.500000,15.500000,15.200000,15.287500,3.776422,604000
1969-01-13,15.187500,15.187500,14.950000,15.000000,3.705400,1122000
1969-01-14,15.000000,15.425000,15.000000,15.425000,3.810386,706000
1969-01-15,15.425000,15.475000,15.350000,15.437500,3.813471,416000
1969-01-16,15.500000,15.637500,15.500000,15.637500,3.862878,408000
1969-01-17,15.637500,15.650000,15.262500,15.375000,3.798032,908000
1969-01-20,15.000000,15.000000,14.750000,15.000000,3.705400,1740000
1969-01-21,15.000000,15.150000,14.987500,15.150000,3.742454,580000
1969-01-22,15.150000,15.187500,15.000000,15.150000,3.742454,624000
1969-01-23,15.150000,15.150000,15.000000,15.025000,3.711576,488000
1969-01-24,15.025000,15.025000,14.925000,14.987500,3.702310,464000
1969-01-27,14.987500,15.000000,14.887500,14.987500,3.702310,520000
1969-01-28,14.987500,15.025000,14.912500,14.987500,3.702310,520000
1969-01-29,14.987500,15.000000,14.812500,14.812500,3.659082,600000
1969-01-30,14.812500,14.862500,14.762500,14.825000,3.662168,588000
1969-01-31,14.825000,14.875000,14.762500,14.812500,3.659082,624000
1969-02-03,14.812500,14.862500,14.737500,14.743750,3.642098,570000
1969-02-04,14.750000,14.850000,14.750000,14.812500,3.659082,448000
1969-02-05,14.812500,14.837500,14.775000,14.837500,3.665255,474000
1969-02-06,14.837500,14.950000,14.725000,14.862500,3.681355,610000
1969-02-07,14.862500,14.900000,14.775000,14.900000,3.690643,504000
1969-02-11,15.012500,15.150000,15.012500,15.150000,3.752567,580000
1969-02-12,15.175000,15.337500,15.175000,15.275000,3.783531,538000
1969-02-13,15.325000,15.525000,15.325000,15.512500,3.842356,468000
1969-02-14,15.512500,15.525000,15.337500,15.437500,3.823780,470000
1969-02-17,15.325000,15.325000,15.000000,15.000000,3.715417,540000
1969-02-18,15.000000,15.000000,14.850000,15.000000,3.715417,552000
1969-02-19,15.000000,15.100000,14.762500,14.775000,3.659685,562000
1969-02-20,14.775000,14.825000,14.700000,14.775000,3.659685,652000
1969-02-24,14.775000,14.875000,14.762500,14.837500,3.675163,488000
1969-02-25,14.837500,14.975000,14.762500,14.812500,3.668972,628000
1969-02-26,14.812500,14.925000,14.800000,14.925000,3.696837,536000
1969-02-27,14.900000,14.900000,14.775000,14.800000,3.665874,470000
1969-02-28,14.800000,14.862500,14.662500,14.668750,3.633367,424000
1969-03-03,14.668750,14.800000,14.587500,14.800000,3.665874,326000
1969-03-04,14.800000,14.925000,14.775000,14.887500,3.687549,394000
1969-03-05,14.950000,15.125000,14.950000,15.050000,3.727803,366000
1969-03-06,15.125000,15.125000,14.950000,15.050000,3.727803,366000
1969-03-07,14.987500,14.987500,14.750000,14.987500,3.712319,360000
1969-03-10,14.987500,15.175000,14.950000,15.175000,3.758761,308000
1969-03-11,15.175000,15.387500,15.075000,15.150000,3.752567,430000
1969-03-12,15.150000,15.175000,14.975000,14.981250,3.710770,386000
1969-03-13,14.981250,15.000000,14.712500,14.737500,3.650395,564000
1969-03-14,14.737500,14.787500,14.675000,14.787500,3.662780,326000
1969-03-17,14.787500,15.150000,14.725000,15.087500,3.737088,492000
1969-03-18,15.087500,15.087500,14.900000,14.993750,3.713867,330000
1969-03-19,15.000000,15.237500,15.000000,15.175000,3.758761,362000
1969-03-20,15.175000,15.287500,15.150000,15.275000,3.783531,404000
1969-03-21,15.275000,15.275000,15.100000,15.275000,3.783531,330000
1969-03-24,15.275000,15.350000,15.262500,15.325000,3.795914,286000
1969-03-25,15.325000,15.475000,15.287500,15.400000,3.814494,362000
1969-03-26,15.400000,15.512500,15.350000,15.475000,3.833069,470000
1969-03-27,15.475000,15.575000,15.437500,15.562500,3.854742,418000
1969-03-28,15.575000,15.775000,15.575000,15.700000,3.888801,328000
1969-04-01,15.700000,15.800000,15.637500,15.650000,3.876417,350000
1969-04-02,15.650000,15.650000,15.525000,15.550000,3.851644,250000
1969-04-03,15.550000,15.550000,15.400000,15.537500,3.848552,320000
1969-04-07,15.450000,15.450000,15.350000,15.362500,3.805205,356000
1969-04-08,15.362500,15.475000,15.262500,15.325000,3.795914,308000
1969-04-09,15.350000,15.600000,15.350000,15.600000,3.864033,336000
1969-04-10,15.600000,15.687500,15.575000,15.687500,3.885705,226000
1969-04-11,15.687500,15.725000,15.575000,15.612500,3.867129,334000
1969-04-14,15.600000,15.600000,15.450000,15.462500,3.829973,408000
1969-04-15,15.500000,15.600000,15.500000,15.525000,3.845455,220000
1969-04-16,15.525000,15.562500,15.350000,15.437500,3.823780,210000
1969-04-17,15.437500,15.437500,15.325000,15.337500,3.799013,284000
1969-04-18,15.337500,15.437500,15.325000,15.412500,3.817590,216000
1969-04-21,15.412500,15.437500,15.262500,15.400000,3.814494,252000
1969-04-22,15.400000,15.650000,15.309375,15.625000,3.870223,474000
1969-04-23,15.625000,15.675000,15.550000,15.562500,3.854742,412000
1969-04-24,15.575000,15.800000,15.575000,15.775000,3.907378,434000
1969-04-25,15.775000,15.900000,15.725000,15.887500,3.935243,384000
1969-04-28,15.900000,16.225000,15.900000,16.212500,4.015745,594000
1969-04-29,16.225000,16.424999,16.225000,16.362499,4.052900,668000
1969-04-30,16.362499,16.512501,16.312500,16.400000,4.062185,696000
1969-05-01,16.400000,16.424999,16.125000,16.275000,4.031226,814000
1969-05-02,16.275000,16.375000,16.250000,16.325001,4.053574,262000
1969-05-05,16.337500,16.400000,16.337500,16.375000,4.065989,292000
1969-05-06,16.387501,16.587500,16.387501,16.575001,4.115653,468000
1969-05-07,16.575001,16.625000,16.299999,16.450001,4.084610,404000
1969-05-08,16.450001,16.575001,16.400000,16.487499,4.093923,334000
1969-05-09,16.487499,16.487499,16.312500,16.350000,4.059780,232000
1969-05-12,16.350000,16.412500,16.256250,16.325001,4.053574,238000
1969-05-13,16.325001,16.575001,16.275000,16.575001,4.115653,302000
1969-05-14,16.575001,16.743750,16.575001,16.700001,4.146688,404000
1969-05-15,16.625000,16.625000,16.450001,16.500000,4.097027,378000
1969-05-16,16.500000,16.650000,16.500000,16.525000,4.103235,292000
1969-05-19,16.450001,16.450001,16.212500,16.212500,4.025640,242000
1969-05-20,16.187500,16.187500,15.975000,15.975000,3.966665,558000
1969-05-21,15.987500,16.200001,15.987500,16.125000,4.003912,264000
1969-05-22,16.125000,16.200001,16.087500,16.137501,4.007018,514000
1969-05-23,16.137501,16.375000,16.125000,16.350000,4.059780,208000
1969-05-26,16.350000,16.450001,16.325001,16.350000,4.059780,178000
1969-05-27,16.350000,16.462500,16.112499,16.112499,4.000808,198000
1969-05-28,16.112499,16.125000,15.950000,16.087500,3.994600,288000
1969-05-29,16.087500,16.200001,15.912500,15.950000,3.960459,380000
1969-06-02,15.950000,16.000000,15.950000,15.975000,3.966665,174000
1969-06-03,15.975000,16.075001,15.875000,15.900000,3.948044,398000
1969-06-04,15.900000,16.025000,15.887500,15.950000,3.960459,342000
1969-06-05,15.950000,15.962500,15.900000,15.900000,3.948044,260000
1969-06-06,15.900000,15.925000,15.750000,15.750000,3.910799,268000
1969-06-09,15.712500,15.712500,15.550000,15.612500,3.876655,406000
1969-06-10,15.612500,15.650000,15.500000,15.512500,3.851824,316000
1969-06-11,15.512500,15.550000,15.400000,15.475000,3.842513,410000
1969-06-12,15.450000,15.450000,15.387500,15.400000,3.823893,442000
1969-06-13,15.475000,15.662500,15.475000,15.575000,3.867344,516000
1969-06-16,15.650000,15.737500,15.650000,15.675000,3.892175,262000
1969-06-17,15.675000,15.712500,15.512500,15.712500,3.901486,390000
1969-06-18,15.712500,15.900000,15.712500,15.712500,3.901486,590000
1969-06-19,15.712500,15.887500,15.662500,15.700000,3.898381,388000
1969-06-20,15.700000,15.950000,15.600000,15.612500,3.876655,724000
1969-06-23,15.612500,15.775000,15.600000,15.775000,3.917004,454000
1969-06-24,15.975000,16.325001,15.975000,16.275000,4.041158,738000
1969-06-25,16.275000,16.275000,16.025000,16.025000,3.979080,586000
1969-06-26,16.025000,16.487499,16.000000,16.487499,4.093923,646000
1969-06-27,16.487499,16.725000,16.475000,16.575001,4.115653,834000
1969-06-30,16.625000,16.975000,16.625000,16.887501,4.193244,812000
1969-07-01,16.887501,16.962500,16.712500,16.875000,4.190139,562000
1969-07-02,16.975000,17.400000,16.975000,17.400000,4.320502,738000
1969-07-03,17.400000,18.225000,17.400000,17.562500,4.360849,936000
1969-07-07,17.562500,17.575001,17.200001,17.400000,4.320502,976000
1969-07-08,17.250000,17.250000,16.799999,16.799999,4.171515,1104000
1969-07-09,16.775000,16.775000,16.625000,16.674999,4.140478,748000
1969-07-10,16.674999,16.799999,16.275000,16.350000,4.059780,664000
1969-07-11,16.350000,16.650000,16.325001,16.575001,4.115653,770000
1969-07-14,16.575001,16.600000,16.049999,16.075001,3.991498,588000
1969-07-15,16.075001,16.200001,15.862500,16.174999,4.016327,1038000
1969-07-16,16.275000,16.424999,16.275000,16.424999,4.078404,624000
1969-07-17,16.424999,16.600000,16.350000,16.375000,4.065989,506000
1969-07-18,16.299999,16.299999,16.025000,16.150000,4.010120,438000
1969-07-22,16.150000,16.250000,15.887500,15.912500,3.951149,634000
1969-07-23,15.912500,16.100000,15.775000,16.012501,3.975980,958000
1969-07-24,16.012501,16.075001,15.825000,15.850000,3.935629,622000
1969-07-25,15.850000,15.925000,15.762500,15.825000,3.929417,722000
1969-07-28,15.812500,15.812500,15.650000,15.656250,3.887518,956000
1969-07-29,15.656250,16.150000,15.650000,15.650000,3.885969,1366000
1969-07-30,15.650000,16.000000,15.500000,15.775000,3.917004,1262000
1969-07-31,16.000000,16.325001,16.000000,16.225000,4.028742,1096000
1969-08-01,16.299999,16.587500,16.299999,16.475000,4.103463,942000
1969-08-04,16.475000,16.700001,16.275000,16.337500,4.069218,724000
1969-08-05,16.375000,16.725000,16.375000,16.725000,4.165734,786000
1969-08-06,16.762501,16.924999,16.762501,16.799999,4.184412,718000
1969-08-07,16.799999,16.850000,16.637501,16.687500,4.156394,388000
1969-08-08,16.687500,16.875000,16.674999,16.674999,4.153276,272000
1969-08-11,16.674999,16.712500,16.462500,16.462500,4.100349,324000
1969-08-12,16.462500,16.525000,16.400000,16.525000,4.115919,518000
1969-08-13,16.525000,16.750000,16.437500,16.750000,4.171960,620000
1969-08-14,16.750000,16.937500,16.725000,16.937500,4.218663,594000
1969-08-15,16.937500,16.975000,16.850000,16.975000,4.228002,536000
1969-08-18,16.975000,17.075001,16.912500,17.062500,4.249795,562000
1969-08-19,17.062500,17.212500,17.000000,17.100000,4.259136,766000
1969-08-20,17.100000,17.343750,17.049999,17.343750,4.319844,520000
1969-08-21,17.343750,17.475000,17.299999,17.450001,4.346312,514000
1969-08-22,17.450001,17.537500,17.437500,17.512501,4.361876,696000
1969-08-25,17.325001,17.325001,17.049999,17.049999,4.246680,570000
1969-08-26,17.049999,17.087500,16.900000,17.000000,4.234227,448000
1969-08-27,17.075001,17.299999,17.075001,17.137501,4.268473,332000
1969-08-28,17.174999,17.400000,17.174999,17.400000,4.333857,326000
1969-08-29,17.400000,17.493750,17.150000,17.250000,4.296495,576000
1969-09-02,17.250000,17.275000,17.025000,17.174999,4.277813,426000
1969-09-03,17.174999,17.262501,17.012501,17.037500,4.243567,248000
1969-09-04,17.037500,17.075001,16.900000,17.012501,4.237339,440000
1969-09-05,17.012501,17.025000,16.812500,16.900000,4.209321,366000
1969-09-08,16.875000,16.875000,16.762501,16.762501,4.175074,308000
1969-09-09,16.762501,16.924999,16.549999,16.924999,4.215546,536000
1969-09-10,17.000000,17.475000,17.000000,17.424999,4.340082,482000
1969-09-11,17.325001,17.325001,17.137501,17.174999,4.277813,444000
1969-09-12,17.174999,17.275000,16.875000,17.275000,4.302720,640000
1969-09-15,17.275000,17.362499,17.000000,17.200001,4.284042,538000
1969-09-16,17.200001,17.387501,17.075001,17.337500,4.318289,538000
1969-09-17,17.337500,17.375000,17.262501,17.350000,4.321404,300000
1969-09-18,17.350000,17.475000,17.350000,17.424999,4.340082,442000
1969-09-19,17.462500,17.650000,17.462500,17.549999,4.371218,1024000
1969-09-22,17.625000,17.950001,17.625000,17.924999,4.464618,748000
1969-09-23,17.924999,18.012501,17.725000,17.862499,4.449052,654000
1969-09-24,17.862499,17.875000,17.750000,17.850000,4.445937,434000
1969-09-25,17.799999,17.799999,17.350000,17.387501,4.330744,512000
1969-09-26,17.387501,17.549999,17.250000,17.325001,4.315176,430000
1969-09-29,17.325001,17.412500,17.150000,17.312500,4.312061,554000
1969-09-30,17.312500,17.350000,17.225000,17.262501,4.299609,296000
1969-10-01,17.262501,17.299999,17.162500,17.174999,4.277813,360000
1969-10-02,17.174999,17.275000,17.000000,17.225000,4.290268,1068000
1969-10-03,17.225000,17.337500,17.187500,17.237499,4.293380,786000
1969-10-06,17.237499,17.450001,17.162500,17.424999,4.340082,374000
1969-10-07,17.424999,17.525000,17.262501,17.299999,4.308949,424000
1969-10-08,17.287500,17.287500,17.056250,17.075001,4.252909,684000
1969-10-09,17.075001,17.387501,17.012501,17.350000,4.321404,342000
1969-10-10,17.350000,17.493750,17.200001,17.325001,4.315176,526000
1969-10-13,17.325001,17.387501,17.150000,17.362499,4.324514,342000
1969-10-14,17.362499,17.674999,17.350000,17.650000,4.396124,1158000
1969-10-15,17.687500,17.787500,17.687500,17.700001,4.408579,756000
1969-10-16,17.700001,17.799999,17.424999,17.587500,4.380557,640000
1969-10-17,17.587500,17.674999,17.512501,17.549999,4.371218,318000
1969-10-20,17.549999,17.650000,17.549999,17.650000,4.396124,254000
1969-10-21,17.662500,17.937500,17.662500,17.850000,4.445937,570000
1969-10-22,17.850000,17.862499,17.750000,17.775000,4.427258,594000
1969-10-23,17.775000,17.825001,17.637501,17.825001,4.439713,416000
1969-10-24,17.937500,18.250000,17.937500,18.200001,4.533114,734000
1969-10-27,18.200001,18.250000,18.025000,18.174999,4.526886,294000
1969-10-28,18.174999,18.174999,18.000000,18.075001,4.501983,286000
1969-10-29,18.000000,18.000000,17.812500,17.812500,4.436599,348000
1969-10-30,17.812500,17.975000,17.712500,17.975000,4.477068,542000
1969-10-31,17.975000,18.112499,17.975000,18.025000,4.489525,394000
1969-11-03,18.000000,18.000000,17.812500,17.975000,4.477068,416000
1969-11-04,17.975000,18.025000,17.799999,17.975000,4.477068,406000
1969-11-05,17.975000,18.062500,17.962500,18.025000,4.489525,286000
1969-11-06,18.025000,18.062500,17.962500,18.025000,4.502013,248000
1969-11-07,18.087500,18.262501,18.087500,18.250000,4.558209,426000
1969-11-10,18.250000,18.424999,18.250000,18.337500,4.580063,648000
1969-11-11,18.337500,18.437500,18.312500,18.387501,4.592556,406000
1969-11-12,18.387501,18.424999,18.312500,18.350000,4.583188,332000
1969-11-13,18.287500,18.287500,17.975000,18.225000,4.551967,650000
1969-11-14,18.225000,18.225000,18.150000,18.150000,4.533235,306000
1969-11-17,18.150000,18.187500,18.075001,18.125000,4.526992,358000
1969-11-18,18.125000,18.187500,18.025000,18.162500,4.536357,458000
1969-11-19,18.162500,18.174999,17.950001,17.950001,4.483284,584000
1969-11-20,17.862499,17.862499,17.625000,17.737499,4.430207,662000
1969-11-21,17.725000,17.725000,17.549999,17.549999,4.383378,272000
1969-11-24,17.500000,17.500000,17.212500,17.287500,4.317814,622000
1969-11-25,17.287500,17.587500,17.275000,17.312500,4.324058,566000
1969-11-26,17.337500,17.549999,17.337500,17.500000,4.370884,414000
1969-11-28,17.587500,17.875000,17.587500,17.850000,4.458304,280000
1969-12-01,17.924999,18.049999,17.924999,18.000000,4.495767,536000
1969-12-02,17.975000,17.975000,17.775000,17.799999,4.445818,668000
1969-12-03,17.799999,17.950001,17.756250,17.756250,4.434891,304000
1969-12-04,17.756250,17.875000,17.612499,17.850000,4.458304,500000
1969-12-05,17.850000,18.000000,17.762501,17.850000,4.458304,388000
1969-12-08,17.850000,17.950001,17.775000,17.775000,4.439572,458000
1969-12-09,17.775000,18.075001,17.762501,17.799999,4.445818,744000
1969-12-10,17.799999,17.799999,17.625000,17.775000,4.439572,764000
1969-12-11,17.775000,17.837500,17.762501,17.775000,4.439572,446000
1969-12-12,17.812500,18.012501,17.812500,17.975000,4.489524,408000
1969-12-15,17.950001,17.950001,17.812500,17.900000,4.470794,396000
1969-12-16,17.900000,17.900000,17.662500,17.662500,4.411474,528000
1969-12-17,17.662500,17.725000,17.512501,17.575001,4.389620,320000
1969-12-18,17.575001,18.037500,17.549999,18.012501,4.498894,850000
1969-12-19,18.025000,18.350000,18.025000,18.325001,4.576945,924000
1969-12-22,18.299999,18.299999,18.012501,18.025000,4.502013,586000
1969-12-23,18.000000,18.000000,17.562500,17.575001,4.389620,770000
1969-12-24,17.700001,17.975000,17.700001,17.750000,4.433328,562000
1969-12-26,17.750000,18.075001,17.750000,18.049999,4.508256,220000
1969-12-29,18.049999,18.137501,17.900000,17.912500,4.473916,222000
1969-12-30,17.912500,18.012501,17.825001,17.975000,4.489524,388000
1969-12-31,18.100000,18.225000,18.100000,18.225000,4.551967,584000
1970-01-02,18.225000,18.287500,18.200001,18.237499,4.555090,316000
1970-01-05,18.299999,18.412500,18.299999,18.412500,4.598799,424000
1970-01-06,18.412500,18.450001,18.312500,18.424999,4.601921,488000
1970-01-07,18.424999,18.437500,18.312500,18.437500,4.605044,458000
1970-01-08,18.437500,18.475000,18.375000,18.475000,4.614410,708000
1970-01-09,18.475000,18.525000,18.424999,18.450001,4.608165,586000
1970-01-12,18.450001,18.487499,18.387501,18.387501,4.592556,380000
1970-01-13,18.387501,18.799999,18.387501,18.706249,4.672167,744000
1970-01-14,18.706249,18.775000,18.650000,18.687500,4.667482,392000
1970-01-15,18.750000,19.075001,18.750000,19.075001,4.764266,422000
1970-01-16,19.075001,19.350000,18.450001,18.487499,4.617528,1284000
1970-01-19,17.756250,17.756250,17.475000,17.500000,4.370884,744000
1970-01-20,17.500000,17.850000,17.250000,17.825001,4.452064,1682000
1970-01-21,17.825001,17.825001,17.674999,17.750000,4.433328,946000
1970-01-22,17.750000,17.850000,17.712500,17.799999,4.445818,638000
1970-01-23,17.799999,17.950001,17.799999,17.799999,4.445818,816000
1970-01-26,17.700001,17.700001,17.424999,17.424999,4.352154,696000
1970-01-27,17.287500,17.287500,17.049999,17.262501,4.311570,1088000
1970-01-28,17.262501,17.362499,17.012501,17.049999,4.258494,846000
1970-01-29,17.049999,17.237499,16.712500,16.924999,4.227273,1072000
1970-01-30,16.759375,17.237499,16.712500,16.759375,4.185900,428000
1970-02-02,16.850000,17.150000,16.850000,17.150000,4.283471,790000
1970-02-03,17.150000,17.337500,16.825001,17.162500,4.286592,1136000
1970-02-04,17.162500,17.337500,16.825001,17.162500,4.286592,904000
1970-02-05,16.975000,16.975000,16.737499,16.937500,4.230396,818000
1970-02-06,16.937500,17.262501,16.912500,17.237499,4.305323,704000
1970-02-09,17.325001,17.575001,17.325001,17.487499,4.367768,570000
1970-02-10,17.487499,17.575001,17.225000,17.299999,4.320934,512000
1970-02-11,17.437500,17.750000,17.437500,17.750000,4.433328,584000
1970-02-12,17.750000,17.750000,17.525000,17.600000,4.395865,500000
1970-02-13,17.600000,17.600000,17.375000,17.450001,4.358400,498000
1970-02-16,17.450001,17.537500,17.387501,17.462500,4.361519,414000
1970-02-17,17.462500,17.487499,17.299999,17.487499,4.367768,444000
1970-02-18,17.487499,17.737499,17.475000,17.562500,4.386499,392000
1970-02-19,17.600000,17.725000,17.600000,17.600000,4.395865,650000
1970-02-20,17.600000,17.625000,17.400000,17.475000,4.364645,644000
1970-02-24,17.424999,17.424999,17.225000,17.225000,4.302201,372000
1970-02-25,17.225000,17.450001,16.750000,17.250000,4.308448,1224000
1970-02-26,17.250000,17.250000,16.975000,17.212500,4.299078,568000
1970-02-27,17.212500,17.250000,17.012501,17.012501,4.249125,578000
1970-03-02,17.012501,17.049999,16.737499,16.775000,4.189808,994000
1970-03-03,16.775000,16.775000,16.650000,16.662500,4.161709,812000
1970-03-04,16.662500,16.737499,16.424999,16.487499,4.118001,1068000
1970-03-05,16.487499,16.600000,16.450001,16.462500,4.111755,644000
1970-03-06,16.456249,16.456249,16.174999,16.262501,4.061802,1110000
1970-03-09,16.000000,16.000000,15.762500,15.837500,3.955655,1460000
1970-03-10,15.925000,16.325001,15.925000,16.325001,4.077412,948000
1970-03-11,16.325001,16.600000,16.250000,16.424999,4.102390,948000
1970-03-12,16.424999,16.437500,16.256250,16.437500,4.105510,644000
1970-03-13,16.437500,16.450001,16.212500,16.212500,4.049315,434000
1970-03-16,16.087500,16.087500,15.925000,16.000000,3.996239,750000
1970-03-17,16.000000,16.200001,15.962500,16.125000,4.027462,796000
1970-03-18,16.125000,16.212500,16.112499,16.112499,4.024337,602000
1970-03-19,16.112499,16.187500,16.062500,16.118750,4.025899,484000
1970-03-20,16.118750,16.150000,15.887500,15.987500,3.993119,732000
1970-03-23,15.987500,16.137501,15.887500,16.100000,4.021214,334000
1970-03-24,16.100000,16.400000,16.100000,16.400000,4.096144,432000
1970-03-25,16.475000,16.850000,16.475000,16.650000,4.158590,1246000
1970-03-26,16.650000,16.750000,16.637501,16.662500,4.161709,450000
1970-03-30,16.712500,16.887501,16.712500,16.837500,4.205420,510000
1970-03-31,16.837500,16.924999,16.799999,16.924999,4.227273,590000
1970-04-01,16.924999,17.025000,16.862499,16.887501,4.217905,522000
1970-04-02,16.850000,16.850000,16.587500,16.600000,4.146099,418000
1970-04-03,16.537500,16.537500,16.287500,16.325001,4.077412,464000
1970-04-06,16.174999,16.174999,15.875000,16.025000,4.002484,894000
1970-04-07,16.025000,16.150000,15.950000,16.000000,3.996239,556000
1970-04-08,16.000000,16.200001,15.975000,16.200001,4.046193,428000
1970-04-09,16.275000,16.525000,16.275000,16.287500,4.068049,614000
1970-04-10,16.287500,16.850000,16.287500,16.575001,4.139855,1498000
1970-04-13,16.549999,16.549999,16.318750,16.350000,4.083659,424000
1970-04-14,16.325001,16.325001,16.062500,16.237499,4.055559,634000
1970-04-15,16.237499,16.350000,16.137501,16.162500,4.036829,446000
1970-04-16,16.162500,16.250000,16.025000,16.037500,4.005608,460000
1970-04-17,16.037500,16.174999,15.975000,16.125000,4.027462,546000
1970-04-20,16.150000,16.287500,16.150000,16.225000,4.052438,438000
1970-04-21,16.225000,16.250000,16.049999,16.049999,4.008730,430000
1970-04-22,15.981250,15.981250,15.650000,15.650000,3.908822,1354000
1970-04-23,15.650000,15.725000,15.475000,15.481250,3.866676,1060000
1970-04-24,15.481250,15.575000,15.300000,15.450000,3.858871,852000
1970-04-27,15.450000,15.500000,14.981250,15.075000,3.765205,1642000
1970-04-28,14.987500,14.987500,14.500000,14.512500,3.624714,2022000
1970-04-29,14.512500,15.050000,14.312500,15.012500,3.749596,2082000
1970-04-30,15.012500,15.012500,14.725000,14.900000,3.721499,924000
1970-05-01,14.900000,14.950000,14.600000,14.837500,3.720871,916000
1970-05-04,14.731250,14.731250,14.100000,14.150000,3.548464,1722000
1970-05-05,14.150000,14.200000,13.950000,14.150000,3.548464,1378000
1970-05-06,14.150000,14.550000,14.025000,14.375000,3.604888,1604000
1970-05-07,14.375000,14.506250,14.375000,14.487500,3.633101,546000
1970-05-08,14.487500,14.525000,14.350000,14.525000,3.642503,536000
1970-05-11,14.475000,14.475000,14.250000,14.275000,3.579812,462000
1970-05-12,14.275000,14.412500,13.900000,14.125000,3.542193,974000
1970-05-13,13.937500,13.937500,13.712500,13.750000,3.448154,1644000
1970-05-14,13.725000,13.725000,13.100000,13.425000,3.366652,1666000
1970-05-15,13.425000,13.550000,13.150000,13.537500,3.394867,2096000
1970-05-18,13.537500,13.575000,13.475000,13.500000,3.385459,788000
1970-05-19,13.425000,13.425000,12.925000,12.925000,3.241265,1018000
1970-05-20,12.775000,12.775000,12.475000,12.525000,3.140955,1576000
1970-05-21,12.287500,12.287500,11.850000,12.275000,3.078260,2536000
1970-05-22,12.275000,12.500000,12.150000,12.400000,3.109607,1164000
1970-05-25,12.362500,12.362500,12.050000,12.050000,3.021837,1012000
1970-05-26,12.050000,12.362500,11.900000,12.100000,3.034373,2308000
1970-05-27,12.250000,13.025000,12.250000,12.950000,3.247534,1874000
1970-05-28,12.950000,13.387500,12.950000,13.350000,3.347843,2090000
1970-05-29,13.350000,13.987500,13.175000,13.900000,3.485772,1780000
1970-06-01,13.900000,14.350000,13.800000,14.350000,3.598621,1660000
1970-06-02,14.325000,14.325000,13.962500,14.150000,3.548464,1206000
1970-06-03,14.150000,14.237500,13.900000,14.150000,3.548464,1338000
1970-06-04,14.062500,14.062500,13.512500,13.562500,3.401132,1080000
1970-06-05,13.562500,13.662500,13.212500,13.500000,3.385459,1542000
1970-06-08,13.500000,13.675000,13.262500,13.312500,3.338440,614000
1970-06-09,13.312500,13.475000,13.250000,13.412500,3.363517,664000
1970-06-10,13.412500,13.437500,13.100000,13.275000,3.329035,646000
1970-06-11,13.112500,13.112500,12.937500,12.962500,3.250670,892000
1970-06-12,12.962500,13.000000,12.662500,12.950000,3.247534,958000
1970-06-15,12.950000,13.150000,12.725000,12.950000,3.247534,748000
1970-06-16,12.956250,13.550000,12.956250,13.550000,3.397997,666000
1970-06-17,13.550000,13.637500,13.262500,13.287500,3.332171,898000
1970-06-18,13.287500,13.600000,13.000000,13.600000,3.410541,806000
1970-06-19,13.600000,13.787500,13.512500,13.512500,3.388595,722000
1970-06-22,13.512500,13.662500,13.256250,13.425000,3.366652,694000
1970-06-23,13.425000,13.500000,12.856250,12.856250,3.224023,726000
1970-06-24,12.856250,13.112500,12.750000,12.750000,3.197380,1080000
1970-06-25,12.837500,13.100000,12.837500,12.900000,3.234997,1568000
1970-06-26,12.900000,13.050000,12.762500,12.875000,3.228728,856000
1970-06-29,12.875000,13.000000,12.725000,12.875000,3.228728,862000
1970-06-30,12.875000,12.987500,12.500000,12.500000,3.134684,1096000
1970-07-01,12.500000,12.737500,12.493750,12.700000,3.184842,778000
1970-07-02,12.700000,12.762500,12.500000,12.537500,3.144090,756000
1970-07-06,12.518750,12.518750,12.200000,12.225000,3.065721,824000
1970-07-07,12.225000,12.362500,12.100000,12.125000,3.040646,960000
1970-07-08,12.175000,12.625000,12.175000,12.625000,3.166032,1202000
1970-07-09,12.625000,12.800000,12.525000,12.712500,3.187975,926000
1970-07-10,12.712500,12.725000,12.437500,12.512500,3.137820,594000
1970-07-13,12.512500,12.600000,12.250000,12.387500,3.106472,832000
1970-07-14,12.387500,12.587500,12.387500,12.562500,3.150360,728000
1970-07-15,12.562500,12.650000,12.500000,12.600000,3.159764,854000
1970-07-16,12.612500,12.775000,12.612500,12.700000,3.184842,1006000
1970-07-17,12.787500,13.000000,12.787500,12.975000,3.253803,1262000
1970-07-20,12.975000,13.125000,12.887500,12.900000,3.234997,1108000
1970-07-21,12.900000,12.912500,12.812500,12.887500,3.231862,482000
1970-07-22,12.887500,12.950000,12.681250,12.700000,3.184842,1004000
1970-07-23,12.700000,12.925000,12.675000,12.850000,3.222455,1156000
1970-07-24,12.800000,12.800000,12.650000,12.687500,3.181705,774000
1970-07-27,12.687500,12.750000,12.562500,12.662500,3.175436,422000
1970-07-28,12.662500,12.687500,12.562500,12.637500,3.169167,602000
1970-07-29,12.637500,12.700000,12.612500,12.625000,3.166032,674000
1970-07-30,12.625000,12.737500,12.625000,12.675000,3.178571,630000
1970-07-31,12.662500,12.662500,12.556250,12.612500,3.177941,610000
1970-08-03,12.593750,12.593750,12.406250,12.462500,3.140146,722000
1970-08-04,12.462500,12.525000,12.350000,12.512500,3.152744,806000
1970-08-05,12.512500,12.537500,12.462500,12.487500,3.146445,336000
1970-08-06,12.487500,12.487500,12.375000,12.425000,3.130697,418000
1970-08-07,12.425000,12.450000,12.250000,12.275000,3.092901,722000
1970-08-10,12.275000,12.275000,11.925000,12.025000,3.029912,1146000
1970-08-11,11.987500,11.987500,11.812500,11.912500,3.001565,742000
1970-08-12,11.787500,11.787500,11.525000,11.531250,2.905501,1230000
1970-08-13,11.500000,11.500000,10.937500,11.150000,2.809439,3246000
1970-08-14,11.250000,11.493750,11.250000,11.493750,2.896054,1106000
1970-08-17,11.493750,11.762500,11.375000,11.762500,2.963768,770000
1970-08-18,11.775000,12.012500,11.775000,11.987500,3.020460,1174000
1970-08-19,11.987500,12.137500,11.937500,11.987500,3.020460,698000
1970-08-20,11.987500,12.237500,11.800000,12.237500,3.083452,874000
1970-08-21,12.237500,12.500000,12.187500,12.462500,3.140146,1082000
1970-08-24,12.700000,13.137500,12.700000,13.137500,3.310224,2094000
1970-08-25,13.137500,13.400000,13.000000,13.200000,3.325972,1616000
1970-08-26,13.200000,13.500000,13.150000,13.187500,3.322821,1102000
1970-08-27,13.187500,13.387500,13.037500,13.262500,3.341718,854000
1970-08-28,13.262500,13.575000,13.262500,13.562500,3.417308,914000
1970-08-31,13.475000,13.475000,13.312500,13.312500,3.354319,564000
1970-09-01,13.262500,13.262500,13.050000,13.193750,3.324398,820000
1970-09-02,13.193750,13.200000,12.962500,13.200000,3.325972,822000
1970-09-03,13.287500,13.512500,13.287500,13.487500,3.398412,830000
1970-09-04,13.487500,13.700000,13.462500,13.600000,3.426762,782000
1970-09-08,13.600000,13.750000,13.350000,13.750000,3.464554,936000
1970-09-09,13.750000,13.837500,13.512500,13.650000,3.439356,976000
1970-09-10,13.537500,13.537500,13.400000,13.412500,3.379515,762000
1970-09-11,13.412500,13.550000,13.412500,13.437500,3.385814,496000
1970-09-14,13.437500,13.525000,13.225000,13.300000,3.351168,798000
1970-09-15,13.300000,13.325000,13.162500,13.318750,3.355894,502000
1970-09-16,13.318750,13.575000,13.306250,13.550000,3.414159,570000
1970-09-17,13.650000,13.850000,13.650000,13.825000,3.483455,772000
1970-09-18,13.862500,14.237500,13.862500,14.012500,3.530696,844000
1970-09-21,14.012500,14.018750,13.687500,13.775000,3.470851,894000
1970-09-22,13.762500,13.762500,13.575000,13.662500,3.442505,658000
1970-09-23,13.687500,14.050000,13.687500,14.050000,3.540144,1240000
1970-09-24,14.100000,14.425000,14.100000,14.425000,3.634633,1476000
1970-09-25,14.425000,14.562500,14.350000,14.425000,3.634633,846000
1970-09-28,14.425000,14.600000,14.350000,14.500000,3.653532,494000
1970-09-29,14.500000,14.637500,14.300000,14.587500,3.675577,766000
1970-09-30,14.587500,14.775000,14.575000,14.587500,3.675577,854000
1970-10-01,14.587500,14.850000,14.587500,14.850000,3.741717,496000
1970-10-02,14.887500,15.050000,14.887500,14.962500,3.770066,974000
1970-10-05,15.025000,15.400000,15.025000,15.337500,3.864555,732000
1970-10-06,15.350000,15.487500,15.350000,15.356250,3.869278,816000
1970-10-07,15.350000,15.350000,15.075000,15.287500,3.851954,696000
1970-10-08,15.250000,15.250000,14.900000,14.912500,3.757467,772000
1970-10-09,14.912500,14.925000,14.700000,14.806250,3.730695,766000
1970-10-12,14.737500,14.737500,14.425000,14.512500,3.656678,612000
1970-10-13,14.512500,14.650000,14.300000,14.600000,3.678727,554000
1970-10-14,14.600000,14.737500,14.512500,14.575000,3.672426,352000
1970-10-15,14.575000,14.743750,14.575000,14.650000,3.691325,422000
1970-10-16,14.650000,14.675000,14.500000,14.537500,3.662976,620000
1970-10-19,14.337500,14.337500,14.150000,14.225000,3.584238,766000
1970-10-20,14.225000,14.600000,14.225000,14.556250,3.667704,512000
1970-10-21,14.556250,14.775000,14.437500,14.443750,3.639358,566000
1970-10-22,14.443750,14.475000,14.312500,14.400000,3.628331,382000
1970-10-23,14.437500,14.762500,14.437500,14.750000,3.716523,400000
1970-10-26,14.737500,14.737500,14.450000,14.487500,3.650381,394000
1970-10-27,14.487500,14.550000,14.450000,14.550000,3.666126,448000
1970-10-28,14.550000,14.862500,14.475000,14.825000,3.735421,546000
1970-10-29,14.850000,15.000000,14.850000,14.925000,3.760614,758000
1970-10-30,14.850000,14.850000,14.650000,14.700000,3.718876,596000
1970-11-02,14.700000,14.987500,14.637500,14.987500,3.791607,690000
1970-11-03,14.987500,15.037500,14.806250,14.806250,3.745753,542000
1970-11-04,14.812500,15.025000,14.812500,14.812500,3.747334,456000
1970-11-05,14.812500,14.825000,14.625000,14.631250,3.701478,550000
1970-11-06,14.631250,14.700000,14.575000,14.700000,3.718876,574000
1970-11-09,14.762500,14.950000,14.762500,14.875000,3.763144,912000
1970-11-10,14.912500,15.000000,14.912500,14.950000,3.782118,672000
1970-11-11,14.950000,15.150000,14.862500,14.862500,3.759984,798000
1970-11-12,14.862500,14.925000,14.812500,14.856250,3.758402,768000
1970-11-13,14.800000,14.800000,14.650000,14.656250,3.707806,676000
1970-11-16,14.656250,14.662500,14.425000,14.662500,3.709384,780000
1970-11-17,14.662500,14.762500,14.612500,14.643750,3.704644,400000
1970-11-18,14.625000,14.625000,14.500000,14.525000,3.674601,610000
1970-11-19,14.525000,14.650000,14.500000,14.550000,3.680928,502000
1970-11-20,14.550000,14.837500,14.537500,14.825000,3.750498,544000
1970-11-23,14.850000,15.025000,14.850000,14.950000,3.782118,896000
1970-11-24,14.950000,15.000000,14.762500,15.000000,3.794770,774000
1970-11-25,15.000000,15.037500,14.887500,14.950000,3.782118,942000
1970-11-27,14.950000,15.425000,14.925000,15.425000,3.902289,1002000
1970-11-30,15.425000,15.450000,15.262500,15.362500,3.886476,910000
1970-12-01,15.362500,15.450000,15.312500,15.400000,3.895962,842000
1970-12-02,15.400000,15.712500,15.387500,15.700000,3.971859,1136000
1970-12-03,15.700000,15.750000,15.512500,15.575000,3.940235,1056000
1970-12-04,15.575000,15.737500,15.450000,15.587500,3.943396,810000
1970-12-07,15.587500,15.800000,15.550000,15.800000,3.997161,726000
1970-12-08,15.800000,15.962500,15.737500,15.812500,4.000320,962000
1970-12-09,15.812500,15.900000,15.725000,15.862500,4.012968,760000
1970-12-10,15.862500,15.993750,15.850000,15.875000,4.016130,698000
1970-12-11,15.875000,15.950000,15.850000,15.850000,4.009806,612000
1970-12-14,15.837500,15.837500,15.525000,15.537500,3.930746,664000
1970-12-15,15.537500,15.575000,15.481250,15.550000,3.933909,594000
1970-12-16,15.550000,15.700000,15.537500,15.650000,3.959212,492000
1970-12-17,15.650000,15.787500,15.650000,15.650000,3.959212,566000
1970-12-18,15.650000,15.837500,15.650000,15.775000,3.990833,606000
1970-12-21,15.775000,15.912500,15.725000,15.862500,4.012968,502000
1970-12-22,15.862500,15.937500,15.768750,15.800000,3.997161,686000
1970-12-23,15.800000,15.837500,15.550000,15.625000,3.952886,1458000
1970-12-24,15.637500,15.787500,15.637500,15.750000,3.984508,636000
1970-12-28,15.800000,15.925000,15.800000,15.925000,4.028780,390000
1970-12-29,15.925000,16.025000,15.850000,16.012501,4.050916,710000
1970-12-30,16.012501,16.037500,15.950000,15.975000,4.041428,428000
1970-12-31,15.975000,15.987500,15.825000,15.887500,4.019293,526000
1971-01-04,15.837500,15.837500,15.612500,15.650000,3.959212,538000
1971-01-05,15.650000,15.912500,15.575000,15.812500,4.000320,564000
1971-01-06,15.812500,16.025000,15.800000,15.900000,4.022455,488000
1971-01-07,15.900000,15.975000,15.787500,15.812500,4.000320,554000
1971-01-08,15.812500,15.837500,15.700000,15.725000,3.978184,572000
1971-01-11,15.700000,15.700000,15.512500,15.625000,3.952886,984000
1971-01-12,15.625000,15.825000,15.612500,15.787500,3.993996,646000
1971-01-13,15.787500,15.887500,15.775000,15.781250,3.992414,900000
1971-01-14,15.781250,15.800000,15.662500,15.725000,3.978184,630000
1971-01-15,15.725000,15.750000,15.500000,15.500000,3.921262,720000
1971-01-18,15.550000,15.687500,15.550000,15.587500,3.943396,536000
1971-01-19,15.587500,15.700000,15.587500,15.637500,3.956048,634000
1971-01-20,15.637500,15.737500,15.600000,15.737500,3.981345,422000
1971-01-21,15.737500,15.800000,15.675000,15.775000,3.990833,548000
1971-01-22,15.806250,15.887500,15.806250,15.825000,4.003482,814000
1971-01-25,16.087500,16.087500,15.812500,16.087500,4.069891,1070000
1971-01-26,16.150000,16.387501,16.150000,16.299999,4.123648,974000
1971-01-27,16.299999,16.299999,15.975000,16.125000,4.079379,920000
1971-01-28,16.049999,16.049999,15.850000,15.875000,4.016130,712000
1971-01-29,15.912500,16.275000,15.912500,16.275000,4.117324,680000
1971-02-01,16.275000,16.400000,16.250000,16.362499,4.139460,614000
1971-02-02,16.362499,16.437500,16.287500,16.387501,4.145784,734000
1971-02-03,16.387501,16.462500,16.325001,16.431250,4.156851,464000
1971-02-04,16.431250,16.549999,16.350000,16.525000,4.180570,594000
1971-02-05,16.525000,16.875000,16.412500,16.825001,4.273273,784000
1971-02-08,16.825001,17.087500,16.625000,17.037500,4.327244,688000
1971-02-09,17.037500,17.062500,16.912500,16.924999,4.298672,644000
1971-02-10,16.900000,16.900000,16.712500,16.862499,4.282797,620000
1971-02-11,16.862499,16.975000,16.837500,16.937500,4.301850,554000
1971-02-12,16.937500,16.975000,16.875000,16.975000,4.311378,366000
1971-02-16,16.975000,17.174999,16.937500,17.081249,4.338356,654000
1971-02-17,17.018749,17.018749,16.787500,16.825001,4.273273,624000
1971-02-18,16.825001,16.862499,16.462500,16.462500,4.181203,786000
1971-02-19,16.462500,16.587500,16.350000,16.412500,4.168509,662000
1971-02-22,16.412500,16.549999,16.325001,16.525000,4.197081,524000
1971-02-23,16.525000,16.775000,16.487499,16.762501,4.257401,366000
1971-02-24,16.799999,16.975000,16.799999,16.912500,4.295496,464000
1971-02-25,16.912500,16.937500,16.700001,16.700001,4.241524,482000
1971-02-26,16.700001,16.825001,16.600000,16.825001,4.273273,540000
1971-03-01,16.825001,16.962500,16.737499,16.950001,4.305021,454000
1971-03-02,16.924999,16.924999,16.799999,16.900000,4.292325,428000
1971-03-03,16.900000,16.912500,16.799999,16.862499,4.282797,364000
1971-03-04,16.912500,17.137501,16.912500,17.037500,4.327244,574000
1971-03-05,17.062500,17.275000,17.062500,17.275000,4.387570,662000
1971-03-08,17.275000,17.424999,17.162500,17.424999,4.425663,620000
1971-03-09,17.424999,17.537500,17.400000,17.450001,4.432014,756000
1971-03-10,17.450001,17.512501,17.437500,17.437500,4.428837,382000
1971-03-11,17.437500,17.475000,17.325001,17.387501,4.416143,766000
1971-03-12,17.387501,17.700001,17.375000,17.700001,4.495512,652000
1971-03-15,17.700001,18.237499,17.650000,18.174999,4.616153,670000
1971-03-16,18.162500,18.162500,18.012501,18.125000,4.603454,870000
1971-03-17,18.125000,18.200001,17.950001,18.174999,4.616153,584000
1971-03-18,18.174999,18.287500,18.025000,18.049999,4.584402,486000
1971-03-19,18.049999,18.112499,17.900000,18.031250,4.579642,712000
1971-03-22,18.031250,18.087500,17.924999,17.924999,4.552655,508000
1971-03-23,17.924999,17.975000,17.762501,17.787500,4.517731,568000
1971-03-24,17.787500,17.850000,17.700001,17.750000,4.508212,462000
1971-03-25,17.750000,17.812500,17.549999,17.799999,4.520911,506000
1971-03-26,17.812500,17.950001,17.812500,17.900000,4.546309,370000
1971-03-29,17.900000,18.000000,17.825001,17.825001,4.527259,314000
1971-03-30,17.825001,17.912500,17.812500,17.850000,4.533606,274000
1971-03-31,17.850000,17.987499,17.799999,17.875000,4.539958,292000
1971-04-01,17.875000,17.900000,17.712500,17.799999,4.520911,312000
1971-04-02,17.799999,17.950001,17.762501,17.900000,4.546309,274000
1971-04-05,17.900000,18.037500,17.825001,18.037500,4.581229,422000
1971-04-06,18.037500,18.137501,17.950001,18.056250,4.585989,806000
1971-04-07,18.056250,18.200001,18.000000,18.049999,4.584402,644000
1971-04-08,18.049999,18.100000,17.799999,17.837500,4.530430,778000
1971-04-12,17.837500,18.025000,17.825001,17.850000,4.533606,482000
1971-04-13,17.850000,18.062500,17.850000,17.900000,4.546309,816000
1971-04-14,17.900000,17.962500,17.825001,17.937500,4.555830,502000
1971-04-15,17.937500,17.937500,17.812500,17.812500,4.524083,868000
1971-04-16,17.687500,17.687500,17.600000,17.600000,4.470114,4784000
1971-04-19,17.650000,17.762501,17.650000,17.700001,4.495512,406000
1971-04-20,17.700001,17.799999,17.700001,17.799999,4.520911,618000
1971-04-21,17.787500,17.787500,17.612499,17.650000,4.482811,556000
1971-04-22,17.625000,17.625000,17.450001,17.600000,4.470114,1112000
1971-04-23,17.600000,17.837500,17.562500,17.750000,4.508212,626000
1971-04-26,17.750000,17.900000,17.725000,17.799999,4.520911,538000
1971-04-27,17.799999,17.924999,17.775000,17.900000,4.546309,378000
1971-04-28,17.937500,18.062500,17.937500,18.062500,4.587578,528000
1971-04-29,18.062500,18.100000,18.049999,18.100000,4.597102,748000
1971-04-30,18.062500,18.062500,17.825001,17.887501,4.543133,382000
1971-05-03,17.750000,17.750000,17.512501,17.662500,4.485987,630000
1971-05-04,17.662500,17.775000,17.637501,17.674999,4.489162,344000
1971-05-05,17.650000,17.650000,17.450001,17.650000,4.482811,734000
1971-05-06,17.650000,17.737499,17.587500,17.587500,4.466937,510000
1971-05-07,17.475000,17.475000,17.275000,17.350000,4.422963,824000
1971-05-10,17.350000,17.350000,17.212500,17.237499,4.394283,708000
1971-05-11,17.237499,17.262501,17.112499,17.112499,4.362419,802000
1971-05-12,17.112499,17.225000,17.100000,17.125000,4.365603,600000
1971-05-13,17.125000,17.187500,16.937500,17.012501,4.336926,620000
1971-05-14,16.950001,16.950001,16.712500,16.775000,4.276383,690000
1971-05-17,16.775000,17.225000,16.562500,16.700001,4.257259,688000
1971-05-18,16.700001,16.975000,16.674999,16.900000,4.308249,462000
1971-05-19,16.900000,17.106251,16.900000,17.100000,4.359232,438000
1971-05-20,17.100000,17.487499,17.100000,17.400000,4.435707,674000
1971-05-21,17.375000,17.375000,17.174999,17.200001,4.384723,404000
1971-05-24,17.150000,17.150000,17.049999,17.049999,4.346484,300000
1971-05-25,17.000000,17.000000,16.812500,16.850000,4.295499,732000
1971-05-26,16.850000,16.987499,16.825001,16.862499,4.298685,538000
1971-05-27,16.862499,16.900000,16.700001,16.700001,4.257259,536000
1971-05-28,16.650000,16.650000,16.250000,16.350000,4.168038,1624000
1971-06-01,16.375000,16.575001,16.375000,16.437500,4.190344,728000
1971-06-02,16.437500,16.450001,16.287500,16.325001,4.161664,788000
1971-06-03,16.325001,16.387501,16.037500,16.062500,4.094745,2522000
1971-06-04,16.112499,16.450001,16.112499,16.212500,4.132986,892000
1971-06-07,16.187500,16.187500,15.850000,15.887500,4.050135,1006000
1971-06-08,15.887500,15.975000,15.562500,15.625000,3.983217,1168000
1971-06-09,15.625000,15.925000,15.400000,15.912500,4.056507,2436000
1971-06-10,15.937500,16.100000,15.937500,16.075001,4.097930,1178000
1971-06-11,16.174999,16.287500,16.174999,16.225000,4.136172,602000
1971-06-14,16.174999,16.174999,15.900000,15.931250,4.061286,912000
1971-06-15,15.931250,16.125000,15.887500,16.075001,4.097930,706000
1971-06-16,16.075001,16.250000,16.049999,16.174999,4.123424,536000
1971-06-17,16.174999,16.187500,16.049999,16.049999,4.091558,518000
1971-06-18,16.006250,16.006250,15.750000,15.775000,4.021456,1144000
1971-06-21,15.775000,15.837500,15.631250,15.700000,4.002334,1050000
1971-06-22,15.700000,15.875000,15.662500,15.737500,4.011894,868000
1971-06-23,15.737500,15.812500,15.712500,15.762500,4.018267,688000
1971-06-24,15.762500,15.787500,15.625000,15.650000,3.989590,730000
1971-06-25,15.600000,15.600000,15.500000,15.562500,3.967284,754000
1971-06-28,15.562500,15.625000,15.525000,15.587500,3.973654,502000
1971-06-29,15.593750,15.712500,15.593750,15.700000,4.002334,758000
1971-06-30,15.775000,15.875000,15.775000,15.850000,4.040576,680000
1971-07-01,15.850000,15.925000,15.837500,15.887500,4.050135,474000
1971-07-02,15.887500,15.962500,15.837500,15.950000,4.066066,468000
1971-07-06,15.875000,15.875000,15.750000,15.825000,4.034203,484000
1971-07-07,15.825000,15.862500,15.500000,15.575000,3.970470,586000
1971-07-08,15.575000,15.675000,15.537500,15.562500,3.967284,908000
1971-07-09,15.562500,15.825000,15.562500,15.800000,4.027829,744000
1971-07-12,15.800000,15.800000,15.725000,15.750000,4.015082,630000
1971-07-13,15.725000,15.725000,15.062500,15.100000,3.849378,2494000
1971-07-14,15.050000,15.050000,14.750000,15.000000,3.823889,3922000
1971-07-15,15.000000,15.100000,14.875000,14.900000,3.798393,1400000
1971-07-16,14.900000,15.075000,14.675000,14.725000,3.753783,1764000
1971-07-19,14.725000,14.837500,14.650000,14.825000,3.779276,1076000
1971-07-20,14.925000,15.093750,14.925000,14.950000,3.811139,958000
1971-07-21,14.975000,15.087500,14.975000,15.087500,3.846194,666000
1971-07-22,15.087500,15.087500,14.925000,14.975000,3.817512,636000
1971-07-23,14.975000,14.975000,14.837500,14.900000,3.798393,586000
1971-07-26,14.900000,14.975000,14.800000,14.837500,3.782462,654000
1971-07-27,14.800000,14.800000,14.562500,14.637500,3.731474,668000
1971-07-28,14.637500,15.050000,14.612500,14.975000,3.817512,1534000
1971-07-29,14.975000,14.993750,14.675000,14.837500,3.782462,838000
1971-07-30,14.837500,14.887500,14.512500,14.562500,3.712355,934000
1971-08-02,14.637500,14.800000,14.637500,14.687500,3.744223,622000
1971-08-03,14.687500,14.737500,14.450000,14.500000,3.696424,978000
1971-08-04,14.500000,14.637500,14.275000,14.350000,3.658184,1126000
1971-08-05,14.350000,14.437500,14.275000,14.350000,3.658184,814000
1971-08-06,14.350000,14.387500,14.250000,14.275000,3.655623,558000
1971-08-09,14.275000,14.287500,14.175000,14.200000,3.636417,548000
1971-08-10,14.200000,14.350000,14.162500,14.300000,3.662027,470000
1971-08-11,14.325000,14.575000,14.325000,14.562500,3.729248,760000
1971-08-12,14.700000,14.875000,14.700000,14.837500,3.799671,858000
1971-08-13,14.825000,14.825000,14.700000,14.750000,3.777267,390000
1971-08-16,15.675000,16.000000,15.675000,15.700000,4.020544,2058000
1971-08-17,15.700000,15.900000,15.700000,15.787500,4.042955,1682000
1971-08-18,15.750000,15.750000,15.475000,15.512500,3.972529,1126000
1971-08-19,15.500000,15.500000,15.325000,15.350000,3.930917,834000
1971-08-20,15.350000,15.500000,15.275000,15.450000,3.956527,430000
1971-08-23,15.562500,15.737500,15.562500,15.737500,4.030150,580000
1971-08-24,15.750000,15.943750,15.750000,15.912500,4.074965,678000
1971-08-25,15.912500,15.918750,15.662500,15.737500,4.030150,504000
1971-08-26,15.737500,15.750000,15.512500,15.700000,4.020544,416000
1971-08-27,15.700000,15.875000,15.675000,15.775000,4.039755,450000
1971-08-30,15.775000,15.837500,15.500000,15.506250,3.970931,458000
1971-08-31,15.375000,15.375000,15.075000,15.200000,3.892505,694000
1971-09-01,15.200000,15.287500,15.050000,15.075000,3.860491,652000
1971-09-02,15.075000,15.087500,14.950000,14.975000,3.834882,580000
1971-09-03,14.987500,15.400000,14.987500,15.387500,3.940519,672000
1971-09-07,15.500000,15.650000,15.500000,15.500000,3.969328,754000
1971-09-08,15.500000,15.587500,15.462500,15.525000,3.975733,420000
1971-09-09,15.525000,15.537500,15.312500,15.318750,3.922915,498000
1971-09-10,15.287500,15.287500,15.125000,15.262500,3.908507,376000
1971-09-13,15.200000,15.200000,15.000000,15.000000,3.841287,578000
1971-09-14,15.000000,15.012500,14.950000,14.987500,3.838088,508000
1971-09-15,14.987500,15.187500,14.987500,15.150000,3.879699,418000
1971-09-16,15.125000,15.125000,14.987500,15.050000,3.854092,928000
1971-09-17,15.050000,15.137500,15.000000,15.037500,3.850888,712000
1971-09-20,15.112500,15.225000,15.112500,15.200000,3.892505,634000
1971-09-21,15.200000,15.325000,15.162500,15.275000,3.911709,512000
1971-09-22,15.300000,15.437500,15.300000,15.387500,3.940519,854000
1971-09-23,15.387500,15.437500,15.250000,15.250000,3.905308,710000
1971-09-24,15.250000,15.475000,15.225000,15.237500,3.902108,764000
1971-09-27,15.225000,15.225000,15.050000,15.193750,3.890903,690000
1971-09-28,15.193750,15.325000,15.175000,15.212500,3.895705,562000
1971-09-29,15.212500,15.212500,15.112500,15.137500,3.876497,446000
1971-09-30,15.137500,15.309375,15.125000,15.187500,3.889301,556000
1971-10-01,15.212500,15.300000,15.212500,15.300000,3.918112,674000
1971-10-04,15.300000,15.400000,15.300000,15.325000,3.924515,632000
1971-10-05,15.325000,15.387500,15.262500,15.387500,3.940519,864000
1971-10-06,15.387500,15.450000,15.287500,15.450000,3.956527,992000
1971-10-07,15.450000,15.625000,15.400000,15.425000,3.950123,1122000
1971-10-08,15.425000,15.462500,15.200000,15.237500,3.902108,804000
1971-10-11,15.237500,15.300000,15.175000,15.287500,3.914912,286000
1971-10-12,15.287500,15.762500,15.250000,15.756250,4.034950,1458000
1971-10-13,15.681250,15.681250,15.425000,15.462500,3.959725,806000
1971-10-14,15.462500,15.475000,15.350000,15.387500,3.940519,502000
1971-10-15,15.387500,15.462500,15.337500,15.437500,3.953323,460000
1971-10-18,15.437500,15.462500,15.262500,15.450000,3.956527,582000
1971-10-19,15.312500,15.462500,15.262500,15.450000,3.956527,582000
1971-10-20,15.425000,15.425000,15.250000,15.250000,3.905308,716000
1971-10-21,15.250000,15.287500,15.050000,15.200000,3.892505,640000
1971-10-22,15.200000,15.400000,15.050000,15.081250,3.862092,546000
1971-10-25,15.081250,15.162500,15.075000,15.100000,3.866892,322000
1971-10-26,15.100000,15.237500,14.950000,14.950000,3.828482,666000
1971-10-27,14.950000,15.025000,14.812500,14.850000,3.802875,650000
1971-10-28,14.850000,15.050000,14.787500,14.912500,3.818878,660000
1971-10-29,14.912500,15.050000,14.775000,15.025000,3.847686,810000
1971-11-01,15.000000,15.000000,14.537500,14.618750,3.743652,482000
1971-11-02,14.618750,14.787500,14.500000,14.775000,3.783668,792000
1971-11-03,14.875000,15.175000,14.875000,15.150000,3.879699,876000
1971-11-04,15.150000,15.325000,15.012500,15.012500,3.844486,978000
1971-11-05,15.000000,15.000000,14.825000,15.000000,3.857991,578000
1971-11-08,15.000000,15.000000,14.875000,14.962500,3.848346,328000
1971-11-09,14.962500,15.100000,14.950000,14.950000,3.845130,448000
1971-11-10,14.950000,14.987500,14.837500,14.862500,3.822625,416000
1971-11-11,14.800000,14.800000,14.412500,14.612500,3.758327,1136000
1971-11-12,14.612500,14.825000,14.425000,14.712500,3.784044,696000
1971-11-15,14.712500,14.750000,14.681250,14.712500,3.784044,414000
1971-11-16,14.712500,15.100000,14.687500,15.100000,3.883710,892000
1971-11-17,15.087500,15.087500,14.912500,15.050000,3.870850,900000
1971-11-18,15.050000,15.050000,14.700000,14.737500,3.790477,558000
1971-11-19,14.737500,14.787500,14.675000,14.675000,3.774401,352000
1971-11-22,14.675000,14.762500,14.587500,14.587500,3.751893,432000
1971-11-23,14.587500,14.662500,14.500000,14.525000,3.735821,606000
1971-11-24,14.525000,14.700000,14.512500,14.587500,3.751893,454000
1971-11-26,14.587500,14.937500,14.575000,14.937500,3.841914,324000
1971-11-29,14.962500,15.125000,14.962500,15.112500,3.886925,982000
1971-11-30,15.112500,15.275000,15.012500,15.275000,3.928722,710000
1971-12-01,15.325000,15.500000,15.325000,15.487500,3.983376,1264000
1971-12-02,15.487500,15.600000,15.412500,15.475000,3.980159,864000
1971-12-03,15.475000,16.075001,15.475000,16.049999,4.128047,1364000
1971-12-06,16.037500,16.037500,15.662500,15.662500,4.028382,976000
1971-12-07,15.662500,15.862500,15.550000,15.850000,4.076610,718000
1971-12-08,15.850000,15.862500,15.675000,15.675000,4.031601,666000
1971-12-09,15.675000,15.925000,15.600000,15.875000,4.083042,506000
1971-12-10,15.887500,16.237499,15.887500,16.225000,4.173061,1146000
1971-12-13,16.225000,16.400000,16.212500,16.212500,4.169844,814000
1971-12-14,16.212500,16.262501,16.000000,16.000000,4.115188,606000
1971-12-15,16.000000,16.400000,15.925000,16.356251,4.206818,690000
1971-12-16,16.712500,16.987499,16.712500,16.950001,4.359531,1416000
1971-12-17,16.950001,16.987499,16.712500,16.950001,4.359531,884000
1971-12-20,17.049999,17.424999,17.049999,17.075001,4.391678,1436000
1971-12-21,17.075001,17.350000,16.900000,17.299999,4.449549,818000
1971-12-22,17.250000,17.250000,17.062500,17.062500,4.388463,532000
1971-12-23,16.987499,16.987499,16.750000,16.799999,4.320948,722000
1971-12-27,16.799999,16.825001,16.674999,16.674999,4.288798,438000
1971-12-28,16.674999,16.987499,16.525000,16.962500,4.362742,576000
1971-12-29,16.962500,17.000000,16.837500,16.850000,4.333808,356000
1971-12-30,16.850000,16.862499,16.750000,16.750000,4.308088,260000
1971-12-31,16.750000,16.900000,16.700001,16.825001,4.327380,384000
1972-01-03,16.825001,16.924999,16.650000,16.650000,4.282372,544000
1972-01-04,16.650000,17.000000,16.587500,17.000000,4.372391,554000
1972-01-05,17.000000,17.174999,16.962500,17.049999,4.385248,492000
1972-01-06,17.049999,17.075001,16.937500,17.049999,4.385248,578000
1972-01-07,17.049999,17.137501,16.825001,16.937500,4.356317,542000
1972-01-10,16.937500,16.987499,16.837500,16.900000,4.346669,462000
1972-01-11,16.912500,17.062500,16.912500,17.049999,4.385248,544000
1972-01-12,17.100000,17.375000,17.100000,17.112499,4.401324,948000
1972-01-13,17.062500,17.062500,16.950001,17.049999,4.385248,898000
1972-01-14,17.125000,17.500000,17.125000,17.500000,4.500985,1410000
1972-01-17,17.500000,17.537500,17.350000,17.475000,4.494559,930000
1972-01-18,17.475000,17.674999,17.475000,17.475000,4.494559,678000
1972-01-19,17.475000,17.762501,17.462500,17.662500,4.542787,612000
1972-01-20,18.000000,18.250000,18.000000,18.174999,4.674600,2238000
1972-01-21,18.174999,18.500000,18.162500,18.412500,4.735682,2360000
1972-01-24,18.299999,18.299999,18.025000,18.025000,4.636018,752000
1972-01-25,18.025000,18.500000,17.850000,18.299999,4.706748,1364000
1972-01-26,18.299999,18.500000,18.212500,18.437500,4.742114,850000
1972-01-27,18.437500,18.462500,18.350000,18.412500,4.735682,478000
1972-01-28,18.412500,18.600000,18.375000,18.412500,4.735682,1214000
1972-01-31,18.412500,18.493750,18.337500,18.400000,4.732469,552000
1972-02-01,18.400000,18.450001,18.250000,18.450001,4.745326,406000
1972-02-02,18.450001,18.743750,18.424999,18.674999,4.803196,766000
1972-02-03,18.674999,18.750000,18.512501,18.662500,4.817394,946000
1972-02-04,18.612499,18.612499,18.462500,18.487499,4.772221,440000
1972-02-07,18.487499,18.549999,18.375000,18.424999,4.756095,472000
1972-02-08,18.450001,18.612499,18.450001,18.612499,4.804488,368000
1972-02-09,18.612499,18.750000,18.600000,18.687500,4.823847,694000
1972-02-10,18.687500,18.737499,18.525000,18.600000,4.801264,440000
1972-02-11,18.600000,18.737499,18.525000,18.687500,4.823847,406000
1972-02-14,18.637501,18.637501,18.412500,18.450001,4.762542,584000
1972-02-15,18.450001,18.512501,18.387501,18.487499,4.772221,324000
1972-02-16,18.487499,18.500000,18.450001,18.468750,4.767381,400000
1972-02-17,18.468750,18.600000,18.325001,18.387501,4.746409,538000
1972-02-18,18.387501,18.437500,18.225000,18.437500,4.759317,384000
1972-02-22,18.437500,18.674999,18.424999,18.424999,4.756095,504000
1972-02-23,18.424999,18.587500,18.400000,18.450001,4.762542,360000
1972-02-24,18.450001,18.549999,18.237499,18.237499,4.707686,498000
1972-02-25,18.275000,18.650000,18.275000,18.625000,4.807715,516000
1972-02-28,18.587500,18.587500,18.250000,18.350000,4.736731,372000
1972-02-29,18.350000,18.537500,18.299999,18.424999,4.756095,584000
1972-03-01,18.475000,18.687500,18.475000,18.625000,4.807715,490000
1972-03-02,18.712500,19.025000,18.712500,18.812500,4.856115,1496000
1972-03-03,18.812500,18.937500,18.725000,18.875000,4.872250,448000
1972-03-06,18.875000,19.087500,18.825001,19.000000,4.904514,680000
1972-03-07,19.000000,19.187500,18.975000,19.187500,4.952919,668000
1972-03-08,19.187500,19.225000,19.100000,19.100000,4.930329,530000
1972-03-09,19.100000,19.250000,19.012501,19.150000,4.943235,576000
1972-03-10,19.100000,19.100000,18.875000,18.912500,4.881931,416000
1972-03-13,18.887501,18.887501,18.600000,18.662500,4.817394,472000
1972-03-14,18.662500,18.700001,18.575001,18.575001,4.794809,524000
1972-03-15,18.600000,18.725000,18.600000,18.650000,4.814170,446000
1972-03-16,18.650000,18.700001,18.299999,18.650000,4.814170,746000
1972-03-17,18.650000,18.850000,18.562500,18.850000,4.865795,578000
1972-03-20,18.850000,19.049999,18.837500,18.843750,4.864182,594000
1972-03-21,18.843750,18.950001,18.650000,18.825001,4.859344,730000
1972-03-22,18.850000,19.037500,18.850000,18.887501,4.875473,732000
1972-03-23,18.950001,19.125000,18.950001,19.112499,4.933553,578000
1972-03-24,19.112499,19.200001,19.062500,19.137501,4.940010,586000
1972-03-27,19.137501,19.250000,19.049999,19.250000,4.969046,792000
1972-03-28,19.250000,19.299999,19.187500,19.243750,4.967433,672000
1972-03-29,19.181250,19.181250,19.000000,19.000000,4.904514,462000
1972-03-30,19.000000,19.174999,18.937500,19.112499,4.933553,348000
1972-04-03,19.112499,19.387501,19.100000,19.275000,4.975502,650000
1972-04-04,19.275000,19.475000,19.174999,19.450001,5.020675,662000
1972-04-05,19.450001,19.687500,19.450001,19.600000,5.059391,848000
1972-04-06,19.600000,19.674999,19.549999,19.549999,5.046489,528000
1972-04-07,19.549999,19.549999,19.424999,19.462500,5.023899,366000
1972-04-10,19.500000,19.687500,19.500000,19.525000,5.040032,544000
1972-04-11,19.525000,19.674999,19.475000,19.525000,5.040032,370000
1972-04-12,19.587500,19.987499,19.587500,19.875000,5.130382,1438000
1972-04-13,19.875000,19.900000,19.700001,19.712500,5.088436,426000
1972-04-14,19.712500,19.900000,19.687500,19.750000,5.098114,324000
1972-04-17,19.750000,19.750000,19.650000,19.750000,5.098114,552000
1972-04-18,19.762501,19.975000,19.762501,19.787500,5.107793,632000
1972-04-19,19.787500,19.837500,19.525000,19.549999,5.046489,514000
1972-04-20,19.537500,19.537500,19.375000,19.387501,5.004541,578000
1972-04-21,19.387501,19.462500,19.174999,19.250000,4.969046,788000
1972-04-24,19.250000,19.275000,19.162500,19.250000,4.969046,352000
1972-04-25,19.174999,19.174999,19.049999,19.075001,4.923875,396000
1972-04-26,19.075001,19.250000,18.962500,19.000000,4.904514,652000
1972-04-27,19.049999,19.225000,19.049999,19.049999,4.917419,336000
1972-04-28,19.062500,19.350000,19.062500,19.299999,4.981958,348000
1972-05-01,19.299999,19.312500,19.100000,19.125000,4.936784,318000
1972-05-02,19.125000,19.299999,19.000000,19.000000,4.904514,492000
1972-05-03,19.000000,19.187500,18.937500,18.950001,4.891609,496000
1972-05-04,18.950001,19.250000,18.837500,19.225000,4.980337,510000
1972-05-05,19.225000,19.487499,19.137501,19.437500,5.035386,544000
1972-05-08,19.350000,19.350000,19.174999,19.312500,5.003003,476000
1972-05-09,19.287500,19.287500,18.962500,18.962500,4.912334,998000
1972-05-10,18.962500,19.299999,18.950001,19.187500,4.970624,402000
1972-05-11,19.187500,19.325001,19.150000,19.174999,4.967380,588000
1972-05-12,19.174999,19.325001,19.031250,19.100000,4.947953,520000
1972-05-15,19.225000,19.337500,19.225000,19.325001,5.006244,464000
1972-05-16,19.325001,19.350000,19.174999,19.187500,4.970624,386000
1972-05-17,19.187500,19.475000,19.174999,19.475000,5.045100,578000
1972-05-18,19.500000,19.750000,19.500000,19.725000,5.109863,834000
1972-05-19,19.725000,19.900000,19.725000,19.812500,5.132530,564000
1972-05-22,19.924999,20.075001,19.924999,20.049999,5.194058,1100000
1972-05-23,20.049999,20.125000,19.887501,20.100000,5.207007,822000
1972-05-24,20.100000,20.237499,20.025000,20.150000,5.219964,770000
1972-05-25,20.150000,20.200001,20.062500,20.200001,5.232912,662000
1972-05-26,20.200001,20.299999,20.112499,20.200001,5.232912,676000
1972-05-30,20.162500,20.162500,19.725000,19.775000,5.122817,506000
1972-05-31,19.799999,19.950001,19.799999,19.887501,5.151960,604000
1972-06-01,19.950001,20.049999,19.950001,19.950001,5.168152,478000
1972-06-02,19.950001,20.049999,19.881250,19.924999,5.161673,514000
1972-06-05,19.875000,19.875000,19.712500,19.725000,5.109863,358000
1972-06-06,19.725000,19.825001,19.575001,19.650000,5.090432,496000
1972-06-07,19.650000,19.775000,19.562500,19.762501,5.119578,434000
1972-06-08,19.762501,19.850000,19.637501,19.637501,5.087198,462000
1972-06-09,19.637501,19.731251,19.549999,19.549999,5.064528,372000
1972-06-12,19.549999,19.662500,19.375000,19.387501,5.022432,450000
1972-06-13,19.387501,19.650000,19.350000,19.637501,5.087198,486000
1972-06-14,19.750000,19.987499,19.750000,19.987499,5.177866,706000
1972-06-15,19.987499,20.037500,19.812500,19.875000,5.148723,530000
1972-06-16,19.875000,19.975000,19.799999,19.937500,5.164913,302000
1972-06-19,19.937500,19.937500,19.775000,19.825001,5.135772,198000
1972-06-20,19.825001,19.900000,19.762501,19.850000,5.142246,310000
1972-06-21,19.850000,20.037500,19.825001,19.875000,5.148723,484000
1972-06-22,19.799999,19.799999,19.600000,19.787500,5.126052,456000
1972-06-23,19.787500,19.862499,19.737499,19.750000,5.116338,438000
1972-06-26,19.674999,19.674999,19.549999,19.612499,5.080719,432000
1972-06-27,19.612499,19.750000,19.525000,19.612499,5.080719,334000
1972-06-28,19.612499,19.712500,19.531250,19.531250,5.059672,382000
1972-06-29,19.531250,19.600000,19.412500,19.575001,5.071002,450000
1972-06-30,19.600000,19.712500,19.600000,19.600000,5.077478,260000
1972-07-03,19.650000,19.762501,19.650000,19.756250,5.117957,208000
1972-07-05,19.825001,20.087500,19.825001,20.000000,5.181103,558000
1972-07-06,20.150000,20.256250,20.150000,20.187500,5.229676,748000
1972-07-07,20.187500,20.275000,20.174999,20.200001,5.232912,490000
1972-07-10,20.200001,20.200001,19.950001,19.950001,5.168152,444000
1972-07-11,19.950001,19.975000,19.825001,19.850000,5.142246,306000
1972-07-12,19.850000,19.937500,19.762501,19.787500,5.126052,432000
1972-07-13,19.787500,19.850000,19.587500,19.587500,5.074244,572000
1972-07-14,19.587500,20.049999,19.575001,19.662500,5.093674,740000
1972-07-17,19.662500,19.787500,19.375000,19.400000,5.025671,516000
1972-07-18,19.400000,19.437500,19.174999,19.424999,5.032146,898000
1972-07-19,19.500000,19.700001,19.500000,19.500000,5.051576,768000
1972-07-20,19.500000,19.575001,19.475000,19.537500,5.061290,464000
1972-07-21,19.537500,19.825001,19.462500,19.825001,5.135772,502000
1972-07-24,19.900000,20.049999,19.900000,19.937500,5.164913,760000
1972-07-25,19.937500,20.025000,19.900000,19.900000,5.155200,672000
1972-07-26,19.900000,19.906250,19.650000,19.725000,5.109863,1080000
1972-07-27,19.725000,19.900000,19.725000,19.850000,5.142246,418000
1972-07-28,19.850000,19.987499,19.812500,19.900000,5.155200,390000
1972-07-31,19.912500,20.037500,19.912500,20.037500,5.190816,430000
1972-08-01,20.100000,20.500000,20.100000,20.500000,5.310626,1226000
1972-08-02,20.500000,20.575001,20.424999,20.450001,5.297678,844000
1972-08-03,20.450001,20.825001,20.400000,20.762501,5.396447,1462000
1972-08-04,20.762501,20.850000,20.625000,20.799999,5.406189,648000
1972-08-07,20.799999,21.012501,20.762501,20.887501,5.428934,1000000
1972-08-08,20.887501,20.950001,20.775000,20.912500,5.435430,602000
1972-08-09,20.912500,21.174999,20.900000,21.174999,5.503660,682000
1972-08-10,21.174999,21.250000,21.062500,21.174999,5.503660,910000
1972-08-11,21.174999,21.275000,21.112499,21.275000,5.529651,744000
1972-08-14,21.275000,21.337500,21.237499,21.237499,5.519903,658000
1972-08-15,21.137501,21.137501,20.950001,21.012501,5.461421,680000
1972-08-16,21.012501,21.075001,20.799999,20.799999,5.406189,356000
1972-08-17,20.799999,20.862499,20.662500,20.662500,5.370453,522000
1972-08-18,20.662500,20.825001,20.575001,20.575001,5.347711,498000
1972-08-21,20.575001,20.687500,20.412500,20.525000,5.334714,410000
1972-08-22,20.549999,20.725000,20.549999,20.637501,5.363955,494000
1972-08-23,20.637501,20.700001,20.575001,20.650000,5.367204,294000
1972-08-24,20.650000,20.674999,20.356251,20.362499,5.292481,340000
1972-08-25,20.362499,20.400000,20.275000,20.299999,5.276235,566000
1972-08-28,20.299999,20.375000,20.212500,20.212500,5.253494,398000
1972-08-29,20.212500,20.450001,20.150000,20.437500,5.311972,728000
1972-08-30,20.437500,20.475000,20.350000,20.400000,5.302225,344000
1972-08-31,20.400000,20.462500,20.299999,20.424999,5.308723,442000
1972-09-01,20.424999,20.487499,20.262501,20.312500,5.279482,384000
1972-09-05,20.312500,20.337500,20.225000,20.237499,5.259988,342000
1972-09-06,20.237499,20.275000,20.049999,20.062500,5.214505,352000
1972-09-07,20.062500,20.150000,19.937500,19.975000,5.191762,454000
1972-09-08,19.975000,20.025000,19.937500,19.937500,5.182017,372000
1972-09-11,19.887501,19.887501,19.674999,19.825001,5.152779,430000
1972-09-12,19.825001,19.924999,19.662500,19.750000,5.133283,572000
1972-09-13,19.750000,19.900000,19.662500,19.900000,5.172271,546000
1972-09-14,19.900000,20.025000,19.862499,19.975000,5.191762,372000
1972-09-15,19.975000,20.012501,19.887501,19.887501,5.169021,388000
1972-09-18,19.850000,19.850000,19.700001,19.812500,5.149525,344000
1972-09-19,19.850000,19.962500,19.850000,19.850000,5.159274,384000
1972-09-20,19.850000,20.043751,19.850000,20.025000,5.204755,372000
1972-09-21,20.025000,20.049999,19.924999,19.975000,5.191762,394000
1972-09-22,19.975000,19.987499,19.825001,19.912500,5.175517,466000
1972-09-25,19.912500,19.950001,19.862499,19.912500,5.175517,372000
1972-09-26,19.912500,20.075001,19.900000,19.906250,5.173893,566000
1972-09-27,19.912500,20.350000,19.912500,20.350000,5.289227,794000
1972-09-28,20.287500,20.287500,20.075001,20.212500,5.253494,778000
1972-09-29,20.212500,20.337500,20.174999,20.325001,5.282731,670000
1972-10-02,20.325001,20.337500,20.174999,20.262501,5.266486,484000
1972-10-03,20.262501,20.375000,20.262501,20.337500,5.285983,450000
1972-10-04,20.337500,20.393749,20.162500,20.162500,5.240502,450000
1972-10-05,20.162500,20.174999,19.750000,19.750000,5.133283,740000
1972-10-06,19.750000,20.187500,19.687500,20.075001,5.217752,738000
1972-10-09,20.075001,20.168751,20.000000,20.012501,5.201510,220000
1972-10-10,20.012501,20.150000,19.600000,19.700001,5.120288,1108000
1972-10-11,19.700001,19.712500,19.200001,19.537500,5.078049,2046000
1972-10-12,19.424999,19.424999,19.225000,19.225000,4.996830,1050000
1972-10-13,19.174999,19.174999,18.862499,18.950001,4.925352,1440000
1972-10-16,18.950001,19.000000,18.112499,18.225000,4.736916,1904000
1972-10-17,18.225000,18.600000,18.075001,18.512501,4.811643,2628000
1972-10-18,18.725000,18.987499,18.725000,18.950001,4.925352,1614000
1972-10-19,18.950001,18.962500,18.775000,18.924999,4.918855,812000
1972-10-20,18.924999,19.350000,18.900000,19.350000,5.029315,798000
1972-10-23,19.450001,19.625000,19.450001,19.525000,5.074804,552000
1972-10-24,19.525000,19.525000,19.275000,19.462500,5.058555,550000
1972-10-25,19.437500,19.437500,19.150000,19.174999,4.983831,322000
1972-10-26,19.174999,19.174999,18.850000,18.875000,4.905859,810000
1972-10-27,18.912500,19.037500,18.912500,18.937500,4.922103,486000
1972-10-30,18.937500,19.049999,18.900000,18.987499,4.935098,278000
1972-10-31,19.049999,19.275000,19.049999,19.275000,5.009829,500000
1972-11-01,19.299999,19.487499,19.299999,19.475000,5.061808,744000
1972-11-02,19.475000,19.549999,19.412500,19.549999,5.081301,550000
1972-11-03,19.543751,19.543751,19.350000,19.393749,5.040684,512000
1972-11-06,19.393749,19.424999,18.825001,19.049999,4.951347,1024000
1972-11-08,19.049999,19.150000,18.662500,18.825001,4.910261,1156000
1972-11-09,18.812500,18.812500,18.549999,18.575001,4.845051,820000
1972-11-10,18.575001,18.737499,18.562500,18.612499,4.854836,834000
1972-11-13,18.662500,18.850000,18.662500,18.837500,4.913520,704000
1972-11-14,18.937500,19.400000,18.937500,19.400000,5.060240,998000
1972-11-15,19.400000,19.500000,19.212500,19.212500,5.011335,568000
1972-11-16,19.212500,19.275000,19.137501,19.250000,5.021118,496000
1972-11-17,19.250000,19.262501,19.025000,19.200001,5.008075,402000
1972-11-20,19.200001,19.275000,19.137501,19.250000,5.021118,366000
1972-11-21,19.262501,19.400000,19.262501,19.362499,5.050457,652000
1972-11-22,19.362499,19.725000,19.350000,19.700001,5.138494,904000
1972-11-24,19.700001,19.712500,19.424999,19.450001,5.073291,480000
1972-11-27,19.362499,19.362499,19.200001,19.275000,5.027637,400000
1972-11-28,19.275000,19.312500,19.075001,19.112499,4.985250,398000
1972-11-29,19.112499,19.350000,19.000000,19.350000,5.047205,540000
1972-11-30,19.350000,19.562500,19.350000,19.549999,5.099366,440000
1972-12-01,19.549999,20.049999,19.549999,19.900000,5.190661,1124000
1972-12-04,19.962500,20.037500,19.962500,20.025000,5.223264,1088000
1972-12-05,20.000000,20.000000,19.887501,19.900000,5.190661,578000
1972-12-06,19.900000,19.950001,19.799999,19.850000,5.177621,640000
1972-12-07,19.850000,19.875000,19.799999,19.837500,5.174360,504000
1972-12-08,19.862499,20.225000,19.862499,20.150000,5.255871,934000
1972-12-11,20.150000,20.250000,20.100000,20.212500,5.272174,616000
1972-12-12,20.187500,20.187500,19.924999,19.950001,5.203703,610000
1972-12-13,19.950001,19.950001,19.812500,19.812500,5.167836,416000
1972-12-14,19.812500,19.850000,19.725000,19.775000,5.158060,422000
1972-12-15,19.799999,20.049999,19.799999,19.906250,5.192292,570000
1972-12-18,19.875000,19.875000,19.625000,19.725000,5.145014,798000
1972-12-19,19.687500,19.687500,19.500000,19.500000,5.086327,752000
1972-12-20,19.500000,19.637501,19.299999,19.475000,5.079806,620000
1972-12-21,19.475000,19.487499,19.275000,19.275000,5.027637,516000
1972-12-22,19.275000,19.525000,19.250000,19.525000,5.092848,360000
1972-12-26,19.575001,19.775000,19.575001,19.587500,5.109152,292000
1972-12-27,19.612499,19.950001,19.612499,19.950001,5.203703,556000
1972-12-29,19.950001,20.150000,19.950001,20.100000,5.242828,930000
1973-01-02,20.225000,20.475000,20.225000,20.450001,5.334124,726000
1973-01-03,20.462500,20.687500,20.462500,20.462500,5.337384,1090000
1973-01-04,20.462500,20.625000,20.299999,20.587500,5.369988,924000
1973-01-05,20.637501,20.975000,20.637501,20.937500,5.461281,1204000
1973-01-08,20.937500,21.000000,20.799999,20.937500,5.461281,654000
1973-01-09,20.937500,20.962500,20.762501,20.875000,5.444976,676000
1973-01-10,20.775000,20.775000,20.562500,20.575001,5.366727,496000
1973-01-11,20.600000,21.150000,20.600000,20.762501,5.415635,1060000
1973-01-12,20.862499,21.250000,20.862499,21.000000,5.477583,994000
1973-01-15,21.137501,21.450001,21.137501,21.162500,5.519968,1374000
1973-01-16,21.162500,21.237499,21.037500,21.125000,5.510186,908000
1973-01-17,21.125000,21.212500,21.037500,21.200001,5.529749,418000
1973-01-18,21.350000,21.500000,21.350000,21.443750,5.593329,752000
1973-01-19,21.443750,21.950001,21.362499,21.950001,5.725378,1196000
1973-01-22,21.950001,21.950001,21.799999,21.799999,5.686251,690000
1973-01-23,21.799999,22.237499,21.687500,22.212500,5.793849,1096000
1973-01-24,22.212500,22.424999,21.725000,21.799999,5.686251,1302000
1973-01-26,21.799999,21.900000,21.612499,21.887501,5.709074,1106000
1973-01-29,21.887501,22.100000,21.700001,22.075001,5.757981,800000
1973-01-30,22.075001,22.250000,21.924999,21.950001,5.725378,890000
1973-01-31,21.887501,21.887501,21.725000,21.775000,5.679727,546000
1973-02-01,21.775000,21.900000,21.424999,21.450001,5.594963,696000
1973-02-02,21.450001,21.600000,21.350000,21.487499,5.604743,828000
1973-02-05,21.487499,21.600000,21.424999,21.500000,5.608000,350000
1973-02-06,21.549999,22.000000,21.549999,21.887501,5.709074,690000
1973-02-07,21.924999,22.100000,21.924999,21.924999,5.737204,742000
1973-02-08,21.924999,21.950001,21.575001,21.875000,5.724120,1034000
1973-02-09,21.887501,22.299999,21.887501,22.299999,5.835333,784000
1973-02-12,22.325001,22.500000,22.325001,22.424999,5.868045,686000
1973-02-13,22.549999,22.825001,22.549999,22.549999,5.900751,1264000
1973-02-14,22.537500,22.537500,22.275000,22.281250,5.830429,586000
1973-02-15,22.281250,22.362499,22.012501,22.075001,5.776457,796000
1973-02-16,22.075001,22.137501,21.962500,22.062500,5.773186,488000
1973-02-20,22.150000,22.350000,22.150000,22.350000,5.848418,534000
1973-02-21,22.350000,22.375000,22.049999,22.187500,5.805894,426000
1973-02-22,22.187500,22.250000,21.924999,22.200001,5.809167,630000
1973-02-23,22.125000,22.125000,21.600000,21.674999,5.671787,744000
1973-02-26,21.674999,21.674999,21.362499,21.549999,5.639081,1048000
1973-02-27,21.549999,21.600000,21.100000,21.150000,5.534405,952000
1973-02-28,21.150000,21.575001,20.924999,21.575001,5.645617,1144000
1973-03-01,21.575001,21.750000,21.325001,21.350000,5.586740,926000
1973-03-02,21.350000,22.200001,21.100000,22.100000,5.782998,966000
1973-03-05,22.100000,22.106251,21.625000,21.937500,5.740470,1040000
1973-03-06,21.937500,22.287500,21.762501,21.862499,5.720853,854000
1973-03-07,21.924999,22.275000,21.924999,22.049999,5.769914,696000
1973-03-08,22.049999,22.162500,21.912500,22.025000,5.763373,546000
1973-03-09,22.025000,22.125000,21.900000,21.975000,5.750289,378000
1973-03-12,22.037500,22.200001,22.037500,22.125000,5.789539,380000
1973-03-13,22.125000,22.337500,22.100000,22.237499,5.818980,492000
1973-03-14,22.237499,22.475000,22.237499,22.437500,5.871315,586000
1973-03-15,22.437500,22.487499,22.200001,22.200001,5.809167,548000
1973-03-16,22.200001,22.424999,22.025000,22.174999,5.802622,618000
1973-03-19,22.143749,22.143749,21.875000,21.893749,5.729029,530000
1973-03-20,21.893749,22.000000,21.674999,21.887501,5.727396,580000
1973-03-21,21.887501,22.062500,21.512501,21.525000,5.632538,550000
1973-03-22,21.443750,21.443750,21.212500,21.275000,5.567116,1046000
1973-03-23,21.275000,21.450001,20.975000,21.400000,5.599830,1198000
1973-03-26,21.400000,21.750000,21.362499,21.625000,5.658703,692000
1973-03-27,21.625000,21.924999,21.600000,21.875000,5.724120,662000
1973-03-28,21.875000,21.887501,21.700001,21.725000,5.684872,486000
1973-03-29,21.725000,21.950001,21.700001,21.937500,5.740470,654000
1973-03-30,21.875000,21.875000,21.525000,21.575001,5.645617,570000
1973-04-02,21.575001,21.637501,21.350000,21.400000,5.599830,310000
1973-04-03,21.400000,21.437500,21.200001,21.212500,5.550763,898000
1973-04-04,21.212500,21.325001,21.000000,21.150000,5.534405,680000
1973-04-05,21.150000,21.200001,21.000000,21.143749,5.532770,756000
1973-04-06,21.162500,21.400000,21.162500,21.174999,5.540947,480000
1973-04-09,21.174999,21.475000,21.025000,21.475000,5.619449,464000
1973-04-10,21.487499,21.750000,21.487499,21.712500,5.681599,636000
1973-04-11,21.712500,21.812500,21.325001,21.512501,5.629264,730000
1973-04-12,21.512501,21.612499,21.437500,21.612499,5.655434,554000
1973-04-13,21.537500,21.537500,21.424999,21.487499,5.622728,344000
1973-04-16,21.487499,21.487499,21.250000,21.262501,5.563848,402000
1973-04-17,21.262501,21.287500,21.174999,21.250000,5.560577,416000
1973-04-18,21.250000,21.600000,21.212500,21.600000,5.652161,560000
1973-04-19,21.600000,21.625000,21.412500,21.450001,5.612909,626000
1973-04-23,21.412500,21.412500,21.225000,21.275000,5.567116,446000
1973-04-24,21.174999,21.174999,20.750000,20.762501,5.433010,914000
1973-04-25,20.487499,20.487499,20.312500,20.375000,5.331612,1406000
1973-04-26,20.375000,20.575001,20.275000,20.487499,5.361049,948000
1973-04-27,20.487499,20.549999,20.256250,20.262501,5.302170,802000
1973-04-30,20.262501,20.450001,20.062500,20.400000,5.338155,1082000
1973-05-01,20.575001,20.887501,20.575001,20.768749,5.434647,726000
1973-05-02,20.575001,20.887501,20.575001,20.768749,5.434647,726000
1973-05-03,20.768749,21.200001,20.512501,21.200001,5.547492,912000
1973-05-04,21.200001,21.262501,21.049999,21.087500,5.536331,576000
1973-05-07,20.950001,20.950001,20.812500,20.850000,5.473978,508000
1973-05-08,20.850000,21.100000,20.799999,21.100000,5.539613,448000
1973-05-09,21.100000,21.150000,20.700001,20.700001,5.434599,636000
1973-05-10,20.700001,20.775000,20.462500,20.525000,5.388655,544000
1973-05-11,20.475000,20.475000,20.275000,20.281250,5.324659,674000
1973-05-14,20.174999,20.174999,19.762501,19.806250,5.199953,1400000
1973-05-15,19.806250,20.100000,19.612499,20.000000,5.250822,1322000
1973-05-16,20.000000,20.100000,19.875000,20.000000,5.250822,834000
1973-05-17,20.000000,20.000000,19.837500,19.850000,5.211440,456000
1973-05-18,19.750000,19.750000,19.424999,19.450001,5.106423,1420000
1973-05-21,19.337500,19.337500,19.075001,19.337500,5.076886,1444000
1973-05-22,19.424999,19.687500,19.424999,19.500000,5.119550,1100000
1973-05-23,19.500000,19.825001,19.450001,19.487499,5.116266,954000
1973-05-24,19.500000,20.025000,19.500000,20.025000,5.257384,1284000
1973-05-25,20.025000,20.400000,19.875000,20.400000,5.355840,1260000
1973-05-29,20.531250,20.531250,20.218750,20.218750,5.308252,488000
1973-05-30,20.218750,20.250000,19.921875,19.937500,5.234411,622400
1973-05-31,19.937500,19.984375,19.625000,19.671875,5.164673,755200
1973-06-01,19.625000,19.625000,19.375000,19.375000,5.086735,696000
1973-06-04,19.375000,19.421875,19.195313,19.359375,5.082628,662400
1973-06-05,19.359375,19.812500,19.359375,19.812500,5.201592,712000
1973-06-06,19.812500,19.984375,19.570313,19.687500,5.168776,638400
1973-06-07,19.906250,20.781250,19.906250,20.125000,5.283640,649600
1973-06-08,20.125000,20.328125,20.062500,20.265625,5.320557,564800
1973-06-11,20.265625,20.437500,20.156250,20.187500,5.300045,516800
1973-06-12,20.203125,20.625000,20.203125,20.578125,5.402604,763200
1973-06-13,20.578125,20.843750,20.531250,20.593750,5.406702,907200
1973-06-14,20.531250,20.531250,20.000000,20.062500,5.267228,726400
1973-06-15,19.984375,19.984375,19.718750,19.890625,5.222108,584000
1973-06-18,19.812500,19.812500,19.554688,19.625000,5.152368,411200
1973-06-19,19.625000,19.875000,19.445313,19.875000,5.218004,728000
1973-06-20,19.875000,20.140625,19.859375,20.093750,5.275432,504000
1973-06-21,19.937500,19.937500,19.609375,19.718750,5.176979,422400
1973-06-22,19.718750,20.000000,19.703125,19.796875,5.197492,617600
1973-06-25,19.632813,19.632813,19.289063,19.296875,5.066218,593600
1973-06-26,19.296875,19.718750,19.125000,19.546875,5.131857,1084800
1973-06-27,19.546875,19.656250,19.343750,19.578125,5.140062,446400
1973-06-28,19.578125,19.984375,19.562500,19.984375,5.246719,577600
1973-06-29,19.968750,19.968750,19.734375,19.812500,5.201592,364800
1973-07-02,19.625000,19.625000,19.078125,19.078125,5.008789,553600
1973-07-03,19.000000,19.000000,18.437500,18.656250,4.898031,1688000
1973-07-05,18.656250,18.812500,18.531250,18.750000,4.922647,588800
1973-07-06,18.750000,18.875000,18.671875,18.765625,4.926748,470400
1973-07-09,18.765625,19.093750,18.703125,19.093750,5.012890,680000
1973-07-10,19.265625,19.625000,19.265625,19.625000,5.152368,1120000
1973-07-11,19.687500,20.000000,19.687500,20.000000,5.250822,990400
1973-07-12,19.937500,19.937500,19.609375,19.609375,5.148263,699200
1973-07-13,19.609375,19.781250,19.375000,19.375000,5.086735,313600
1973-07-16,19.375000,19.937500,19.218750,19.937500,5.234411,708800
1973-07-17,19.937500,19.968750,19.320313,19.375000,5.086735,628800
1973-07-18,19.375000,19.750000,19.250000,19.640625,5.156465,806400
1973-07-19,19.640625,19.953125,19.531250,19.687500,5.168776,806400
1973-07-20,19.687500,19.906250,19.562500,19.687500,5.168776,492800
1973-07-23,19.687500,19.781250,19.406250,19.546875,5.131857,484800
1973-07-24,19.546875,19.593750,19.312500,19.484375,5.115447,670400
1973-07-25,19.625000,20.156250,19.625000,19.937500,5.234411,1307200
1973-07-26,19.937500,20.140625,19.734375,19.921875,5.230310,641600
1973-07-27,19.921875,20.046875,19.812500,19.875000,5.218004,574400
1973-07-30,19.875000,20.046875,19.765625,20.046875,5.263126,438400
1973-07-31,20.046875,20.218750,19.656250,19.656250,5.160570,668800
1973-08-01,19.656250,19.671875,19.437500,19.468750,5.111345,572800
1973-08-02,19.468750,19.625000,19.390625,19.562500,5.135960,510400
1973-08-03,19.500000,19.500000,19.390625,19.468750,5.111345,227200
1973-08-06,19.468750,19.546875,19.265625,19.437500,5.103141,500800
1973-08-07,19.421875,19.421875,19.250000,19.250000,5.053917,536000
1973-08-08,19.125000,19.125000,19.000000,19.000000,5.006483,595200
1973-08-09,19.000000,19.171875,18.953125,18.968750,4.998251,598400
1973-08-10,18.968750,19.093750,18.789063,18.828125,4.961194,534400
1973-08-13,18.828125,18.875000,18.781250,18.843750,4.965312,353600
1973-08-14,18.843750,18.968750,18.687500,18.734375,4.936491,766400
1973-08-15,18.734375,18.968750,18.656250,18.906250,4.981779,721600
1973-08-16,18.906250,19.046875,18.765625,18.781250,4.948843,371200
1973-08-17,18.781250,18.875000,18.703125,18.781250,4.948843,334400
1973-08-20,18.781250,18.828125,18.625000,18.734375,4.936491,326400
1973-08-21,18.734375,18.796875,18.609375,18.609375,4.903554,652800
1973-08-22,18.609375,18.750000,18.578125,18.609375,4.903554,457600
1973-08-23,18.625000,18.765625,18.625000,18.703125,4.928258,438400
1973-08-24,18.703125,18.734375,18.640625,18.640625,4.911791,539200
1973-08-27,18.640625,19.031250,18.640625,19.031250,5.014719,456000
1973-08-28,19.031250,19.156250,18.953125,19.000000,5.006483,729600
1973-08-29,19.000000,19.062500,18.906250,19.015625,5.010602,446400
1973-08-30,19.015625,19.015625,18.921875,18.953125,4.994130,448000
1973-08-31,18.937500,18.937500,18.687500,18.812500,4.957079,417600
1973-09-04,18.781250,18.781250,18.546875,18.554688,4.889144,683200
1973-09-05,18.554688,18.625000,18.468750,18.609375,4.903554,644800
1973-09-06,18.609375,18.671875,18.593750,18.640625,4.911791,502400
1973-09-07,18.640625,18.640625,18.500000,18.507813,4.876793,590400
1973-09-10,18.500000,18.500000,18.328125,18.328125,4.829447,558400
1973-09-11,18.218750,18.218750,17.828125,17.875000,4.710049,1142400
1973-09-12,17.890625,18.281250,17.890625,18.156250,4.784156,747200
1973-09-13,18.156250,18.375000,18.156250,18.265625,4.812973,508800
1973-09-14,18.265625,18.625000,18.156250,18.625000,4.907673,510400
1973-09-17,17.820313,17.820313,16.921875,17.000000,4.479487,2640000
1973-09-18,16.312500,16.312500,15.796875,16.218750,4.273629,4646400
1973-09-19,16.625000,16.921875,16.625000,16.921875,4.458898,2176000
1973-09-20,16.921875,16.984375,16.625000,16.796875,4.425961,1545600
1973-09-21,16.531250,16.531250,16.125000,16.250000,4.281863,1585600
1973-09-24,16.250000,16.296875,15.656250,15.718750,4.141877,1614400
1973-09-25,15.812500,16.312500,15.812500,16.218750,4.273629,1249600
1973-09-26,16.281250,16.718750,16.281250,16.281250,4.290095,1033600
1973-09-27,16.281250,16.531250,16.187500,16.250000,4.281863,822400
1973-09-28,16.250000,16.312500,16.062500,16.125000,4.248924,652800
1973-10-01,16.109375,16.109375,15.937500,16.109375,4.244809,630400
1973-10-02,16.093750,16.093750,15.843750,15.968750,4.207754,760000
1973-10-03,15.875000,15.875000,15.453125,15.531250,4.092472,2358400
1973-10-04,15.531250,15.718750,15.312500,15.718750,4.141877,1713600
1973-10-05,15.781250,16.375000,15.781250,16.218750,4.273629,1121600
1973-10-08,16.218750,16.468750,15.937500,16.359375,4.310679,796800
1973-10-09,16.359375,16.359375,16.359375,16.359375,4.310679,0
1973-10-10,16.906250,17.781250,16.906250,17.125000,4.512424,2347200
1973-10-11,17.343750,17.734375,17.343750,17.562500,4.627709,1324800
1973-10-12,17.562500,17.781250,17.562500,17.625000,4.644174,832000
1973-10-15,17.515625,17.515625,17.375000,17.453125,4.598884,633600
1973-10-16,17.453125,17.625000,17.250000,17.617188,4.642115,649600
1973-10-17,17.617188,17.812500,17.578125,17.703125,4.664759,809600
1973-10-18,17.703125,18.281250,17.703125,17.968750,4.734749,1004800
1973-10-19,18.062500,18.437500,18.062500,18.218750,4.800631,729600
1973-10-22,18.015625,18.015625,17.500000,17.500000,4.611238,667200
1973-10-23,17.500000,18.109375,17.203125,17.875000,4.710049,713600
1973-10-24,17.875000,18.046875,17.734375,17.968750,4.734749,393600
1973-10-25,17.968750,18.218750,17.843750,18.062500,4.759454,824000
1973-10-26,18.062500,18.234375,17.687500,17.843750,4.701814,974400
1973-10-29,17.843750,18.046875,17.750000,17.812500,4.693580,635200
1973-10-30,17.796875,17.796875,17.406250,17.406250,4.586532,820800
1973-10-31,17.406250,17.609375,17.328125,17.515625,4.615354,739200
1973-11-01,17.515625,17.796875,17.406250,17.578125,4.631823,492800
1973-11-02,17.578125,17.812500,17.500000,17.515625,4.615354,584000
1973-11-05,17.437500,17.437500,17.187500,17.296875,4.557712,644800
1973-11-06,17.296875,17.546875,17.250000,17.250000,4.545359,531200
1973-11-07,17.250000,17.468750,17.218750,17.296875,4.557712,390400
1973-11-08,17.625000,17.859375,17.625000,17.640625,4.667178,926400
1973-11-09,17.625000,17.625000,17.390625,17.398438,4.603100,540800
1973-11-12,17.398438,17.796875,17.265625,17.765625,4.700249,710400
1973-11-13,17.937500,18.125000,17.937500,18.109375,4.791197,1001600
1973-11-14,18.109375,18.125000,17.734375,17.937500,4.745721,824000
1973-11-15,17.875000,17.875000,17.218750,17.500000,4.629976,1083200
1973-11-16,17.515625,18.015625,17.515625,17.781250,4.704383,833600
1973-11-19,17.781250,17.789063,17.195313,17.250000,4.563830,668800
1973-11-20,17.171875,17.171875,16.695313,17.000000,4.497688,1012800
1973-11-21,17.000000,17.359375,16.875000,17.296875,4.576231,848000
1973-11-23,17.265625,17.265625,17.000000,17.031250,4.505957,427200
1973-11-26,16.843750,16.843750,16.625000,16.625000,4.398476,784000
1973-11-27,16.625000,16.765625,16.468750,16.468750,4.357132,788800
1973-11-28,16.531250,16.921875,16.531250,16.828125,4.452215,665600
1973-11-29,16.828125,16.937500,16.578125,16.625000,4.398476,702400
1973-11-30,16.625000,16.750000,16.437500,16.562500,4.381940,521600
1973-12-03,16.546875,16.546875,15.968750,16.156250,4.274457,1004800
1973-12-04,16.156250,16.281250,15.953125,15.953125,4.220716,899200
1973-12-05,15.953125,16.109375,15.812500,15.828125,4.187646,870400
1973-12-06,15.828125,16.296875,15.820313,16.296875,4.311665,742400
1973-12-07,16.296875,16.687500,16.218750,16.562500,4.381940,852800
1973-12-10,16.562500,16.625000,16.312500,16.437500,4.348866,934400
1973-12-11,16.437500,16.468750,15.703125,15.718750,4.158710,1017600
1973-12-12,15.718750,15.812500,15.562500,15.664063,4.144238,872000
1973-12-13,15.664063,15.937500,15.656250,15.750000,4.166978,478400
1973-12-14,15.718750,15.718750,15.218750,15.375000,4.067760,1622400
1973-12-17,15.281250,15.281250,14.890625,15.000000,3.968547,718400
1973-12-18,15.000000,15.593750,14.921875,15.593750,4.125636,713600
1973-12-19,15.593750,15.875000,15.515625,15.671875,4.146306,758400
1973-12-20,15.671875,15.687500,15.156250,15.187500,4.018157,734400
1973-12-21,15.187500,15.250000,14.984375,15.031250,3.976815,667200
1973-12-24,14.937500,14.937500,14.695313,14.843750,3.927210,486400
1973-12-26,15.218750,15.531250,15.218750,15.531250,4.109101,684800
1973-12-27,15.718750,16.015625,15.718750,15.937500,4.216585,702400
1973-12-28,15.937500,15.937500,15.531250,15.578125,4.121502,486400
1973-12-31,15.578125,15.593750,15.312500,15.421875,4.080162,564800
1974-01-02,15.421875,15.437500,15.062500,15.171875,4.014022,809600
1974-01-03,15.171875,15.359375,14.921875,14.953125,3.956146,859200
1974-01-04,14.875000,14.875000,14.343750,14.421875,3.815593,1486400
1974-01-07,14.421875,14.421875,14.062500,14.203125,3.757721,1155200
1974-01-08,14.203125,14.421875,14.125000,14.250000,3.770125,899200
1974-01-09,14.250000,14.265625,14.078125,14.234375,3.765988,617600
1974-01-10,14.234375,14.687500,14.218750,14.312500,3.786654,816000
1974-01-11,14.500000,15.000000,14.500000,15.000000,3.968547,659200
1974-01-14,15.000000,15.359375,14.687500,14.812500,3.918942,880000
1974-01-15,14.812500,15.140625,14.781250,14.945313,3.954082,649600
1974-01-16,14.945313,15.281250,14.921875,15.234375,4.030556,680000
1974-01-17,15.453125,15.718750,15.453125,15.671875,4.146306,888000
1974-01-18,15.671875,15.687500,15.343750,15.375000,4.067760,792000
1974-01-21,15.312500,15.312500,14.890625,15.312500,4.051227,681600
1974-01-22,15.312500,15.609375,15.203125,15.609375,4.129772,496000
1974-01-23,15.609375,15.625000,15.484375,15.500000,4.100836,608000
1974-01-24,15.500000,15.515625,15.250000,15.406250,4.076027,401600
1974-01-25,15.406250,15.546875,15.312500,15.437500,4.084298,433600
1974-01-28,15.437500,15.500000,15.250000,15.273438,4.040893,488000
1974-01-29,15.265625,15.265625,15.031250,15.203125,4.022290,505600
1974-01-30,15.328125,15.531250,15.328125,15.390625,4.071897,558400
1974-01-31,15.390625,15.609375,15.320313,15.328125,4.055364,564800
1974-02-01,15.281250,15.281250,15.015625,15.078125,3.989218,491200
1974-02-04,15.046875,15.046875,14.812500,14.812500,3.918942,497600
1974-02-05,14.812500,14.968750,14.703125,14.796875,3.914809,420800
1974-02-06,14.796875,14.906250,14.718750,14.828125,3.944399,364800
1974-02-07,14.828125,14.828125,14.625000,14.765625,3.927778,403200
1974-02-08,14.765625,14.828125,14.531250,14.570313,3.875821,465600
1974-02-11,14.570313,14.593750,14.156250,14.250000,3.790615,580800
1974-02-12,14.250000,14.375000,14.156250,14.265625,3.794770,489600
1974-02-13,14.265625,14.500000,14.250000,14.328125,3.811397,593600
1974-02-14,14.328125,14.343750,14.062500,14.156250,3.765677,617600
1974-02-15,14.218750,14.593750,14.218750,14.593750,3.882053,561600
1974-02-19,14.593750,14.875000,14.421875,14.484375,3.852961,667200
1974-02-20,14.484375,14.718750,14.296875,14.718750,3.915305,536000
1974-02-21,14.734375,14.875000,14.734375,14.843750,3.948559,480000
1974-02-22,14.812500,14.812500,14.546875,14.781250,3.931930,611200
1974-02-25,14.781250,14.843750,14.617188,14.734375,3.919463,420800
1974-02-26,14.734375,14.859375,14.593750,14.859375,3.952714,488000
1974-02-27,14.859375,15.000000,14.734375,14.812500,3.940244,886400
1974-02-28,14.812500,14.875000,14.750000,14.867188,3.954794,419200
1974-03-01,14.867188,14.890625,14.718750,14.750000,3.923620,478400
1974-03-04,14.750000,14.796875,14.468750,14.796875,3.936090,520000
1974-03-05,14.890625,15.125000,14.890625,15.109375,4.019217,812800
1974-03-06,15.109375,15.281250,15.015625,15.265625,4.060780,574400
1974-03-07,15.265625,15.296875,14.890625,14.984375,3.985966,443200
1974-03-08,14.984375,15.203125,14.843750,15.031250,3.998434,556800
1974-03-11,15.031250,15.406250,14.781250,15.406250,4.098188,697600
1974-03-12,15.406250,15.718750,15.406250,15.593750,4.148065,1092800
1974-03-13,15.593750,15.875000,15.570313,15.625000,4.156379,561600
1974-03-14,15.625000,15.718750,15.437500,15.546875,4.135595,902400
1974-03-15,15.546875,15.656250,15.421875,15.578125,4.143905,513600
1974-03-18,15.578125,15.671875,15.460938,15.468750,4.114811,468800
1974-03-19,15.468750,15.468750,15.328125,15.359375,4.085719,320000
1974-03-20,15.359375,15.421875,15.320313,15.390625,4.094031,360000
1974-03-21,15.390625,15.484375,15.156250,15.187500,4.040000,620800
1974-03-22,15.187500,15.281250,15.093750,15.218750,4.048312,419200
1974-03-25,15.218750,15.484375,15.062500,15.468750,4.114811,472000
1974-03-26,15.500000,15.671875,15.500000,15.625000,4.156379,683200
1974-03-27,15.562500,15.562500,15.250000,15.250000,4.056624,603200
1974-03-28,15.156250,15.156250,14.937500,14.984375,3.985966,656000
1974-03-29,14.984375,15.015625,14.687500,14.734375,3.919463,600000
1974-04-01,14.734375,14.781250,14.281250,14.359375,3.819709,750400
1974-04-02,14.476563,14.703125,14.476563,14.625000,3.890370,505600
1974-04-03,14.687500,14.968750,14.687500,14.953125,3.977654,480000
1974-04-04,14.953125,15.156250,14.906250,15.007813,3.992199,582400
1974-04-05,14.781250,14.781250,14.578125,14.593750,3.882053,500800
1974-04-08,14.593750,14.593750,14.390625,14.421875,3.836336,430400
1974-04-09,14.421875,14.687500,14.414063,14.562500,3.873742,428800
1974-04-10,14.562500,14.656250,14.375000,14.390625,3.828021,625600
1974-04-11,14.390625,14.500000,14.343750,14.343750,3.815552,576000
1974-04-15,14.343750,14.593750,14.328125,14.406250,3.832179,494400
1974-04-16,14.453125,14.656250,14.453125,14.640625,3.894523,484800
1974-04-17,14.640625,14.718750,14.453125,14.640625,3.894523,553600
1974-04-18,14.640625,14.812500,14.625000,14.687500,3.906996,334400
1974-04-19,14.609375,14.609375,14.453125,14.476563,3.850882,467200
1974-04-22,14.476563,14.531250,14.359375,14.406250,3.832179,428800
1974-04-23,14.398438,14.398438,14.203125,14.203125,3.778149,475200
1974-04-24,14.203125,14.234375,13.968750,13.976563,3.717881,772800
1974-04-25,13.906250,13.906250,13.671875,13.851563,3.684628,956800
1974-04-26,13.875000,14.171875,13.875000,14.093750,3.749051,504000
1974-04-29,14.062500,14.062500,13.867188,14.031250,3.732426,600000
1974-04-30,14.031250,14.312500,13.968750,14.203125,3.778149,577600
1974-05-01,14.203125,14.484375,14.109375,14.375000,3.823867,609600
1974-05-02,14.375000,14.500000,14.250000,14.335938,3.813475,588800
1974-05-03,14.296875,14.296875,14.031250,14.140625,3.761521,374400
1974-05-06,14.031250,14.031250,13.843750,14.015625,3.728272,478400
1974-05-07,14.015625,14.281250,14.015625,14.257813,3.792693,288000
1974-05-08,14.257813,14.281250,14.093750,14.125000,3.778565,452800
1974-05-09,14.125000,14.421875,14.093750,14.406250,3.853801,632000
1974-05-10,14.406250,14.406250,13.914063,14.000000,3.745126,820800
1974-05-13,14.000000,14.000000,13.695313,13.843750,3.703329,764800
1974-05-14,13.859375,14.031250,13.859375,13.937500,3.728408,387200
1974-05-15,13.937500,13.968750,13.789063,13.898438,3.717958,382400
1974-05-16,13.898438,13.984375,13.750000,13.750000,3.678250,382400
1974-05-17,13.734375,13.734375,13.593750,13.640625,3.648992,449600
1974-05-20,13.640625,13.796875,13.593750,13.640625,3.648992,504000
1974-05-21,13.640625,13.843750,13.570313,13.593750,3.636449,524800
1974-05-22,13.593750,13.765625,13.437500,13.507813,3.613461,444800
1974-05-23,13.507813,13.546875,13.281250,13.515625,3.615551,617600
1974-05-24,13.515625,13.671875,13.437500,13.671875,3.657350,688000
1974-05-28,13.671875,13.718750,13.531250,13.562500,3.628093,496000
1974-05-29,13.562500,13.617188,13.156250,13.164063,3.521507,625600
1974-05-30,13.164063,13.421875,13.101563,13.406250,3.586294,731200
1974-05-31,13.406250,13.437500,13.250000,13.281250,3.552854,456000
1974-06-03,13.281250,13.687500,13.187500,13.687500,3.661530,606400
1974-06-04,13.687500,13.875000,13.671875,13.781250,3.686610,784000
1974-06-05,13.781250,13.906250,13.671875,13.773438,3.684521,428800
1974-06-06,13.773438,14.234375,13.718750,14.218750,3.803644,641600
1974-06-07,14.296875,14.500000,14.296875,14.328125,3.832902,1048000
1974-06-10,14.328125,14.406250,14.125000,14.390625,3.849622,534400
1974-06-11,14.312500,14.312500,14.140625,14.156250,3.786926,488000
1974-06-12,14.125000,14.125000,13.921875,14.046875,3.757666,545600
1974-06-13,14.062500,14.265625,14.062500,14.218750,3.803644,384000
1974-06-14,14.171875,14.171875,13.921875,13.921875,3.724229,502400
1974-06-17,13.875000,13.875000,13.640625,13.671875,3.657350,446400
1974-06-18,13.671875,13.718750,13.468750,13.500000,3.611373,676800
1974-06-19,13.500000,13.656250,13.500000,13.531250,3.619729,345600
1974-06-20,13.531250,13.625000,13.343750,13.359375,3.573754,379200
1974-06-21,13.359375,13.359375,13.156250,13.312500,3.561215,710400
1974-06-24,13.312500,13.484375,13.203125,13.484375,3.607195,350400
1974-06-25,13.484375,13.843750,13.484375,13.843750,3.703329,472000
1974-06-26,13.781250,13.781250,13.500000,13.515625,3.615551,492800
1974-06-27,13.437500,13.437500,13.203125,13.250000,3.544495,536000
1974-06-28,13.250000,13.375000,13.125000,13.296875,3.557036,648000
1974-07-01,13.296875,13.343750,13.218750,13.296875,3.557036,539200
1974-07-02,13.296875,13.343750,13.140625,13.218750,3.536137,534400
1974-07-03,13.218750,13.328125,13.125000,13.125000,3.511056,707200
1974-07-05,13.070313,13.070313,12.828125,12.859375,3.439997,484800
1974-07-08,12.640625,12.640625,12.382813,12.437500,3.327143,1211200
1974-07-09,12.437500,12.687500,12.421875,12.609375,3.373122,1051200
1974-07-10,12.609375,12.687500,12.312500,12.359375,3.306245,787200
1974-07-11,12.359375,12.546875,12.265625,12.421875,3.322966,1033600
1974-07-12,12.703125,13.437500,12.703125,13.437500,3.594652,1243200
1974-07-15,13.468750,13.812500,13.468750,13.687500,3.661530,1065600
1974-07-16,13.500000,13.500000,13.312500,13.359375,3.573754,692800
1974-07-17,13.359375,13.609375,13.156250,13.609375,3.640633,768000
1974-07-18,13.609375,13.843750,13.531250,13.562500,3.628093,860800
1974-07-19,13.562500,13.750000,13.562500,13.609375,3.640633,532800
1974-07-22,13.609375,13.742188,13.421875,13.742188,3.676162,588800
1974-07-23,13.812500,13.992188,13.812500,13.890625,3.715869,793600
1974-07-24,13.890625,13.921875,13.718750,13.812500,3.694969,560000
1974-07-25,13.812500,13.921875,13.359375,13.421875,3.590474,742400
1974-07-26,13.406250,13.406250,12.796875,12.890625,3.448360,782400
1974-07-29,12.718750,12.718750,12.578125,12.687500,3.394022,638400
1974-07-30,12.687500,12.968750,12.640625,12.968750,3.469258,536000
1974-07-31,12.968750,12.968750,12.601563,12.601563,3.371032,440000
1974-08-01,12.601563,12.734375,12.414063,12.609375,3.373122,907200
1974-08-02,12.609375,12.718750,12.539063,12.546875,3.356403,438400
1974-08-05,12.554688,12.929688,12.554688,12.765625,3.414918,777600
1974-08-06,12.937500,13.234375,12.937500,13.046875,3.490158,1137600
1974-08-07,13.046875,13.437500,12.984375,13.421875,3.590474,1059200
1974-08-08,13.421875,13.437500,12.937500,13.031250,3.510498,1289600
1974-08-09,13.031250,13.171875,12.875000,13.031250,3.510498,784000
1974-08-12,13.031250,13.109375,12.656250,12.687500,3.417895,798400
1974-08-13,12.687500,12.734375,12.484375,12.640625,3.405268,686400
1974-08-14,12.625000,12.625000,12.437500,12.500000,3.367385,784000
1974-08-15,12.500000,12.656250,12.406250,12.500000,3.367385,908800
1974-08-16,12.500000,12.562500,12.406250,12.406250,3.342128,648000
1974-08-19,12.296875,12.296875,12.093750,12.296875,3.312666,988800
1974-08-20,12.296875,12.531250,12.203125,12.484375,3.363174,955200
1974-08-21,12.484375,12.500000,12.000000,12.000000,3.232689,940800
1974-08-22,12.000000,12.281250,11.812500,12.046875,3.245316,1313600
1974-08-23,12.046875,12.203125,11.812500,11.875000,3.199016,852800
1974-08-26,11.875000,12.281250,11.765625,12.093750,3.257945,1161600
1974-08-27,12.093750,12.140625,11.875000,12.000000,3.232689,841600
1974-08-28,12.000000,12.187500,11.921875,11.953125,3.220062,1022400
1974-08-29,11.953125,12.000000,11.765625,11.796875,3.177969,816000
1974-08-30,11.890625,12.093750,11.890625,12.000000,3.232689,1046400
1974-09-03,12.000000,12.031250,11.468750,11.468750,3.089577,1166400
1974-09-04,11.250000,11.250000,10.843750,11.250000,3.030647,2585600
1974-09-05,11.250000,11.468750,11.031250,11.390625,3.068528,1348800
1974-09-06,11.390625,11.593750,11.187500,11.187500,3.013808,1012800
1974-09-09,11.156250,11.156250,10.734375,10.812500,2.912787,947200
1974-09-10,10.812500,10.953125,10.640625,10.718750,2.887530,1113600
1974-09-11,10.718750,10.765625,10.320313,10.320313,2.780196,1128000
1974-09-12,10.312500,10.312500,9.703125,9.781250,2.634976,1811200
1974-09-13,9.781250,9.828125,9.406250,9.500000,2.559211,2096000
1974-09-16,9.500000,9.984375,9.406250,9.976563,2.687593,1745600
1974-09-17,10.109375,10.531250,10.109375,10.117188,2.725477,1404800
1974-09-18,10.117188,10.406250,9.875000,10.406250,2.803349,1212800
1974-09-19,10.578125,10.859375,10.578125,10.656250,2.870693,1534400
1974-09-20,10.656250,10.843750,10.406250,10.718750,2.887530,1289600
1974-09-23,10.718750,10.937500,10.515625,10.578125,2.849650,952000
1974-09-24,10.500000,10.500000,10.296875,10.421875,2.807557,752000
1974-09-25,10.421875,10.687500,10.312500,10.312500,2.778090,955200
1974-09-26,10.250000,10.250000,10.015625,10.250000,2.761254,412800
1974-09-27,10.250000,10.421875,10.000000,10.054688,2.708640,830400
1974-09-30,9.968750,9.968750,9.593750,9.937500,2.677072,1345600
1974-10-01,9.937500,10.109375,9.640625,10.015625,2.698117,2012800
1974-10-02,10.015625,10.218750,9.906250,9.968750,2.685489,1022400
1974-10-03,9.968750,10.031250,9.726563,9.859375,2.656024,897600
1974-10-04,9.859375,9.968750,9.640625,9.765625,2.630768,1187200
1974-10-07,9.953125,10.296875,9.953125,10.257813,2.763359,974400
1974-10-08,10.257813,10.281250,10.046875,10.125000,2.727581,1392000
1974-10-09,10.125000,10.750000,10.031250,10.750000,2.895951,1393600
1974-10-10,10.960938,11.218750,10.960938,11.007813,2.965404,2371200
1974-10-11,11.007813,11.210938,10.875000,11.125000,2.996971,1534400
1974-10-14,11.125000,11.500000,11.015625,11.187500,3.013808,1417600
1974-10-15,11.187500,11.375000,11.007813,11.078125,2.984344,1072000
1974-10-16,11.078125,11.312500,10.906250,11.070313,2.982243,1091200
1974-10-17,11.070313,11.343750,10.953125,11.250000,3.030647,1060800
1974-10-18,11.406250,11.671875,11.406250,11.515625,3.102201,1456000
1974-10-21,11.515625,12.031250,11.390625,12.031250,3.241108,1128000
1974-10-22,12.031250,12.218750,11.656250,11.734375,3.161131,1611200
1974-10-23,11.593750,11.593750,11.328125,11.375000,3.064320,1108800
1974-10-24,11.328125,11.328125,10.992188,11.328125,3.051692,1372800
1974-10-25,11.328125,11.484375,11.078125,11.078125,2.984344,969600
1974-10-28,11.078125,11.328125,11.015625,11.296875,3.043273,523200
1974-10-29,11.515625,11.984375,11.515625,11.984375,3.228479,1316800
1974-10-30,11.984375,12.312500,11.781250,12.062500,3.249526,1985600
1974-10-31,12.062500,12.140625,11.812500,11.820313,3.184284,1208000
1974-11-01,11.820313,12.093750,11.703125,11.968750,3.224272,972800
1974-11-04,11.953125,11.953125,11.625000,11.843750,3.190596,801600
1974-11-05,11.843750,12.250000,11.843750,12.242188,3.297931,1121600
1974-11-06,12.242188,12.500000,11.453125,11.500000,3.121900,2566400
1974-11-07,11.593750,11.953125,11.593750,11.703125,3.177042,2040000
1974-11-08,11.703125,11.937500,11.671875,11.906250,3.232187,934400
1974-11-11,11.906250,11.984375,11.765625,11.875000,3.223703,496000
1974-11-12,11.867188,11.867188,11.546875,11.562500,3.138867,995200
1974-11-13,11.562500,11.640625,11.437500,11.546875,3.134624,1206400
1974-11-14,11.546875,11.734375,11.375000,11.382813,3.090087,992000
1974-11-15,11.382813,11.500000,11.250000,11.265625,3.058277,521600
1974-11-18,11.093750,11.093750,10.859375,10.867188,2.950113,1156800
1974-11-19,10.867188,10.921875,10.562500,10.593750,2.875881,1446400
1974-11-20,10.593750,10.742188,10.468750,10.531250,2.858913,852800
1974-11-21,10.531250,10.812500,10.421875,10.718750,2.909814,1044800
1974-11-22,10.718750,10.953125,10.656250,10.656250,2.892847,1016000
1974-11-25,10.656250,10.906250,10.531250,10.875000,2.952232,720000
1974-11-26,10.875000,11.140625,10.781250,11.062500,3.003133,819200
1974-11-27,11.062500,11.343750,11.062500,11.140625,3.024341,993600
1974-11-29,11.140625,11.171875,11.031250,11.078125,3.007375,467200
1974-12-02,10.968750,10.968750,10.656250,10.671875,2.897090,619200
1974-12-03,10.656250,10.656250,10.500000,10.507813,2.852552,1260800
1974-12-04,10.507813,10.796875,10.382813,10.609375,2.880124,872000
1974-12-05,10.609375,10.718750,10.382813,10.390625,2.820737,748800
1974-12-06,10.359375,10.359375,10.156250,10.281250,2.791047,1075200
1974-12-09,10.281250,10.531250,10.156250,10.531250,2.858913,1024000
1974-12-10,10.640625,10.875000,10.640625,10.750000,2.918299,1115200
1974-12-11,10.750000,10.976563,10.695313,10.734375,2.914057,1662400
1974-12-12,10.734375,10.812500,10.570313,10.593750,2.875881,1006400
1974-12-13,10.593750,10.656250,10.335938,10.453125,2.837706,900800
1974-12-16,10.453125,10.515625,10.312500,10.328125,2.803773,835200
1974-12-17,10.328125,10.726563,10.312500,10.726563,2.911937,1163200
1974-12-18,10.726563,10.828125,10.609375,10.625000,2.884364,1043200
1974-12-19,10.625000,10.687500,10.500000,10.562500,2.867397,1153600
1974-12-20,10.562500,10.625000,10.500000,10.593750,2.875881,830400
1974-12-23,10.593750,10.625000,10.312500,10.359375,2.812255,1153600
1974-12-24,10.375000,10.468750,10.375000,10.460938,2.839828,662400
1974-12-26,10.460938,10.546875,10.281250,10.312500,2.799529,676800
1974-12-27,10.312500,10.375000,10.109375,10.140625,2.752873,828800
1974-12-30,10.140625,10.265625,10.007813,10.265625,2.786806,1044800
1974-12-31,10.375000,10.554688,10.375000,10.500000,2.850431,782400
1975-01-02,10.515625,10.710938,10.515625,10.554688,2.865277,721600
1975-01-03,10.554688,10.703125,10.421875,10.468750,2.841949,1248000
1975-01-06,10.468750,10.640625,10.343750,10.414063,2.827101,848000
1975-01-07,10.406250,10.406250,10.218750,10.359375,2.812255,784000
1975-01-08,10.359375,10.445313,10.203125,10.203125,2.769839,939200
1975-01-09,10.203125,10.531250,10.164063,10.531250,2.858913,907200
1975-01-10,10.601563,10.812500,10.601563,10.703125,2.905576,1972800
1975-01-13,10.703125,10.781250,10.562500,10.578125,2.871641,1014400
1975-01-14,10.578125,10.656250,10.484375,10.515625,2.854671,899200
1975-01-15,10.515625,10.625000,9.843750,10.218750,2.774078,3460800
1975-01-16,10.218750,10.281250,10.015625,10.046875,2.727420,1920000
1975-01-17,10.046875,10.046875,9.867188,9.882813,2.682885,1510400
1975-01-20,9.882813,10.000000,9.828125,10.000000,2.714696,1081600
1975-01-21,10.000000,10.140625,9.968750,9.976563,2.708333,1158400
1975-01-22,9.976563,10.218750,9.906250,10.218750,2.774078,918400
1975-01-23,10.218750,10.328125,10.132813,10.187500,2.765596,1209600
1975-01-24,10.187500,10.289063,10.125000,10.179688,2.763476,1009600
1975-01-27,10.179688,10.179688,10.179688,10.179688,2.763476,0
1975-01-28,11.203125,11.750000,11.203125,11.234375,3.049793,4574400
1975-01-29,11.234375,11.750000,11.226563,11.703125,3.177042,3404800
1975-01-30,11.703125,11.968750,11.375000,11.429688,3.102812,3721600
1975-01-31,11.453125,11.812500,11.453125,11.765625,3.194009,1542400
1975-02-03,11.765625,12.062500,11.703125,12.062500,3.274603,1476800
1975-02-04,12.062500,12.171875,11.750000,11.984375,3.253393,1435200
1975-02-05,11.984375,12.492188,11.953125,12.492188,3.391250,2156800
1975-02-06,12.492188,12.625000,12.203125,12.250000,3.350648,2265600
1975-02-07,12.250000,12.359375,12.031250,12.351563,3.378430,1204800
1975-02-10,12.390625,12.617188,12.390625,12.414063,3.395525,1233600
1975-02-11,12.414063,12.617188,12.296875,12.601563,3.446808,1390400
1975-02-12,12.601563,13.156250,12.601563,13.140625,3.594255,1700800
1975-02-13,13.328125,13.640625,13.328125,13.468750,3.684006,2873600
1975-02-14,13.468750,13.812500,13.375000,13.757813,3.763068,1913600
1975-02-18,13.757813,13.796875,13.156250,13.250000,3.624171,1796800
1975-02-19,13.250000,13.609375,13.218750,13.609375,3.722466,1296000
1975-02-20,13.609375,13.679688,13.421875,13.609375,3.722466,1156800
1975-02-21,13.609375,13.796875,13.593750,13.640625,3.731016,1390400
1975-02-24,13.609375,13.609375,13.250000,13.250000,3.624171,1427200
1975-02-25,13.109375,13.109375,12.875000,12.968750,3.547242,1883200
1975-02-26,12.968750,13.281250,12.968750,13.250000,3.624171,1521600
1975-02-27,13.250000,13.375000,13.218750,13.265625,3.628444,1184000
1975-02-28,13.265625,13.484375,13.242188,13.468750,3.684006,1094400
1975-03-03,13.500000,13.750000,13.500000,13.750000,3.760933,1267200
1975-03-04,13.750000,14.046875,13.390625,13.406250,3.666909,2065600
1975-03-05,13.406250,13.765625,13.390625,13.460938,3.681866,1867200
1975-03-06,13.460938,13.703125,13.359375,13.703125,3.748112,902400
1975-03-07,13.703125,13.757813,13.562500,13.562500,3.709647,980800
1975-03-10,13.562500,13.781250,13.484375,13.718750,3.752384,931200
1975-03-11,13.718750,13.812500,13.468750,13.468750,3.684006,1081600
1975-03-12,13.468750,13.500000,13.312500,13.312500,3.641264,1243200
1975-03-13,13.312500,13.562500,13.281250,13.562500,3.709647,939200
1975-03-14,13.562500,13.640625,13.453125,13.468750,3.684006,934400
1975-03-17,13.484375,13.671875,13.484375,13.671875,3.739564,942400
1975-03-18,13.671875,13.710938,13.382813,13.421875,3.671184,1089600
1975-03-19,13.421875,13.421875,13.312500,13.406250,3.666909,1099200
1975-03-20,13.406250,13.523438,13.062500,13.093750,3.581433,1201600
1975-03-21,13.093750,13.125000,13.007813,13.070313,3.575022,956800
1975-03-24,12.890625,12.890625,12.718750,12.789063,3.498095,1188800
1975-03-25,12.789063,13.156250,12.703125,13.125000,3.589981,1361600
1975-03-26,13.125000,13.250000,13.046875,13.117188,3.587845,892800
1975-03-27,13.117188,13.156250,12.890625,12.968750,3.547242,889600
1975-03-31,12.968750,13.031250,12.859375,12.914063,3.532284,796800
1975-04-01,12.914063,12.968750,12.804688,12.882813,3.523737,872000
1975-04-02,12.882813,12.984375,12.718750,12.734375,3.483136,1056000
1975-04-03,12.734375,12.765625,12.375000,12.375000,3.384840,1393600
1975-04-04,12.375000,12.531250,12.328125,12.375000,3.384840,1400000
1975-04-07,12.375000,12.398438,12.265625,12.367188,3.382702,668800
1975-04-08,12.421875,12.593750,12.421875,12.593750,3.444672,787200
1975-04-09,12.640625,13.156250,12.640625,13.093750,3.581433,1595200
1975-04-10,13.093750,13.281250,12.937500,13.007813,3.557926,1660800
1975-04-11,12.890625,12.890625,12.593750,12.812500,3.504503,1558400
1975-04-14,12.812500,13.093750,12.796875,13.093750,3.581433,793600
1975-04-15,13.093750,13.250000,12.968750,13.093750,3.581433,1315200
1975-04-16,13.093750,13.296875,12.984375,13.296875,3.636992,1156800
1975-04-17,13.296875,13.585938,13.265625,13.281250,3.632718,1659200
1975-04-18,13.281250,13.304688,13.000000,13.085938,3.579298,1041600
1975-04-21,13.140625,13.453125,13.140625,13.359375,3.654084,894400
1975-04-22,13.359375,13.484375,13.187500,13.242188,3.622034,745600
1975-04-23,13.234375,13.234375,13.000000,13.000000,3.555789,980800
1975-04-24,13.000000,13.062500,12.890625,12.929688,3.536559,1139200
1975-04-25,12.929688,13.125000,12.820313,12.875000,3.521602,872000
1975-04-28,12.875000,12.937500,12.656250,12.656250,3.461767,1120000
1975-04-29,12.656250,12.750000,12.500000,12.640625,3.457494,1236800
1975-04-30,12.640625,13.125000,12.609375,13.117188,3.587845,1099200
1975-05-01,13.117188,13.281250,12.976563,13.078125,3.577158,1110400
1975-05-02,13.078125,13.171875,12.875000,12.976563,3.549379,1121600
1975-05-05,12.976563,13.437500,12.890625,13.359375,3.654084,1195200
1975-05-06,13.359375,13.429688,13.046875,13.109375,3.585706,1305600
1975-05-07,13.109375,13.281250,13.031250,13.273438,3.630579,1008000
1975-05-08,13.218750,13.218750,13.031250,13.109375,3.611213,745600
1975-05-09,13.156250,13.406250,13.156250,13.406250,3.692992,1112000
1975-05-12,13.453125,13.671875,13.453125,13.500000,3.718815,1555200
1975-05-13,13.515625,13.968750,13.515625,13.968750,3.847944,1976000
1975-05-14,13.968750,14.210938,13.937500,13.968750,3.847944,1958400
1975-05-15,13.968750,14.148438,13.500000,13.593750,3.744642,1713600
1975-05-16,13.593750,13.703125,13.515625,13.539063,3.729577,976000
1975-05-19,13.539063,13.703125,13.406250,13.687500,3.770467,801600
1975-05-20,13.687500,13.750000,13.500000,13.500000,3.718815,886400
1975-05-21,13.500000,13.531250,13.250000,13.296875,3.662863,1363200
1975-05-22,13.296875,13.500000,13.296875,13.375000,3.684385,846400
1975-05-23,13.390625,13.710938,13.390625,13.679688,3.768317,851200
1975-05-27,13.679688,13.687500,13.468750,13.507813,3.720969,702400
1975-05-28,13.507813,13.531250,13.312500,13.335938,3.673622,579200
1975-05-29,13.335938,13.437500,13.281250,13.281250,3.658557,608000
1975-05-30,13.343750,13.484375,13.343750,13.437500,3.701600,739200
1975-06-02,13.562500,13.703125,13.562500,13.625000,3.753254,622400
1975-06-03,13.625000,13.734375,13.531250,13.656250,3.761858,913600
1975-06-04,13.656250,13.671875,13.539063,13.539063,3.729577,721600
1975-06-05,13.539063,13.625000,13.406250,13.625000,3.753254,937600
1975-06-06,13.601563,13.601563,13.328125,13.343750,3.675775,841600
1975-06-09,13.343750,13.437500,13.250000,13.250000,3.649950,776000
1975-06-10,13.250000,13.304688,13.156250,13.218750,3.641342,811200
1975-06-11,13.218750,13.328125,13.140625,13.140625,3.619823,980800
1975-06-12,13.140625,13.234375,13.000000,13.031250,3.589689,836800
1975-06-13,13.031250,13.046875,12.875000,12.882813,3.548802,1430400
1975-06-16,12.882813,13.031250,12.859375,13.015625,3.585387,806400
1975-06-17,13.015625,13.062500,12.718750,12.718750,3.503608,1024000
1975-06-18,12.718750,12.843750,12.687500,12.765625,3.516520,905600
1975-06-19,12.765625,13.023438,12.750000,13.023438,3.587540,1064000
1975-06-20,13.023438,13.140625,12.781250,12.898438,3.553105,1275200
1975-06-23,12.898438,13.312500,12.890625,13.312500,3.667166,678400
1975-06-24,13.312500,13.460938,13.203125,13.218750,3.641342,1137600
1975-06-25,13.218750,13.328125,13.125000,13.156250,3.624125,883200
1975-06-26,13.156250,13.156250,13.000000,13.078125,3.602604,998400
1975-06-27,13.078125,13.218750,13.015625,13.062500,3.598299,601600
1975-06-30,13.062500,13.187500,13.015625,13.062500,3.598299,720000
1975-07-01,13.062500,13.171875,13.007813,13.031250,3.589689,710400
1975-07-02,12.968750,12.968750,12.843750,12.929688,3.561713,857600
1975-07-03,12.929688,13.000000,12.890625,12.906250,3.555259,689600
1975-07-07,12.906250,12.937500,12.742188,12.750000,3.512217,902400
1975-07-08,12.750000,12.906250,12.726563,12.882813,3.548802,832000
1975-07-09,12.921875,13.125000,12.921875,13.093750,3.606907,961600
1975-07-10,13.078125,13.078125,12.796875,12.796875,3.525130,1168000
1975-07-11,12.796875,13.000000,12.656250,12.843750,3.538041,1451200
1975-07-14,12.843750,13.000000,12.812500,13.000000,3.581083,793600
1975-07-15,13.000000,13.093750,12.890625,12.921875,3.559563,878400
1975-07-16,12.921875,12.984375,12.718750,12.789063,3.522979,1006400
1975-07-17,12.789063,12.828125,12.593750,12.648438,3.484239,1150400
1975-07-18,12.617188,12.617188,12.453125,12.617188,3.475631,1569600
1975-07-21,12.617188,12.718750,12.468750,12.562500,3.460564,1011200
1975-07-22,12.453125,12.453125,12.320313,12.343750,3.400307,1467200
1975-07-23,12.343750,12.421875,12.000000,12.062500,3.322831,1396800
1975-07-24,12.062500,12.156250,11.968750,12.140625,3.344356,1360000
1975-07-25,12.140625,12.156250,11.859375,11.906250,3.279792,1516800
1975-07-28,11.906250,12.015625,11.890625,11.914063,3.281944,723200
1975-07-29,11.914063,12.125000,11.898438,12.000000,3.305619,1158400
1975-07-30,12.000000,12.179688,11.953125,12.179688,3.355116,1064000
1975-07-31,12.179688,12.203125,11.875000,11.890625,3.275487,1105600
1975-08-01,11.890625,11.921875,11.750000,11.828125,3.258269,1006400
1975-08-04,11.828125,11.890625,11.734375,11.734375,3.232443,840000
1975-08-05,11.734375,11.796875,11.523438,11.523438,3.174339,1192000
1975-08-06,11.523438,11.640625,11.523438,11.625000,3.202316,1139200
1975-08-07,11.609375,11.609375,11.375000,11.437500,3.180589,828800
1975-08-08,11.437500,11.484375,11.218750,11.250000,3.128450,1120000
1975-08-11,11.257813,11.468750,11.257813,11.468750,3.189280,459200
1975-08-12,11.468750,11.585938,11.351563,11.375000,3.163209,1080000
1975-08-13,11.375000,11.390625,11.070313,11.093750,3.085000,1060800
1975-08-14,11.109375,11.312500,11.109375,11.234375,3.124105,705600
1975-08-15,11.234375,11.390625,11.234375,11.390625,3.167554,619200
1975-08-18,11.390625,11.484375,11.351563,11.375000,3.163209,467200
1975-08-19,11.375000,11.390625,11.109375,11.140625,3.098034,644800
1975-08-20,11.132813,11.132813,11.000000,11.031250,3.067621,1046400
1975-08-21,11.031250,11.171875,11.015625,11.093750,3.085000,889600
1975-08-22,11.109375,11.265625,11.109375,11.265625,3.132796,712000
1975-08-25,11.265625,11.375000,11.250000,11.375000,3.163209,740800
1975-08-26,11.359375,11.359375,11.140625,11.140625,3.098034,552000
1975-08-27,11.140625,11.312500,11.140625,11.312500,3.145829,692800
1975-08-28,11.343750,11.656250,11.343750,11.640625,3.237074,948800
1975-08-29,11.640625,11.718750,11.609375,11.640625,3.237074,836800
1975-09-02,11.640625,11.656250,11.296875,11.328125,3.150173,609600
1975-09-03,11.328125,11.421875,11.226563,11.421875,3.176244,800000
1975-09-04,11.421875,11.484375,11.343750,11.375000,3.163209,774400
1975-09-05,11.375000,11.375000,11.234375,11.250000,3.128450,644800
1975-09-08,11.250000,11.468750,11.218750,11.468750,3.189280,510400
1975-09-09,11.468750,11.617188,11.187500,11.187500,3.111067,1116800
1975-09-10,11.187500,11.296875,11.101563,11.250000,3.128450,964800
1975-09-11,11.250000,11.421875,11.218750,11.328125,3.150173,915200
1975-09-12,11.328125,11.437500,11.187500,11.250000,3.128450,928000
1975-09-15,11.250000,11.250000,11.125000,11.242188,3.126277,440000
1975-09-16,11.242188,11.265625,11.109375,11.132813,3.095861,689600
1975-09-17,11.164063,11.289063,11.164063,11.234375,3.124105,497600
1975-09-18,11.250000,11.656250,11.250000,11.640625,3.237074,976000
1975-09-19,11.640625,11.875000,11.609375,11.828125,3.289214,1520000
1975-09-22,11.828125,11.890625,11.625000,11.656250,3.241419,985600
1975-09-23,11.656250,11.796875,11.593750,11.781250,3.276180,1043200
1975-09-24,11.906250,12.078125,11.906250,11.937500,3.319632,1451200
1975-09-25,11.937500,12.062500,11.875000,12.000000,3.337014,902400
1975-09-26,12.007813,12.265625,12.007813,12.250000,3.406534,860800
1975-09-29,12.187500,12.187500,11.921875,11.921875,3.315288,1056000
1975-09-30,11.921875,11.937500,11.750000,11.765625,3.271836,937600
1975-10-01,11.765625,11.859375,11.453125,11.460938,3.187109,1124800
1975-10-02,11.484375,11.796875,11.484375,11.796875,3.280525,920000
1975-10-03,11.812500,12.218750,11.812500,12.203125,3.393498,1441600
1975-10-06,12.507813,12.718750,12.507813,12.562500,3.493433,2494400
1975-10-07,12.562500,12.648438,12.343750,12.578125,3.497780,1718400
1975-10-08,12.578125,12.921875,12.562500,12.875000,3.580338,1624000
1975-10-09,12.875000,13.078125,12.796875,12.828125,3.567301,2057600
1975-10-10,12.828125,12.937500,12.734375,12.875000,3.580338,1182400
1975-10-13,12.875000,13.156250,12.828125,13.156250,3.658547,947200
1975-10-14,13.156250,13.312500,13.000000,13.031250,3.623784,1566400
1975-10-15,13.031250,13.125000,12.968750,13.046875,3.628133,1136000
1975-10-16,13.046875,13.281250,13.039063,13.085938,3.638995,1300800
1975-10-17,13.085938,13.156250,12.953125,12.953125,3.602063,912000
1975-10-20,13.000000,13.242188,13.000000,13.218750,3.675928,912000
1975-10-21,13.281250,13.421875,13.281250,13.304688,3.699826,1652800
1975-10-22,13.304688,13.359375,13.140625,13.328125,3.706342,1121600
1975-10-23,13.328125,13.484375,13.250000,13.460938,3.743275,1236800
1975-10-24,13.421875,13.421875,13.062500,13.062500,3.632476,1649600
1975-10-27,13.062500,13.234375,13.046875,13.195313,3.669413,1307200
1975-10-28,13.242188,13.468750,13.242188,13.437500,3.736757,1446400
1975-10-29,13.390625,13.390625,13.109375,13.187500,3.667239,1713600
1975-10-30,13.187500,13.343750,13.156250,13.195313,3.669413,1214400
1975-10-31,13.195313,13.296875,13.156250,13.265625,3.688963,731200
1975-11-03,13.265625,13.296875,13.187500,13.203125,3.671582,496000
1975-11-04,13.226563,13.390625,13.226563,13.343750,3.710687,787200
1975-11-05,13.343750,13.562500,13.328125,13.484375,3.780784,1652800
1975-11-06,13.484375,13.625000,13.312500,13.562500,3.802688,1368000
1975-11-07,13.562500,13.601563,13.484375,13.515625,3.789545,1054400
1975-11-10,13.515625,13.554688,13.437500,13.539063,3.796117,524800
1975-11-11,13.562500,13.742188,13.562500,13.734375,3.850879,936000
1975-11-12,13.781250,14.046875,13.781250,14.046875,3.938500,1846400
1975-11-13,14.046875,14.062500,13.812500,13.835938,3.879355,1632000
1975-11-14,13.835938,13.953125,13.796875,13.906250,3.899071,963200
1975-11-17,13.945313,14.078125,13.945313,14.062500,3.942878,961600
1975-11-18,14.062500,14.109375,13.757813,13.773438,3.861833,1092800
1975-11-19,13.773438,13.796875,13.593750,13.718750,3.846499,1208000
1975-11-20,13.726563,13.875000,13.726563,13.812500,3.872783,867200
1975-11-21,13.812500,13.921875,13.781250,13.859375,3.885923,948800
1975-11-24,13.859375,13.929688,13.781250,13.890625,3.894690,728000
1975-11-25,13.890625,14.078125,13.882813,14.039063,3.936309,1166400
1975-11-26,14.039063,14.125000,13.984375,14.062500,3.942878,1012800
1975-11-28,14.062500,14.156250,14.031250,14.148438,3.966973,774400
1975-12-01,14.148438,14.203125,14.000000,14.007813,3.927547,1000000
1975-12-02,14.007813,14.015625,13.789063,13.796875,3.868402,1048000
1975-12-03,13.726563,13.726563,13.562500,13.687500,3.837736,1865600
1975-12-04,13.687500,13.757813,13.578125,13.757813,3.857449,1350400
1975-12-05,13.757813,13.789063,13.414063,13.414063,3.761070,1203200
1975-12-08,13.414063,13.562500,13.375000,13.437500,3.767640,1379200
1975-12-09,13.437500,13.492188,13.156250,13.492188,3.782976,912000
1975-12-10,13.492188,13.625000,13.437500,13.593750,3.811447,731200
1975-12-11,13.593750,13.609375,13.421875,13.421875,3.763258,993600
1975-12-12,13.421875,13.484375,13.390625,13.476563,3.778594,654400
1975-12-15,13.476563,13.554688,13.437500,13.546875,3.798310,662400
1975-12-16,13.546875,13.742188,13.546875,13.742188,3.853069,1075200
1975-12-17,13.742188,13.796875,13.656250,13.734375,3.850879,902400
1975-12-18,13.734375,13.843750,13.687500,13.718750,3.846499,1052800
1975-12-19,13.718750,13.742188,12.984375,13.609375,3.815829,803200
1975-12-22,13.609375,13.625000,13.492188,13.500000,3.785162,625600
1975-12-23,13.515625,13.796875,13.515625,13.750000,3.855259,1068800
1975-12-24,13.820313,13.968750,13.820313,13.953125,3.912214,286400
1975-12-26,13.835938,13.968750,13.820313,13.953125,3.912214,286400
1975-12-29,13.953125,14.039063,13.890625,13.906250,3.899071,731200
1975-12-30,13.906250,13.968750,13.843750,13.953125,3.912214,688000
1975-12-31,13.968750,14.078125,13.968750,14.015625,3.929739,763200
1976-01-02,14.015625,14.156250,13.960938,14.156250,3.969167,700800
1976-01-05,14.156250,14.375000,14.140625,14.375000,4.030500,1420800
1976-01-06,14.375000,14.429688,14.312500,14.335938,4.019546,1888000
1976-01-07,14.335938,14.437500,14.273438,14.281250,4.004214,2033600
1976-01-08,14.281250,14.421875,14.281250,14.398438,4.037070,2182400
1976-01-09,14.398438,14.484375,14.375000,14.453125,4.052402,1483200
1976-01-12,14.453125,14.765625,14.382813,14.734375,4.131263,1977600
1976-01-13,14.734375,14.898438,14.609375,14.640625,4.104975,2401600
1976-01-14,14.640625,15.078125,14.640625,15.078125,4.227644,1811200
1976-01-15,15.078125,15.179688,14.937500,14.976563,4.199166,2300800
1976-01-16,14.976563,15.171875,14.906250,15.125000,4.240785,1872000
1976-01-19,15.179688,15.625000,15.179688,15.625000,4.380979,1604800
1976-01-20,15.625000,15.812500,15.515625,15.804688,4.431359,2060800
1976-01-21,15.781250,15.781250,15.437500,15.468750,4.337167,2364800
1976-01-22,15.468750,15.687500,15.421875,15.625000,4.380979,1152000
1976-01-23,15.625000,15.968750,15.617188,15.890625,4.455453,1241600
1976-01-26,15.890625,16.000000,15.835938,15.890625,4.455453,1952000
1976-01-27,15.890625,15.937500,15.601563,15.617188,4.378787,1560000
1976-01-28,15.617188,15.765625,15.507813,15.687500,4.398502,1446400
1976-01-29,15.687500,16.062500,15.687500,16.031250,4.494882,1446400
1976-01-30,16.101563,16.234375,16.101563,16.109375,4.516786,1776000
1976-02-02,16.109375,16.203125,16.000000,16.203125,4.543073,1395200
1976-02-03,16.203125,16.328125,16.203125,16.312500,4.573742,1777600
1976-02-04,16.328125,16.531250,16.328125,16.484375,4.621930,1214400
1976-02-05,16.453125,16.453125,16.109375,16.125000,4.551370,1937600
1976-02-06,16.078125,16.078125,15.875000,15.875000,4.480805,2008000
1976-02-09,15.875000,16.109375,15.796875,15.843750,4.471988,1254400
1976-02-10,15.843750,16.125000,15.812500,16.125000,4.551370,1195200
1976-02-11,16.125000,16.281250,15.953125,15.953125,4.502856,1289600
1976-02-12,15.953125,16.125000,15.781250,15.781250,4.454342,804800
1976-02-13,15.781250,15.937500,15.734375,15.875000,4.480805,921600
1976-02-17,15.875000,15.953125,15.804688,15.820313,4.465368,878400
1976-02-18,15.820313,16.078125,15.781250,15.984375,4.511678,840000
1976-02-19,16.156250,16.390625,16.156250,16.328125,4.608700,1560000
1976-02-20,16.375000,16.531250,16.375000,16.375000,4.621930,1526400
1976-02-23,16.375000,16.375000,16.187500,16.265625,4.591060,1160000
1976-02-24,16.312500,16.445313,16.312500,16.406250,4.630750,1097600
1976-02-25,16.406250,16.406250,16.187500,16.250000,4.586649,1112000
1976-02-26,16.250000,16.343750,16.000000,16.000000,4.516086,1144000
1976-02-27,16.000000,16.023438,15.781250,15.976563,4.509469,1600000
1976-03-01,15.976563,16.203125,15.890625,16.203125,4.573421,918400
1976-03-02,16.203125,16.296875,16.125000,16.203125,4.573421,972800
1976-03-03,16.203125,16.273438,16.109375,16.210938,4.575625,972800
1976-03-04,16.203125,16.203125,15.984375,16.015625,4.520496,1080000
1976-03-05,16.015625,16.093750,15.953125,16.093750,4.542548,913600
1976-03-08,16.156250,16.257813,16.156250,16.250000,4.586649,1062400
1976-03-09,16.250000,16.406250,16.171875,16.171875,4.564599,1164800
1976-03-10,16.203125,16.390625,16.203125,16.359375,4.617522,1014400
1976-03-11,16.359375,16.617188,16.359375,16.609375,4.688087,1553600
1976-03-12,16.609375,16.617188,16.328125,16.343750,4.613111,1214400
1976-03-15,16.328125,16.328125,16.156250,16.226563,4.580030,1124800
1976-03-16,16.226563,16.421875,16.187500,16.367188,4.619725,1147200
1976-03-17,16.367188,16.406250,16.125000,16.132813,4.553571,1176000
1976-03-18,16.132813,16.226563,16.062500,16.125000,4.551370,939200
1976-03-19,16.125000,16.203125,16.062500,16.171875,4.564599,896000
1976-03-22,16.171875,16.265625,16.093750,16.140625,4.555776,968000
1976-03-23,16.140625,16.375000,16.140625,16.375000,4.621930,1057600
1976-03-24,16.375000,16.570313,16.312500,16.359375,4.617522,1608000
1976-03-25,16.359375,16.406250,16.156250,16.156250,4.560188,921600
1976-03-26,16.156250,16.281250,16.125000,16.218750,4.577827,1089600
1976-03-29,16.218750,16.359375,16.203125,16.265625,4.591060,705600
1976-03-30,16.265625,16.296875,16.156250,16.265625,4.591060,912000
1976-03-31,16.281250,16.421875,16.281250,16.375000,4.621930,988800
1976-04-01,16.375000,16.484375,16.265625,16.359375,4.617522,900800
1976-04-02,16.359375,16.703125,16.296875,16.687500,4.710137,1396800
1976-04-05,16.765625,17.000000,16.765625,17.000000,4.798342,1886400
1976-04-06,17.000000,17.078125,16.843750,16.859375,4.758650,1387200
1976-04-07,16.859375,16.984375,16.750000,16.812500,4.745418,929600
1976-04-08,16.812500,16.828125,16.632813,16.765625,4.732188,1489600
1976-04-09,16.765625,16.843750,16.671875,16.742188,4.725574,1201600
1976-04-12,16.742188,16.921875,16.328125,16.351563,4.615318,2022400
1976-04-13,16.351563,16.484375,16.156250,16.468750,4.648389,2051200
1976-04-14,16.429688,16.429688,15.968750,15.968750,4.507266,1505600
1976-04-15,15.968750,16.093750,15.898438,16.031250,4.524905,1939200
1976-04-19,16.031250,16.203125,15.984375,16.195313,4.571214,1352000
1976-04-20,16.203125,16.359375,16.203125,16.328125,4.608700,1492800
1976-04-21,16.328125,16.375000,16.156250,16.281250,4.595469,1675200
1976-04-22,16.281250,16.390625,16.250000,16.250000,4.586649,1184000
1976-04-23,16.250000,16.250000,16.046875,16.164063,4.562394,1192000
1976-04-26,16.164063,16.203125,16.062500,16.203125,4.573421,881600
1976-04-27,16.203125,16.234375,15.968750,15.992188,4.513878,926400
1976-04-28,15.992188,16.000000,15.859375,16.000000,4.516086,1222400
1976-04-29,16.000000,16.046875,15.773438,15.843750,4.471988,1104000
1976-04-30,15.843750,15.898438,15.781250,15.835938,4.469779,609600
1976-05-03,15.796875,15.796875,15.562500,15.562500,4.392601,1022400
1976-05-04,15.578125,15.804688,15.578125,15.781250,4.454342,883200
1976-05-05,15.718750,15.718750,15.328125,15.625000,4.410241,1078400
1976-05-06,15.625000,15.625000,15.500000,15.601563,4.434669,852800
1976-05-07,15.601563,15.703125,15.601563,15.656250,4.450212,859200
1976-05-10,15.765625,16.140625,15.765625,16.125000,4.583452,1310400
1976-05-11,16.125000,16.218750,15.968750,16.031250,4.556803,1232000
1976-05-12,16.031250,16.078125,16.000000,16.062500,4.565687,958400
1976-05-13,16.062500,16.062500,15.960938,15.968750,4.539041,675200
1976-05-14,15.937500,15.937500,15.757813,15.765625,4.481301,681600
1976-05-17,15.765625,15.859375,15.718750,15.765625,4.481301,630400
1976-05-18,15.812500,15.890625,15.812500,15.812500,4.494622,753600
1976-05-19,15.843750,15.953125,15.843750,15.859375,4.507953,1051200
1976-05-20,15.859375,16.101563,15.859375,16.062500,4.565687,771200
1976-05-21,16.062500,16.093750,15.843750,15.843750,4.503510,724800
1976-05-24,15.812500,15.812500,15.570313,15.609375,4.436888,1112000
1976-05-25,15.609375,15.718750,15.531250,15.687500,4.459094,1392000
1976-05-26,15.687500,15.796875,15.593750,15.625000,4.441330,723200
1976-05-27,15.625000,15.875000,15.617188,15.828125,4.499065,1057600
1976-05-28,15.843750,16.078125,15.843750,16.039063,4.559023,1096000
1976-06-01,16.031250,16.031250,15.828125,15.875000,4.512392,780800
1976-06-02,15.875000,16.140625,15.867188,16.093750,4.574570,1142400
1976-06-03,16.093750,16.156250,15.984375,16.000000,4.547919,971200
1976-06-04,16.000000,16.015625,15.781250,15.812500,4.494622,820800
1976-06-07,15.812500,15.851563,15.750000,15.835938,4.501288,844800
1976-06-08,15.835938,15.914063,15.781250,15.812500,4.494622,998400
1976-06-09,15.812500,15.945313,15.796875,15.828125,4.499065,812800
1976-06-10,15.859375,15.984375,15.859375,15.968750,4.539041,931200
1976-06-11,15.968750,16.117188,15.921875,16.109375,4.579008,1091200
1976-06-14,16.187500,16.296875,16.187500,16.265625,4.623425,1748800
1976-06-15,16.265625,16.281250,16.109375,16.187500,4.601218,1272000
1976-06-16,16.187500,16.437500,16.187500,16.390625,4.658957,1793600
1976-06-17,16.476563,16.812500,16.476563,16.812500,4.778869,2014400
1976-06-18,16.812500,16.875000,16.625000,16.625000,4.725574,1734400
1976-06-21,16.656250,16.906250,16.656250,16.906250,4.805519,1422400
1976-06-22,16.906250,17.054688,16.781250,16.796875,4.774427,1657600
1976-06-23,16.796875,17.000000,16.773438,17.000000,4.832166,1676800
1976-06-24,17.000000,17.203125,16.968750,17.203125,4.889900,1960000
1976-06-25,17.203125,17.296875,17.125000,17.156250,4.876581,1499200
1976-06-28,17.156250,17.250000,17.101563,17.101563,4.861033,1004800
1976-06-29,17.101563,17.250000,17.093750,17.218750,4.894342,905600
1976-06-30,17.265625,17.429688,17.265625,17.296875,4.916551,928000
1976-07-01,17.296875,17.375000,17.109375,17.156250,4.876581,1457600
1976-07-02,17.156250,17.250000,17.156250,17.250000,4.903227,792000
1976-07-06,17.250000,17.328125,17.156250,17.187500,4.885463,1051200
1976-07-07,17.187500,17.375000,17.164063,17.375000,4.938760,900800
1976-07-08,17.375000,17.460938,17.250000,17.281250,4.912111,1211200
1976-07-09,17.296875,17.437500,17.296875,17.375000,4.938760,1046400
1976-07-12,17.375000,17.500000,17.320313,17.484375,4.969848,1003200
1976-07-13,17.484375,17.523438,17.296875,17.351563,4.932094,1368000
1976-07-14,17.351563,17.523438,17.289063,17.289063,4.914330,1596800
1976-07-15,17.289063,17.468750,17.250000,17.265625,4.907668,1817600
1976-07-16,17.265625,17.273438,17.046875,17.140625,4.872139,2993600
1976-07-19,17.140625,17.218750,17.000000,17.000000,4.832166,1684800
1976-07-20,17.000000,17.046875,16.750000,16.906250,4.805519,1776000
1976-07-21,16.906250,17.031250,16.906250,16.937500,4.814404,1056000
1976-07-22,16.937500,17.031250,16.890625,17.031250,4.841048,688000
1976-07-23,17.031250,17.117188,17.000000,17.062500,4.849932,899200
1976-07-26,17.109375,17.218750,17.109375,17.218750,4.894342,883200
1976-07-27,17.218750,17.218750,17.000000,17.015625,4.836608,1174400
1976-07-28,17.015625,17.070313,16.929688,17.062500,4.849932,771200
1976-07-29,17.062500,17.109375,17.015625,17.062500,4.849932,790400
1976-07-30,17.062500,17.093750,16.984375,17.007813,4.834385,825600
1976-08-02,17.007813,17.054688,16.937500,16.984375,4.827725,593600
1976-08-03,16.984375,17.242188,16.968750,17.242188,4.901009,984000
1976-08-04,17.250000,17.343750,17.250000,17.296875,4.916551,1344000
1976-08-05,17.226563,17.226563,17.140625,17.164063,4.918791,646400
1976-08-06,17.164063,17.203125,17.140625,17.203125,4.929982,657600
1976-08-09,17.203125,17.203125,17.140625,17.156250,4.916552,657600
1976-08-10,17.156250,17.406250,17.156250,17.406250,4.988195,990400
1976-08-11,17.406250,17.484375,17.328125,17.335938,4.968044,1382400
1976-08-12,17.335938,17.375000,17.242188,17.343750,4.970285,803200
1976-08-13,17.343750,17.429688,17.343750,17.390625,4.983718,464000
1976-08-16,17.390625,17.500000,17.343750,17.460938,5.003867,1417600
1976-08-17,17.460938,17.546875,17.453125,17.500000,5.015063,1160000
1976-08-18,17.500000,17.531250,17.406250,17.468750,5.006109,777600
1976-08-19,17.468750,17.476563,17.164063,17.203125,4.929982,902400
1976-08-20,17.195313,17.195313,17.015625,17.062500,4.889684,793600
1976-08-23,17.062500,17.093750,16.929688,17.093750,4.898640,896000
1976-08-24,17.093750,17.109375,16.843750,16.843750,4.826998,905600
1976-08-25,16.843750,17.046875,16.796875,17.000000,4.871774,1102400
1976-08-26,17.000000,17.000000,16.781250,16.804688,4.815801,1060800
1976-08-27,16.804688,16.898438,16.734375,16.859375,4.831475,752000
1976-08-30,16.875000,17.046875,16.875000,17.015625,4.876252,785600
1976-08-31,17.015625,17.171875,17.007813,17.101563,4.900878,936000
1976-09-01,17.101563,17.328125,17.078125,17.304688,4.959089,868800
1976-09-02,17.304688,17.375000,17.250000,17.273438,4.950137,884800
1976-09-03,17.273438,17.406250,17.234375,17.406250,4.988195,632000
1976-09-07,17.406250,17.507813,17.375000,17.500000,5.015063,1363200
1976-09-08,17.500000,17.507813,17.312500,17.312500,4.961329,1512000
1976-09-09,17.343750,17.437500,17.343750,17.375000,4.979241,835200
1976-09-10,17.375000,17.476563,17.343750,17.468750,5.006109,673600
1976-09-13,17.468750,17.507813,17.351563,17.351563,4.972524,969600
1976-09-14,17.351563,17.406250,17.312500,17.375000,4.979241,585600
1976-09-15,17.375000,17.468750,17.320313,17.390625,4.983718,987200
1976-09-16,17.390625,17.750000,17.359375,17.750000,5.086707,1529600
1976-09-17,17.750000,17.851563,17.656250,17.750000,5.086707,1921600
1976-09-20,17.750000,17.921875,17.718750,17.765625,5.091184,1294400
1976-09-21,17.789063,17.984375,17.789063,17.984375,5.153870,1369600
1976-09-22,17.984375,18.031250,17.812500,17.843750,5.113568,1846400
1976-09-23,17.843750,17.882813,17.750000,17.765625,5.091184,1347200
1976-09-24,17.765625,17.843750,17.710938,17.734375,5.082230,944000
1976-09-27,17.781250,17.968750,17.781250,17.921875,5.135959,841600
1976-09-28,17.921875,17.968750,17.671875,17.742188,5.084466,1417600
1976-09-29,17.742188,17.812500,17.500000,17.593750,5.041931,1702400
1976-09-30,17.593750,17.718750,17.546875,17.585938,5.039689,1008000
1976-10-01,17.585938,17.703125,17.421875,17.531250,5.024017,1460800
1976-10-04,17.531250,17.562500,17.445313,17.500000,5.015063,929600
1976-10-05,17.500000,17.562500,17.359375,17.437500,4.997150,1491200
1976-10-06,17.437500,17.523438,17.281250,17.468750,5.006109,1694400
1976-10-07,17.468750,17.617188,17.375000,17.578125,5.037450,1627200
1976-10-08,17.578125,17.601563,17.343750,17.390625,4.983718,1481600
1976-10-11,17.390625,17.421875,17.328125,17.375000,4.979241,1006400
1976-10-12,17.375000,17.445313,16.937500,16.984375,4.867296,1894400
1976-10-13,16.984375,17.078125,16.859375,17.031250,4.880728,2614400
1976-10-14,16.968750,16.968750,16.468750,16.531250,4.737442,2409600
1976-10-15,16.531250,16.585938,16.406250,16.406250,4.701621,2555200
1976-10-18,16.421875,16.578125,16.421875,16.476563,4.721767,1448000
1976-10-19,16.476563,16.593750,16.343750,16.468750,4.719530,1816000
1976-10-20,16.468750,16.546875,16.468750,16.468750,4.719530,1084800
1976-10-21,16.468750,16.500000,16.031250,16.078125,4.607589,1680000
1976-10-22,16.078125,16.078125,15.812500,16.031250,4.594153,1763200
1976-10-25,16.031250,16.234375,15.968750,16.218750,4.647887,1192000
1976-10-26,16.242188,16.468750,16.242188,16.468750,4.719530,1326400
1976-10-27,16.468750,16.625000,16.343750,16.625000,4.764309,1374400
1976-10-28,16.625000,16.773438,16.578125,16.656250,4.773265,1273600
1976-10-29,16.656250,17.000000,16.656250,16.984375,4.867296,1694400
1976-11-01,16.984375,17.031250,16.882813,16.953125,4.858338,1499200
1976-11-03,16.921875,16.921875,16.609375,16.750000,4.800132,1825600
1976-11-04,16.750000,16.835938,16.640625,16.710938,4.829484,1201600
1976-11-05,16.710938,16.734375,16.375000,16.390625,4.736911,1424000
1976-11-08,16.359375,16.359375,16.093750,16.218750,4.687238,2337600
1976-11-09,16.218750,16.289063,16.093750,16.265625,4.700784,1444800
1976-11-10,16.265625,16.367188,16.179688,16.312500,4.714331,1185600
1976-11-11,16.312500,16.554688,16.261719,16.531250,4.777553,710400
1976-11-12,16.531250,16.531250,16.328125,16.375000,4.732396,1262400
1976-11-15,16.375000,16.562500,16.281250,16.515625,4.773035,1753600
1976-11-16,16.515625,16.640625,16.468750,16.468750,4.759486,1417600
1976-11-17,16.468750,16.718750,16.421875,16.718750,4.831740,1329600
1976-11-18,16.750000,16.960938,16.750000,16.937500,4.894961,1539200
1976-11-19,16.921875,16.921875,16.765625,16.875000,4.876899,1216000
1976-11-22,16.875000,17.062500,16.843750,16.968750,4.903995,1182400
1976-11-23,16.968750,16.984375,16.828125,16.835938,4.865608,803200
1976-11-24,16.875000,17.031250,16.875000,17.015625,4.917536,673600
1976-11-26,17.046875,17.218750,17.046875,17.132813,4.951404,868800
1976-11-29,17.125000,17.125000,16.945313,16.960938,4.901730,1508800
1976-11-30,16.960938,16.976563,16.828125,16.937500,4.894961,889600
1976-12-01,16.937500,17.117188,16.843750,16.843750,4.867862,1278400
1976-12-02,17.000000,17.117188,16.843750,16.843750,4.867862,1278400
1976-12-03,16.890625,17.000000,16.890625,17.000000,4.913023,1152000
1976-12-06,17.031250,17.156250,17.031250,17.062500,4.931085,1028800
1976-12-07,17.062500,17.109375,16.921875,16.921875,4.890440,1371200
1976-12-08,16.921875,17.062500,16.921875,17.046875,4.926567,1219200
1976-12-09,17.046875,17.132813,16.968750,16.968750,4.903995,1368000
1976-12-10,16.968750,17.039063,16.875000,16.937500,4.894961,1116800
1976-12-13,16.937500,16.953125,16.843750,16.875000,4.876899,1147200
1976-12-14,16.875000,16.906250,16.765625,16.867188,4.874640,1652800
1976-12-15,16.867188,16.906250,16.734375,16.796875,4.854318,1264000
1976-12-16,16.796875,16.804688,16.687500,16.703125,4.827227,1356800
1976-12-17,16.703125,16.828125,16.562500,16.562500,4.786582,1011200
1976-12-20,16.562500,16.640625,16.546875,16.609375,4.800132,830400
1976-12-21,16.609375,16.898438,16.578125,16.898438,4.883671,1708800
1976-12-22,16.898438,17.023438,16.882813,16.890625,4.881414,1412800
1976-12-23,16.890625,16.984375,16.890625,16.976563,4.906250,1251200
1976-12-27,17.093750,17.375000,17.093750,17.343750,5.012366,1124800
1976-12-28,17.359375,17.507813,17.359375,17.406250,5.030426,1915200
1976-12-29,17.406250,17.437500,17.281250,17.281250,4.994305,942400
1976-12-30,17.328125,17.531250,17.328125,17.531250,5.066552,1009600
1976-12-31,17.531250,17.625000,17.437500,17.445313,5.041717,1126400
1977-01-03,17.281250,17.531250,17.281250,17.281250,4.994305,1118400
1977-01-04,17.281250,17.328125,17.023438,17.062500,4.931085,1443200
1977-01-05,17.062500,17.171875,16.984375,17.125000,4.949144,1182400
1977-01-06,17.125000,17.281250,17.109375,17.125000,4.949144,1035200
1977-01-07,17.125000,17.132813,16.976563,17.000000,4.913023,1072000
1977-01-10,17.000000,17.062500,16.820313,16.953125,4.899473,1209600
1977-01-11,16.953125,17.000000,16.750000,16.812500,4.858832,1233600
1977-01-12,16.812500,16.812500,16.632813,16.812500,4.858832,1817600
1977-01-13,16.812500,16.953125,16.812500,16.906250,4.885929,1470400
1977-01-14,16.906250,16.937500,16.765625,16.906250,4.885929,1812800
1977-01-17,16.906250,17.062500,16.875000,17.062500,4.931085,1979200
1977-01-18,17.062500,17.234375,16.953125,17.203125,4.971724,2036800
1977-01-19,17.203125,17.476563,17.171875,17.343750,5.012366,1902400
1977-01-20,17.343750,17.437500,17.023438,17.062500,4.931085,1657600
1977-01-21,17.062500,17.218750,16.937500,17.125000,4.949144,2238400
1977-01-24,17.125000,17.250000,16.953125,16.984375,4.908505,1859200
1977-01-25,16.984375,17.062500,16.812500,16.859375,4.872380,1934400
1977-01-26,16.843750,16.843750,16.703125,16.765625,4.845285,1684800
1977-01-27,16.765625,16.843750,16.703125,16.781250,4.849801,1140800
1977-01-28,16.796875,17.140625,16.796875,17.031250,4.922052,1390400
1977-01-31,17.031250,17.203125,16.968750,17.203125,4.971724,1228800
1977-02-01,17.203125,17.367188,17.203125,17.281250,4.994305,1401600
1977-02-02,17.281250,17.296875,17.093750,17.140625,4.953662,1342400
1977-02-03,16.984375,16.984375,16.859375,16.945313,4.942272,1302400
1977-02-04,16.945313,17.015625,16.757813,16.812500,4.903532,1433600
1977-02-07,16.812500,16.906250,16.781250,16.906250,4.930877,1083200
1977-02-08,16.906250,17.007813,16.843750,16.875000,4.921764,1420800
1977-02-09,16.875000,16.890625,16.625000,16.750000,4.885305,1601600
1977-02-10,16.750000,16.875000,16.726563,16.812500,4.903532,1324800
1977-02-11,16.812500,16.851563,16.687500,16.687500,4.867074,1246400
1977-02-14,16.734375,17.140625,16.734375,17.140625,4.999234,1720000
1977-02-15,17.140625,17.156250,16.984375,17.015625,4.962778,1560000
1977-02-16,17.015625,17.125000,16.937500,16.968750,4.949110,1700800
1977-02-17,16.968750,16.992188,16.835938,16.906250,4.930877,1112000
1977-02-18,16.906250,16.929688,16.812500,16.882813,4.924038,1073600
1977-02-22,17.187500,17.312500,17.187500,17.234375,5.026577,1788800
1977-02-23,17.234375,17.289063,17.195313,17.265625,5.035692,1614400
1977-02-24,17.250000,17.250000,17.203125,17.218750,5.022019,830400
1977-02-25,17.218750,17.257813,17.210938,17.218750,5.022019,1366400
1977-02-28,17.218750,17.250000,17.210938,17.250000,5.031137,828800
1977-03-01,17.257813,17.359375,17.257813,17.312500,5.049363,1408000
1977-03-02,17.312500,17.343750,17.273438,17.281250,5.040251,1147200
1977-03-03,17.296875,17.406250,17.296875,17.390625,5.072148,1529600
1977-03-04,17.390625,17.437500,17.281250,17.375000,5.067593,2107200
1977-03-07,17.375000,17.531250,17.375000,17.531250,5.113162,1228800
1977-03-08,17.531250,17.578125,17.507813,17.507813,5.106328,1992000
1977-03-09,17.507813,17.507813,17.476563,17.476563,5.097213,4632000
1977-03-10,17.476563,17.781250,17.421875,17.781250,5.186080,2286400
1977-03-11,17.773438,17.773438,17.640625,17.703125,5.163296,1500800
1977-03-14,17.703125,17.812500,17.656250,17.750000,5.176967,1136000
1977-03-15,17.750000,17.882813,17.750000,17.828125,5.199748,1356800
1977-03-16,17.828125,17.851563,17.726563,17.750000,5.176967,2099200
1977-03-17,17.750000,17.757813,17.656250,17.718750,5.167851,1380800
1977-03-18,17.718750,17.796875,17.664063,17.718750,5.167851,1339200
1977-03-21,17.718750,17.750000,17.656250,17.703125,5.163296,822400
1977-03-22,17.703125,17.843750,17.656250,17.843750,5.204302,1657600
1977-03-23,17.843750,17.851563,17.656250,17.656250,5.149623,1886400
1977-03-24,17.656250,17.664063,17.476563,17.507813,5.106328,1540800
1977-03-25,17.507813,17.546875,17.343750,17.343750,5.058478,1329600
1977-03-28,17.343750,17.468750,17.343750,17.453125,5.090375,1163200
1977-03-29,17.468750,17.578125,17.468750,17.539063,5.115445,915200
1977-03-30,17.531250,17.531250,17.234375,17.289063,5.042527,2430400
1977-03-31,17.289063,17.406250,17.234375,17.281250,5.040251,971200
1977-04-01,17.281250,17.406250,17.281250,17.375000,5.067593,1702400
1977-04-04,17.375000,17.382813,17.226563,17.234375,5.026577,923200
1977-04-05,17.234375,17.296875,17.156250,17.156250,5.003795,1766400
1977-04-06,17.156250,17.218750,17.140625,17.218750,5.022019,1246400
1977-04-07,17.218750,17.304688,17.187500,17.296875,5.044806,800000
1977-04-11,17.296875,17.328125,17.109375,17.289063,5.042527,1408000
1977-04-12,17.289063,17.453125,17.226563,17.421875,5.081266,1635200
1977-04-13,17.375000,17.375000,16.812500,17.109375,4.990117,3809600
1977-04-14,17.109375,17.218750,16.953125,17.000000,4.958221,2072000
1977-04-15,17.000000,17.031250,16.882813,17.031250,4.967333,2112000
1977-04-18,17.031250,17.039063,16.960938,17.000000,4.958221,1276800
1977-04-19,17.000000,17.054688,16.921875,16.945313,4.942272,1209600
1977-04-20,16.945313,16.968750,16.867188,16.875000,4.921764,1820800
1977-04-21,16.875000,16.906250,16.468750,16.500000,4.812391,2872000
1977-04-22,16.453125,16.453125,16.093750,16.125000,4.703017,3444800
1977-04-25,16.125000,16.226563,16.031250,16.140625,4.707572,2467200
1977-04-26,16.140625,16.281250,16.093750,16.218750,4.730358,1529600
1977-04-27,16.218750,16.375000,16.203125,16.328125,4.762261,1544000
1977-04-28,16.328125,16.351563,16.203125,16.234375,4.734918,1904000
1977-04-29,16.234375,16.234375,16.070313,16.171875,4.716690,1304000
1977-05-02,16.171875,16.250000,16.085938,16.250000,4.739477,1182400
1977-05-03,16.250000,16.375000,16.218750,16.328125,4.762261,1382400
1977-05-04,16.328125,16.484375,16.273438,16.429688,4.791882,1323200
1977-05-05,16.375000,16.375000,16.218750,16.281250,4.794178,1441600
1977-05-06,16.250000,16.250000,16.000000,16.015625,4.715966,1692800
1977-05-09,16.015625,16.062500,15.851563,15.953125,4.697564,1361600
1977-05-10,15.953125,16.078125,15.945313,15.953125,4.697564,1291200
1977-05-11,15.953125,15.968750,15.726563,15.796875,4.651556,1536000
1977-05-12,15.796875,15.804688,15.656250,15.773438,4.644654,1739200
1977-05-13,15.773438,15.890625,15.750000,15.828125,4.660756,1222400
1977-05-16,15.828125,15.945313,15.828125,15.828125,4.660756,1283200
1977-05-17,15.828125,15.960938,15.734375,15.960938,4.699864,1472000
1977-05-18,15.960938,16.031250,15.859375,15.875000,4.674560,1609600
1977-05-19,15.875000,15.906250,15.765625,15.765625,4.642352,1004800
1977-05-20,15.687500,15.687500,15.585938,15.617188,4.598641,2232000
1977-05-23,15.601563,15.601563,15.328125,15.335938,4.515827,2132800
1977-05-24,15.335938,15.507813,15.335938,15.468750,4.554935,1926400
1977-05-25,15.468750,15.523438,15.367188,15.445313,4.548032,1200000
1977-05-26,15.445313,15.570313,15.421875,15.562500,4.582541,1014400
1977-05-27,15.562500,15.578125,15.312500,15.328125,4.513525,1494400
1977-05-31,15.328125,15.414063,15.281250,15.343750,4.518126,1046400
1977-06-01,15.375000,15.562500,15.375000,15.500000,4.564135,1812800
1977-06-02,15.500000,15.523438,15.382813,15.406250,4.536530,1529600
1977-06-03,15.460938,15.671875,15.460938,15.671875,4.614745,1444800
1977-06-06,15.671875,15.750000,15.625000,15.656250,4.610144,1201600
1977-06-07,15.656250,15.812500,15.601563,15.804688,4.653852,404800
1977-06-08,15.804688,15.859375,15.765625,15.804688,4.653852,1468800
1977-06-09,15.804688,15.843750,15.703125,15.703125,4.623948,1030400
1977-06-10,15.703125,15.765625,15.656250,15.726563,4.630846,934400
1977-06-13,15.734375,15.859375,15.734375,15.843750,4.665359,785600
1977-06-14,15.882813,16.156250,15.882813,16.156250,4.757374,2203200
1977-06-15,16.156250,16.242188,16.062500,16.171875,4.761974,2424000
1977-06-16,16.148438,16.148438,15.953125,16.078125,4.734370,2136000
1977-06-17,16.078125,16.171875,16.054688,16.093750,4.738971,987200
1977-06-20,16.117188,16.265625,16.117188,16.250000,4.784982,1059200
1977-06-21,16.250000,16.328125,16.195313,16.234375,4.780381,1945600
1977-06-22,16.234375,16.273438,16.195313,16.273438,4.791882,1393600
1977-06-23,16.273438,16.390625,16.273438,16.375000,4.821789,1472000
1977-06-24,16.398438,16.656250,16.398438,16.625000,4.895404,1744000
1977-06-27,16.625000,16.703125,16.562500,16.695313,4.916108,851200
1977-06-28,16.695313,16.804688,16.507813,16.507813,4.860896,1864000
1977-06-29,16.507813,16.609375,16.343750,16.578125,4.881600,2177600
1977-06-30,16.578125,16.648438,16.500000,16.500000,4.858594,1510400
1977-07-01,16.492188,16.492188,16.312500,16.351563,4.814886,1112000
1977-07-05,16.351563,16.476563,16.328125,16.343750,4.812587,920000
1977-07-06,16.343750,16.359375,16.203125,16.242188,4.782681,1612800
1977-07-07,16.242188,16.343750,16.203125,16.343750,4.812587,1035200
1977-07-08,16.343750,16.390625,16.125000,16.195313,4.768878,1049600
1977-07-11,16.195313,16.242188,16.132813,16.242188,4.782681,851200
1977-07-12,16.218750,16.343750,16.218750,16.218750,4.775777,1072000
1977-07-13,16.195313,16.351563,16.195313,16.320313,4.805685,936000
1977-07-15,16.382813,16.921875,16.382813,16.882813,4.971318,3744000
1977-07-18,16.906250,17.140625,16.906250,17.125000,5.042633,3131200
1977-07-19,17.125000,17.218750,17.046875,17.179688,5.058736,2142400
1977-07-20,17.171875,17.171875,17.039063,17.062500,5.024231,1404800
1977-07-21,17.062500,17.078125,16.921875,17.062500,5.024231,1512000
1977-07-22,17.062500,17.148438,17.039063,17.078125,5.028832,1368000
1977-07-25,17.078125,17.140625,17.031250,17.117188,5.040332,988800
1977-07-26,17.078125,17.078125,16.953125,16.976563,4.998926,952000
1977-07-27,16.968750,16.968750,16.703125,16.718750,4.923011,1388800
1977-07-28,16.718750,16.781250,16.640625,16.687500,4.913811,1148800
1977-07-29,16.687500,16.757813,16.617188,16.757813,4.934512,876800
1977-08-01,16.757813,16.921875,16.757813,16.859375,4.964415,673600
1977-08-02,16.851563,16.851563,16.789063,16.828125,4.955215,740800
1977-08-03,16.828125,16.906250,16.765625,16.859375,4.964415,1171200
1977-08-04,16.812500,16.812500,16.664063,16.812500,4.996925,1952000
1977-08-05,16.812500,16.851563,16.656250,16.656250,4.950487,976000
1977-08-08,16.656250,16.656250,16.492188,16.500000,4.904044,1102400
1977-08-09,16.515625,16.640625,16.515625,16.601563,4.934230,1270400
1977-08-10,16.601563,16.765625,16.562500,16.765625,4.982992,984000
1977-08-11,16.765625,16.796875,16.609375,16.632813,4.943517,1097600
1977-08-12,16.632813,16.710938,16.593750,16.625000,4.941199,676800
1977-08-15,16.625000,16.835938,16.609375,16.835938,5.003891,840000
1977-08-16,16.828125,16.828125,16.718750,16.734375,4.973705,752000
1977-08-17,16.734375,16.882813,16.734375,16.796875,4.992280,864000
1977-08-18,16.734375,16.953125,16.718750,16.781250,4.987639,1147200
1977-08-19,16.781250,16.835938,16.703125,16.820313,4.999249,908800
1977-08-22,16.820313,16.968750,16.812500,16.953125,5.038719,888000
1977-08-23,16.953125,17.000000,16.843750,16.882813,5.017822,980800
1977-08-24,16.882813,16.898438,16.695313,16.750000,4.978350,1000000
1977-08-25,16.750000,16.796875,16.679688,16.703125,4.964419,734400
1977-08-26,16.703125,16.742188,16.625000,16.726563,4.971385,1091200
1977-08-29,16.734375,16.843750,16.734375,16.843750,5.006213,939200
1977-08-30,16.843750,16.929688,16.664063,16.664063,4.952807,876800
1977-08-31,16.664063,16.796875,16.601563,16.773438,4.985314,998400
1977-09-01,16.773438,16.812500,16.671875,16.695313,4.962096,836800
1977-09-02,16.718750,16.781250,16.718750,16.781250,4.987639,1027200
1977-09-06,16.781250,16.789063,16.656250,16.773438,4.985314,816000
1977-09-07,16.773438,16.781250,16.695313,16.742188,4.976027,704000
1977-09-08,16.734375,16.734375,16.578125,16.585938,4.929588,1064000
1977-09-09,16.578125,16.578125,16.421875,16.421875,4.880827,1368000
1977-09-12,16.421875,16.445313,16.328125,16.421875,4.880827,1201600
1977-09-13,16.421875,16.460938,16.351563,16.421875,4.880827,793600
1977-09-14,16.421875,16.515625,16.406250,16.445313,4.887792,664000
1977-09-15,16.445313,16.492188,16.359375,16.421875,4.880827,864000
1977-09-16,16.406250,16.406250,16.195313,16.203125,4.815811,1579200
1977-09-19,16.125000,16.125000,15.968750,15.984375,4.750795,1408000
1977-09-20,15.984375,16.187500,15.976563,16.187500,4.811166,1446400
1977-09-21,16.187500,16.187500,15.953125,16.015625,4.760082,1214400
1977-09-22,16.015625,16.164063,16.000000,16.101563,4.785624,1240000
1977-09-23,16.101563,16.156250,16.023438,16.062500,4.774011,1126400
1977-09-26,16.062500,16.250000,16.046875,16.218750,4.820453,416000
1977-09-27,16.218750,16.234375,16.125000,16.140625,4.797231,1190400
1977-09-28,16.140625,16.281250,16.140625,16.218750,4.820453,1030400
1977-09-29,16.226563,16.289063,16.226563,16.273438,4.836708,1035200
1977-09-30,16.273438,16.328125,16.226563,16.312500,4.848317,838400
1977-10-03,16.312500,16.406250,16.203125,16.406250,4.876184,1161600
1977-10-04,16.375000,16.375000,16.156250,16.187500,4.811166,1345600
1977-10-05,16.187500,16.203125,16.062500,16.085938,4.780979,1273600
1977-10-06,16.085938,16.171875,16.085938,16.117188,4.790267,920000
1977-10-07,16.117188,16.148438,16.046875,16.078125,4.778658,1115200
1977-10-10,16.078125,16.125000,16.031250,16.125000,4.792592,358400
1977-10-11,16.101563,16.101563,16.015625,16.031250,4.764726,806400
1977-10-12,16.000000,16.000000,15.882813,15.953125,4.741508,1260800
1977-10-13,15.953125,16.156250,15.945313,16.093750,4.783302,1467200
1977-10-14,16.093750,16.171875,16.046875,16.117188,4.790267,1734400
1977-10-17,16.117188,16.171875,16.070313,16.171875,4.806520,828800
1977-10-18,16.171875,16.203125,16.078125,16.085938,4.780979,859200
1977-10-19,16.085938,16.093750,15.960938,16.000000,4.755439,835200
1977-10-20,16.000000,16.164063,15.976563,16.109375,4.787944,1219200
1977-10-21,16.109375,16.218750,16.085938,16.171875,4.806520,1494400
1977-10-24,16.171875,16.226563,16.156250,16.171875,4.806520,1584000
1977-10-25,16.078125,16.093750,15.984375,16.078125,4.778658,1969600
1977-10-26,16.078125,16.312500,16.062500,16.281250,4.839026,3012800
1977-10-27,16.281250,16.328125,16.187500,16.265625,4.834385,1652800
1977-10-28,16.257813,16.257813,16.156250,16.179688,4.808844,833600
1977-10-31,16.179688,16.203125,16.062500,16.078125,4.778658,950400
1977-11-01,16.078125,16.101563,15.984375,15.984375,4.750795,1611200
1977-11-02,15.835938,15.835938,15.562500,15.601563,4.682792,2948800
1977-11-03,15.601563,15.671875,15.562500,15.625000,4.689823,2316800
1977-11-04,15.648438,15.812500,15.648438,15.812500,4.746106,2996800
1977-11-07,15.812500,15.828125,15.718750,15.750000,4.727346,1339200
1977-11-08,15.750000,15.773438,15.656250,15.687500,4.708585,1444800
1977-11-09,15.687500,15.796875,15.664063,15.796875,4.741415,1451200
1977-11-10,15.796875,16.218750,15.796875,16.203125,4.863352,2387200
1977-11-11,16.218750,16.296875,16.218750,16.257813,4.879763,1784000
1977-11-14,16.250000,16.250000,16.132813,16.140625,4.844589,1147200
1977-11-15,16.140625,16.437500,16.140625,16.312500,4.896179,1904000
1977-11-16,16.312500,16.343750,16.093750,16.117188,4.837554,1193600
1977-11-17,16.117188,16.203125,16.062500,16.125000,4.839901,1083200
1977-11-18,16.148438,16.304688,16.148438,16.265625,4.882111,1542400
1977-11-21,16.265625,16.312500,16.187500,16.281250,4.886797,958400
1977-11-22,16.351563,16.640625,16.351563,16.640625,4.994666,2008000
1977-11-23,16.640625,16.828125,16.531250,16.781250,5.036873,1737600
1977-11-25,16.781250,16.828125,16.703125,16.796875,5.041562,923200
1977-11-28,16.796875,16.804688,16.687500,16.687500,5.008736,1766400
1977-11-29,16.687500,16.695313,16.421875,16.429688,4.931354,1710400
1977-11-30,16.429688,16.562500,16.359375,16.500000,4.952455,2140800
1977-12-01,16.500000,16.515625,16.390625,16.437500,4.933695,956800
1977-12-02,16.437500,16.531250,16.390625,16.531250,4.961834,1217600
1977-12-05,16.531250,16.546875,16.406250,16.445313,4.936041,1160000
1977-12-06,16.398438,16.398438,16.203125,16.281250,4.886797,2400000
1977-12-07,16.281250,16.343750,16.234375,16.312500,4.896179,1736000
1977-12-08,16.320313,16.421875,16.320313,16.398438,4.921974,1100800
1977-12-09,16.398438,16.617188,16.265625,16.531250,4.961834,1726400
1977-12-12,16.531250,16.617188,16.453125,16.453125,4.938387,1041600
1977-12-13,16.453125,16.531250,16.414063,16.515625,4.957147,958400
1977-12-14,16.515625,16.648438,16.445313,16.640625,4.994666,923200
1977-12-15,16.640625,16.726563,16.546875,16.546875,4.966527,1697600
1977-12-16,16.546875,16.625000,16.484375,16.484375,4.947767,1030400
1977-12-19,16.484375,16.546875,16.406250,16.445313,4.936041,876800
1977-12-20,16.445313,16.523438,16.351563,16.515625,4.957147,1761600
1977-12-21,16.515625,16.671875,16.515625,16.625000,4.989978,1569600
1977-12-22,16.664063,16.750000,16.664063,16.718750,5.018112,2337600
1977-12-23,16.718750,16.890625,16.718750,16.890625,5.069705,3190400
1977-12-27,16.890625,16.914063,16.812500,16.890625,5.069705,1436800
1977-12-28,16.890625,16.953125,16.828125,16.937500,5.083775,1257600
1977-12-29,16.937500,17.093750,16.867188,17.046875,5.116601,1721600
1977-12-30,17.046875,17.203125,17.046875,17.093750,5.130670,1907200
1978-01-03,16.781250,17.062500,16.781250,16.796875,5.041562,1430400
1978-01-04,16.796875,16.921875,16.718750,16.921875,5.079081,2448000
1978-01-05,16.921875,16.984375,16.625000,16.679688,5.006392,1961600
1978-01-06,16.679688,16.687500,16.539063,16.687500,5.008736,1700800
1978-01-09,16.687500,16.804688,16.578125,16.804688,5.043908,2963200
1978-01-10,16.804688,16.859375,16.656250,16.687500,5.008736,3768000
1978-01-11,16.687500,16.757813,16.593750,16.632813,4.992318,2214400
1978-01-12,16.648438,16.765625,16.648438,16.664063,5.001703,1984000
1978-01-13,16.664063,16.734375,16.593750,16.625000,4.989978,1320000
1978-01-16,16.625000,16.750000,16.500000,16.718750,5.018112,1803200
1978-01-17,16.718750,16.828125,16.671875,16.812500,5.046252,1571200
1978-01-18,16.812500,16.859375,16.687500,16.828125,5.050944,1420800
1978-01-19,16.828125,16.828125,16.687500,16.718750,5.018112,1574400
1978-01-20,16.703125,16.703125,16.570313,16.640625,4.994666,1339200
1978-01-23,16.640625,16.640625,16.531250,16.585938,4.978252,2814400
1978-01-24,16.585938,16.687500,16.546875,16.625000,4.989978,1816000
1978-01-25,16.625000,16.710938,16.609375,16.617188,4.987631,1340800
1978-01-26,16.617188,16.664063,16.500000,16.515625,4.957147,1609600
1978-01-27,16.515625,16.609375,16.515625,16.562500,4.971215,1710400
1978-01-30,16.562500,16.679688,16.531250,16.679688,5.006392,1118400
1978-01-31,16.679688,16.679688,16.531250,16.593750,4.980598,1280000
1978-02-01,16.593750,16.648438,16.539063,16.593750,4.980598,1131200
1978-02-02,16.593750,16.640625,16.421875,16.453125,4.938387,1870400
1978-02-03,16.281250,16.281250,16.125000,16.164063,4.905290,1681600
1978-02-06,16.164063,16.171875,16.070313,16.156250,4.902917,942400
1978-02-07,16.156250,16.296875,16.140625,16.296875,4.945596,1099200
1978-02-08,16.296875,16.367188,16.218750,16.257813,4.933739,1160000
1978-02-09,16.257813,16.257813,16.164063,16.234375,4.926630,961600
1978-02-10,16.234375,16.265625,16.125000,16.125000,4.893436,979200
1978-02-13,16.125000,16.156250,16.078125,16.148438,4.900551,1614400
1978-02-14,16.109375,16.109375,16.031250,16.078125,4.879210,1030400
1978-02-15,16.078125,16.125000,16.031250,16.078125,4.879210,1384000
1978-02-16,16.015625,16.015625,15.921875,16.000000,4.855503,1798400
1978-02-17,16.000000,16.023438,15.945313,15.953125,4.841277,1641600
1978-02-21,15.953125,15.976563,15.890625,15.953125,4.841277,2219200
1978-02-22,15.953125,16.015625,15.921875,15.921875,4.831797,1566400
1978-02-23,15.921875,16.000000,15.851563,16.000000,4.855503,1678400
1978-02-24,16.000000,16.093750,15.960938,16.039063,4.867355,2072000
1978-02-27,16.039063,16.070313,15.843750,15.859375,4.812829,1064000
1978-02-28,15.859375,15.859375,15.640625,15.703125,4.765409,1960000
1978-03-01,15.703125,15.781250,15.648438,15.718750,4.770151,1932800
1978-03-02,15.718750,15.765625,15.546875,15.562500,4.722736,2836800
1978-03-03,15.562500,15.609375,15.312500,15.328125,4.651608,3064000
1978-03-06,15.265625,15.265625,15.015625,15.054688,4.568632,2640000
1978-03-07,15.070313,15.296875,15.070313,15.296875,4.642126,2897600
1978-03-08,15.296875,15.421875,15.085938,15.382813,4.668209,2582400
1978-03-09,15.382813,15.460938,15.234375,15.265625,4.632641,2739200
1978-03-10,15.265625,15.359375,15.140625,15.171875,4.604194,3918400
1978-03-13,15.171875,15.234375,14.921875,14.937500,4.533064,3552000
1978-03-14,14.953125,15.187500,14.953125,15.140625,4.594707,3280000
1978-03-15,15.132813,15.132813,14.968750,15.007813,4.554407,1854400
1978-03-16,15.007813,15.218750,14.953125,15.203125,4.613676,1609600
1978-03-17,15.203125,15.265625,15.093750,15.242188,4.625529,1484800
1978-03-20,15.242188,15.273438,15.046875,15.046875,4.566259,1923200
1978-03-21,15.046875,15.062500,14.875000,14.953125,4.537808,2409600
1978-03-22,14.953125,15.046875,14.898438,14.968750,4.542549,2008000
1978-03-23,14.968750,15.046875,14.945313,14.984375,4.547292,1164800
1978-03-27,14.937500,14.937500,14.828125,14.890625,4.518842,1464000
1978-03-28,14.890625,14.992188,14.820313,14.976563,4.544920,1342400
1978-03-29,14.976563,15.000000,14.906250,14.906250,4.523585,1270400
1978-03-30,14.898438,14.898438,14.835938,14.867188,4.511729,1219200
1978-03-31,14.851563,14.851563,14.703125,14.718750,4.466682,2732800
1978-04-03,14.765625,14.765625,14.671875,14.765625,4.480909,1817600
1978-04-04,14.765625,14.898438,14.757813,14.875000,4.514102,2838400
1978-04-05,14.890625,15.093750,14.890625,15.085938,4.578113,2155200
1978-04-06,15.085938,15.250000,15.031250,15.039063,4.563888,2856000
1978-04-07,15.039063,15.187500,14.984375,15.054688,4.568632,1796800
1978-04-10,15.054688,15.093750,14.984375,15.062500,4.570998,1865600
1978-04-11,15.031250,15.031250,14.960938,14.992188,4.549663,1617600
1978-04-12,14.992188,15.125000,14.765625,14.765625,4.480909,2337600
1978-04-13,14.765625,14.968750,14.718750,14.968750,4.542549,5729600
1978-04-14,15.031250,15.250000,15.031250,15.218750,4.618418,3864000
1978-04-17,15.851563,15.851563,15.523438,15.695313,4.763040,4876800
1978-04-18,15.695313,15.812500,15.554688,15.703125,4.765409,3696000
1978-04-19,15.703125,15.875000,15.601563,15.812500,4.798603,2444800
1978-04-20,15.812500,16.117188,15.781250,15.843750,4.808086,2801600
1978-04-21,15.843750,15.968750,15.757813,15.875000,4.817569,2268800
1978-04-24,15.875000,16.140625,15.812500,16.125000,4.893436,1760000
1978-04-25,16.328125,16.500000,16.328125,16.359375,4.964560,5987200
1978-04-26,16.359375,16.562500,16.335938,16.398438,4.976417,4401600
1978-04-27,16.359375,16.359375,16.242188,16.343750,4.959820,2715200
1978-04-28,16.343750,16.625000,16.273438,16.625000,5.045173,2561600
1978-05-01,16.625000,16.796875,16.523438,16.687500,5.064138,2176000
1978-05-02,16.687500,16.726563,16.593750,16.625000,5.045173,1649600
1978-05-03,16.625000,16.640625,16.421875,16.453125,4.993012,2280000
1978-05-04,16.328125,16.328125,16.125000,16.289063,4.997901,3747200
1978-05-05,16.320313,16.531250,16.320313,16.406250,5.033859,1459200
1978-05-08,16.406250,16.468750,16.187500,16.226563,4.978723,1089600
1978-05-09,16.226563,16.273438,16.156250,16.265625,4.990711,1222400
1978-05-10,16.265625,16.304688,16.187500,16.234375,4.981122,1190400
1978-05-11,16.234375,16.578125,16.210938,16.578125,5.086593,1364800
1978-05-12,16.578125,16.640625,16.406250,16.414063,5.036259,1843200
1978-05-15,16.414063,16.640625,16.328125,16.625000,5.100975,1694400
1978-05-16,16.632813,16.781250,16.632813,16.703125,5.124948,3638400
1978-05-17,16.703125,16.726563,16.562500,16.625000,5.100975,3400000
1978-05-18,16.625000,16.640625,16.531250,16.531250,5.072210,1609600
1978-05-19,16.531250,16.539063,16.312500,16.382813,5.026663,1598400
1978-05-22,16.382813,16.671875,16.375000,16.671875,5.115359,1337600
1978-05-23,16.625000,16.625000,16.406250,16.445313,5.045843,1336000
1978-05-24,16.406250,16.406250,16.250000,16.406250,5.033859,1240000
1978-05-25,16.406250,16.500000,16.281250,16.328125,5.009889,1190400
1978-05-26,16.328125,16.367188,16.281250,16.296875,5.000300,1208000
1978-05-30,16.296875,16.359375,16.242188,16.320313,5.007493,1270400
1978-05-31,16.320313,16.398438,16.140625,16.140625,4.952358,1292800
1978-06-01,16.140625,16.218750,16.000000,16.070313,4.930785,2372800
1978-06-02,16.070313,16.296875,16.054688,16.296875,5.000300,1107200
1978-06-05,16.296875,16.625000,16.281250,16.617188,5.098578,1848000
1978-06-06,16.625000,16.781250,16.625000,16.625000,5.100975,2310400
1978-06-07,16.625000,16.664063,16.531250,16.578125,5.086593,2286400
1978-06-08,16.578125,16.859375,16.562500,16.750000,5.139328,2790400
1978-06-09,16.750000,16.875000,16.703125,16.812500,5.158506,2080000
1978-06-12,16.812500,16.960938,16.718750,16.742188,5.136933,1752000
1978-06-13,16.671875,17.140625,16.671875,17.140625,5.259183,1307200
1978-06-14,17.140625,17.265625,16.937500,16.945313,5.199257,3136000
1978-06-15,16.945313,17.031250,16.812500,16.875000,5.177683,1208000
1978-06-16,16.875000,16.914063,16.625000,16.640625,5.105770,1473600
1978-06-19,16.640625,16.875000,16.609375,16.828125,5.163300,1350400
1978-06-20,16.828125,16.859375,16.593750,16.617188,5.098578,1411200
1978-06-21,16.617188,16.765625,16.570313,16.750000,5.139328,1524800
1978-06-22,16.687500,16.687500,16.578125,16.648438,5.108170,1521600
1978-06-23,16.648438,16.656250,16.390625,16.406250,5.033859,1393600
1978-06-26,16.406250,16.406250,16.109375,16.140625,4.952358,1457600
1978-06-27,16.140625,16.375000,16.140625,16.304688,5.002694,1689600
1978-06-28,16.304688,16.367188,16.156250,16.359375,5.019474,1360000
1978-06-29,16.359375,16.390625,16.187500,16.226563,4.978723,1094400
1978-06-30,16.226563,16.265625,16.078125,16.078125,4.933184,728000
1978-07-03,16.078125,16.093750,15.937500,16.046875,4.923594,638400
1978-07-05,16.046875,16.218750,15.953125,16.125000,4.947567,1638400
1978-07-06,16.125000,16.187500,16.039063,16.148438,4.954755,1276800
1978-07-07,16.148438,16.289063,16.109375,16.281250,4.995503,816000
1978-07-10,16.281250,16.304688,16.171875,16.250000,4.985917,961600
1978-07-11,16.250000,16.296875,16.171875,16.171875,4.961946,1806400
1978-07-12,16.171875,16.234375,16.148438,16.148438,4.954755,1118400
1978-07-13,16.148438,16.218750,16.039063,16.210938,4.973933,990400
1978-07-14,16.210938,16.734375,16.210938,16.718750,5.129742,2728000
1978-07-17,16.718750,16.882813,16.625000,16.625000,5.100975,3859200
1978-07-18,16.625000,16.679688,16.500000,16.531250,5.072210,1872000
1978-07-19,16.625000,16.859375,16.625000,16.859375,5.172889,1891200
1978-07-20,16.859375,17.000000,16.734375,16.757813,5.141727,2891200
1978-07-21,16.757813,16.890625,16.687500,16.890625,5.182477,1294400
1978-07-24,16.890625,16.937500,16.734375,16.937500,5.196862,1715200
1978-07-25,16.937500,17.062500,16.828125,17.062500,5.235215,2390400
1978-07-26,17.062500,17.296875,17.062500,17.093750,5.244799,4206400
1978-07-27,17.093750,17.265625,17.062500,17.265625,5.297539,2404800
1978-07-28,17.265625,17.468750,17.218750,17.414063,5.343080,2764800
1978-07-31,17.421875,17.593750,17.421875,17.562500,5.388626,2123200
1978-08-01,17.562500,17.609375,17.437500,17.445313,5.352666,2854400
1978-08-02,17.445313,18.312500,17.437500,18.312500,5.618746,3564800
1978-08-03,18.312500,18.437500,17.812500,17.812500,5.519588,4214400
1978-08-04,17.812500,18.101563,17.781250,18.031250,5.587367,2819200
1978-08-07,18.031250,18.156250,17.875000,17.875000,5.538953,3656000
1978-08-08,17.875000,18.109375,17.812500,18.109375,5.611579,3105600
1978-08-09,18.109375,18.328125,18.031250,18.046875,5.592210,4968000
1978-08-10,18.046875,18.203125,17.921875,17.968750,5.568002,1793600
1978-08-11,17.976563,18.171875,17.976563,18.062500,5.597053,1334400
1978-08-14,18.062500,18.218750,18.039063,18.039063,5.589790,1465600
1978-08-15,18.039063,18.218750,17.921875,18.218750,5.645469,1316800
1978-08-16,18.218750,18.656250,18.171875,18.546875,5.747147,3454400
1978-08-17,18.546875,18.710938,18.421875,18.453125,5.718097,2377600
1978-08-18,18.453125,18.734375,18.343750,18.359375,5.689048,1771200
1978-08-21,18.359375,18.484375,18.265625,18.335938,5.681784,1323200
1978-08-22,18.335938,18.601563,18.312500,18.531250,5.742306,1729600
1978-08-23,18.562500,18.796875,18.562500,18.609375,5.766517,2126400
1978-08-24,18.609375,18.750000,18.531250,18.562500,5.751991,1606400
1978-08-25,18.562500,18.718750,18.539063,18.578125,5.756830,1252800
1978-08-28,18.578125,18.585938,18.406250,18.437500,5.713253,966400
1978-08-29,18.437500,18.515625,18.218750,18.281250,5.664837,984000
1978-08-30,18.281250,18.437500,18.281250,18.312500,5.674520,779200
1978-08-31,18.312500,18.375000,18.218750,18.242188,5.652733,734400
1978-09-01,18.250000,18.429688,18.250000,18.343750,5.684202,1025600
1978-09-05,18.367188,18.812500,18.367188,18.812500,5.829459,1940800
1978-09-06,18.812500,18.937500,18.718750,18.750000,5.810092,2520000
1978-09-07,18.750000,18.906250,18.593750,18.703125,5.795564,1724800
1978-09-08,18.703125,19.031250,18.671875,19.031250,5.897239,2000000
1978-09-11,18.960938,18.960938,18.718750,18.718750,5.800406,1334400
1978-09-12,18.718750,18.804688,18.671875,18.804688,5.827034,1401600
1978-09-13,18.804688,18.835938,18.437500,18.437500,5.713253,1793600
1978-09-14,18.437500,18.523438,18.304688,18.343750,5.684202,1344000
1978-09-15,18.343750,18.406250,18.062500,18.109375,5.611579,1467200
1978-09-18,18.109375,18.242188,17.968750,18.062500,5.597053,2632000
1978-09-19,18.062500,18.203125,17.906250,17.906250,5.548634,1276800
1978-09-20,17.906250,18.031250,17.656250,17.781250,5.509902,1604800
1978-09-21,17.781250,17.859375,17.531250,17.750000,5.500222,1784000
1978-09-22,17.750000,17.781250,17.750000,17.750000,5.500222,1563200
1978-09-25,17.500000,17.593750,17.343750,17.531250,5.432435,1788800
1978-09-26,17.531250,17.656250,17.476563,17.562500,5.442118,1363200
1978-09-27,17.562500,17.625000,17.156250,17.187500,5.325918,1369600
1978-09-28,17.187500,17.437500,17.093750,17.312500,5.364653,1552000
1978-09-29,17.312500,17.406250,17.265625,17.312500,5.364653,1454400
1978-10-02,17.312500,17.531250,17.304688,17.531250,5.432435,1179200
1978-10-03,17.531250,17.593750,17.281250,17.289063,5.357386,1507200
1978-10-04,17.289063,17.625000,17.187500,17.625000,5.461486,2017600
1978-10-05,17.625000,17.625000,17.382813,17.437500,5.403381,1996800
1978-10-06,17.437500,17.593750,17.421875,17.421875,5.398545,1036800
1978-10-09,17.453125,17.687500,17.453125,17.687500,5.480850,1340800
1978-10-10,17.687500,17.718750,17.531250,17.578125,5.446960,1211200
1978-10-11,17.578125,18.156250,17.531250,18.156250,5.626100,1449600
1978-10-12,18.156250,18.343750,17.828125,17.937500,5.558321,3908800
1978-10-13,17.937500,18.031250,17.796875,17.875000,5.538953,1716800
1978-10-16,17.875000,17.875000,17.437500,17.437500,5.403381,1464000
1978-10-17,17.437500,17.484375,17.203125,17.437500,5.403381,2816000
1978-10-18,17.437500,17.484375,17.312500,17.484375,5.417910,2300800
1978-10-19,17.484375,17.546875,17.250000,17.250000,5.345285,1996800
1978-10-20,17.250000,17.343750,17.101563,17.320313,5.367069,2928000
1978-10-23,17.320313,17.406250,17.125000,17.375000,5.384017,2300800
1978-10-24,17.375000,17.390625,17.187500,17.187500,5.325918,1712000
1978-10-25,17.187500,17.343750,17.031250,17.109375,5.301712,2257600
1978-10-26,17.109375,17.195313,16.937500,17.039063,5.279921,1560000
1978-10-27,17.039063,17.117188,16.812500,16.843750,5.219395,2374400
1978-10-30,16.843750,17.062500,16.656250,17.062500,5.287183,3030400
1978-10-31,16.468750,17.031250,16.468750,16.515625,5.117720,3100800
1978-11-01,16.578125,17.281250,16.578125,17.257813,5.406632,3569600
1978-11-02,17.046875,17.046875,16.750000,16.835938,5.274462,3564800
1978-11-03,16.835938,16.968750,16.703125,16.781250,5.257329,2889600
1978-11-06,16.765625,16.765625,16.500000,16.507813,5.171665,1401600
1978-11-07,16.453125,16.453125,16.210938,16.390625,5.134953,2435200
1978-11-08,16.390625,16.625000,16.289063,16.617188,5.205933,2086400
1978-11-09,16.617188,16.671875,16.421875,16.484375,5.164321,2051200
1978-11-10,16.484375,16.593750,16.453125,16.476563,5.161876,1040000
1978-11-13,16.476563,16.531250,16.226563,16.234375,5.085999,1435200
1978-11-14,16.234375,16.273438,16.000000,16.250000,5.090898,1939200
1978-11-15,16.250000,16.390625,16.125000,16.156250,5.061524,2014400
1978-11-16,16.203125,16.328125,16.203125,16.312500,5.110477,1500800
1978-11-17,16.312500,16.390625,16.312500,16.312500,5.110477,1491200
1978-11-20,16.328125,16.531250,16.328125,16.484375,5.164321,1475200
1978-11-21,16.484375,16.578125,16.398438,16.500000,5.169217,1892800
1978-11-22,16.500000,16.750000,16.500000,16.750000,5.247540,1211200
1978-11-24,16.906250,16.906250,16.671875,16.835938,5.274462,1372800
1978-11-27,16.835938,16.984375,16.765625,16.953125,5.311174,1112000
1978-11-28,16.953125,17.000000,16.718750,16.742188,5.245092,2224000
1978-11-29,16.718750,16.718750,16.546875,16.593750,5.198590,1584000
1978-11-30,16.593750,16.875000,16.562500,16.843750,5.276909,1464000
1978-12-01,16.914063,17.156250,16.914063,17.085938,5.352782,2315200
1978-12-04,17.085938,17.164063,16.984375,17.109375,5.360129,1390400
1978-12-05,17.148438,17.398438,17.148438,17.367188,5.440895,2136000
1978-12-06,17.367188,17.468750,17.250000,17.375000,5.443342,2180800
1978-12-07,17.375000,17.390625,17.187500,17.250000,5.404185,1516800
1978-12-08,17.250000,17.281250,17.109375,17.140625,5.369916,892800
1978-12-11,17.156250,17.421875,17.156250,17.375000,5.443342,1505600
1978-12-12,17.375000,17.406250,17.218750,17.250000,5.404185,1412800
1978-12-13,17.250000,17.281250,17.132813,17.140625,5.369916,1233600
1978-12-14,17.140625,17.187500,17.062500,17.140625,5.369916,1651200
1978-12-15,17.140625,17.210938,17.000000,17.210938,5.391944,1304000
1978-12-18,16.992188,16.992188,16.835938,16.882813,5.289149,1716800
1978-12-19,16.898438,17.703125,16.898438,17.679688,5.538797,3227200
1978-12-20,17.679688,17.843750,17.585938,17.773438,5.568164,4214400
1978-12-21,17.773438,17.804688,17.625000,17.734375,5.555929,2220800
1978-12-22,17.812500,18.437500,17.812500,18.437500,5.776206,3225600
1978-12-26,18.453125,19.375000,18.453125,19.343750,6.060122,5168000
1978-12-27,19.156250,19.156250,18.781250,18.906250,5.923058,3648000
1978-12-28,18.906250,19.250000,18.906250,19.000000,5.952429,2923200
1978-12-29,19.000000,19.156250,18.625000,18.656250,5.844739,2115200
1979-01-02,18.656250,19.062500,18.406250,18.968750,5.942642,2672000
1979-01-03,19.031250,19.296875,19.031250,19.156250,6.001383,2920000
1979-01-04,19.156250,19.312500,19.000000,19.062500,5.972013,3256000
1979-01-05,19.070313,19.187500,19.070313,19.125000,5.991597,1732800
1979-01-08,19.109375,19.109375,18.906250,19.031250,5.962220,1980800
1979-01-09,19.125000,19.273438,19.125000,19.125000,5.991597,1800000
1979-01-10,19.125000,19.218750,19.054688,19.085938,5.979359,1246400
1979-01-11,19.085938,19.500000,19.046875,19.468750,6.099287,2707200
1979-01-12,19.468750,19.617188,19.421875,19.546875,6.123760,3940800
1979-01-15,19.546875,19.765625,19.515625,19.718750,6.177605,3456000
1979-01-16,19.664063,19.664063,19.296875,19.351563,6.062572,2481600
1979-01-17,19.351563,19.500000,19.156250,19.390625,6.074809,2033600
1979-01-18,19.390625,19.500000,19.312500,19.437500,6.089496,1342400
1979-01-19,19.421875,19.421875,19.125000,19.156250,6.001383,1929600
1979-01-22,19.156250,19.500000,19.078125,19.468750,6.099287,2691200
1979-01-23,19.468750,19.562500,19.375000,19.453125,6.094388,1952000
1979-01-24,19.453125,19.453125,19.234375,19.281250,6.040546,1844800
1979-01-25,19.328125,19.500000,19.328125,19.500000,6.109077,1529600
1979-01-26,19.500000,19.593750,19.437500,19.562500,6.128656,1760000
1979-01-29,19.562500,19.578125,19.421875,19.453125,6.094388,1387200
1979-01-30,19.460938,19.656250,19.460938,19.500000,6.109077,1627200
1979-01-31,19.500000,19.531250,19.289063,19.296875,6.045435,1584000
1979-02-01,19.296875,19.437500,19.257813,19.437500,6.089496,1550400
1979-02-02,19.437500,19.437500,19.226563,19.265625,6.035652,1360000
1979-02-05,19.164063,19.164063,19.031250,19.109375,5.986696,1907200
1979-02-06,19.109375,19.156250,18.937500,18.968750,5.942642,2131200
1979-02-07,18.734375,18.734375,18.570313,18.656250,5.911746,2694400
1979-02-08,18.695313,18.789063,18.695313,18.726563,5.934023,1246400
1979-02-09,18.757813,18.867188,18.757813,18.859375,5.976113,1457600
1979-02-12,18.859375,19.187500,18.734375,19.164063,6.072662,1259200
1979-02-13,19.171875,19.375000,19.171875,19.257813,6.102372,2121600
1979-02-14,19.257813,19.265625,19.000000,19.093750,6.050379,1318400
1979-02-15,19.093750,19.281250,19.031250,19.265625,6.104847,1073600
1979-02-16,19.250000,19.250000,19.125000,19.156250,6.070185,1120000
1979-02-20,19.156250,19.273438,19.062500,19.250000,6.099894,1252800
1979-02-21,19.250000,19.289063,19.101563,19.125000,6.060287,1100800
1979-02-22,19.093750,19.093750,18.882813,18.976563,6.013244,1364800
1979-02-23,18.968750,18.968750,18.828125,18.890625,5.986016,801600
1979-02-26,18.906250,19.046875,18.906250,19.000000,6.020669,739200
1979-02-27,19.000000,19.000000,18.632813,18.695313,5.924126,1910400
1979-02-28,18.695313,18.812500,18.664063,18.750000,5.941454,1324800
1979-03-01,18.750000,18.843750,18.664063,18.812500,5.961257,1304000
1979-03-02,18.812500,18.828125,18.703125,18.796875,5.956307,998400
1979-03-05,18.882813,19.234375,18.882813,19.132813,6.062758,1496000
1979-03-06,19.132813,19.156250,18.984375,18.992188,6.018197,1481600
1979-03-07,19.007813,19.234375,19.007813,19.046875,6.035526,1238400
1979-03-08,19.046875,19.343750,19.015625,19.312500,6.119699,1156800
1979-03-09,19.312500,19.367188,19.218750,19.234375,6.094938,1435200
1979-03-12,19.234375,19.375000,19.093750,19.375000,6.139504,1777600
1979-03-13,19.375000,19.484375,19.257813,19.281250,6.109797,1939200
1979-03-14,19.281250,19.359375,19.171875,19.218750,6.089990,1288000
1979-03-15,19.218750,19.289063,19.078125,19.179688,6.077613,1096000
1979-03-16,19.179688,19.328125,19.171875,19.296875,6.114742,1084800
1979-03-19,19.335938,19.515625,19.335938,19.414063,6.151883,1470400
1979-03-20,19.414063,19.476563,19.343750,19.406250,6.149404,1147200
1979-03-21,19.406250,19.750000,19.390625,19.750000,6.258330,1915200
1979-03-22,19.750000,19.843750,19.671875,19.750000,6.258330,2068800
1979-03-23,19.750000,19.812500,19.671875,19.687500,6.238525,1491200
1979-03-26,19.656250,19.656250,19.500000,19.515625,6.184065,1444800
1979-03-27,19.546875,20.046875,19.546875,20.046875,6.352404,2260800
1979-03-28,19.992188,19.992188,19.812500,19.859375,6.292989,2452800
1979-03-29,19.859375,19.960938,19.796875,19.859375,6.292989,1803200
1979-03-30,19.859375,19.914063,19.656250,19.718750,6.248427,1430400
1979-04-02,19.718750,19.718750,19.531250,19.632813,6.221196,1536000
1979-04-03,19.656250,19.984375,19.656250,19.968750,6.327645,2008000
1979-04-04,19.968750,20.085938,19.750000,19.843750,6.288039,2280000
1979-04-05,19.843750,20.046875,19.828125,20.046875,6.352404,1648000
1979-04-06,20.023438,20.023438,19.859375,19.906250,6.307843,1235200
1979-04-09,19.906250,19.984375,19.812500,19.937500,6.317748,1358400
1979-04-10,19.937500,20.125000,19.929688,20.000000,6.337552,1624000
1979-04-11,20.000000,20.093750,19.500000,19.500000,6.179113,3224000
1979-04-12,19.500000,19.640625,19.437500,19.484375,6.174160,1784000
1979-04-16,19.484375,19.585938,19.437500,19.476563,6.171685,1572800
1979-04-17,19.476563,19.593750,19.453125,19.531250,6.189014,1496000
1979-04-18,19.531250,19.625000,19.500000,19.500000,6.179113,1395200
1979-04-19,19.500000,19.554688,19.265625,19.304688,6.117223,1289600
1979-04-20,19.304688,19.328125,19.140625,19.171875,6.075139,1984000
1979-04-23,19.187500,19.390625,19.187500,19.375000,6.139504,1972800
1979-04-24,19.375000,19.554688,19.359375,19.390625,6.144453,1641600
1979-04-25,19.390625,19.515625,19.367188,19.500000,6.179113,1286400
1979-04-26,19.500000,19.500000,19.281250,19.304688,6.117223,1854400
1979-04-27,19.304688,19.406250,19.218750,19.406250,6.149404,1572800
1979-04-30,19.406250,19.640625,19.359375,19.640625,6.223671,1870400
1979-05-01,19.640625,19.843750,19.640625,19.726563,6.250905,1897600
1979-05-02,19.726563,19.906250,19.687500,19.875000,6.297941,1579200
1979-05-03,19.875000,20.093750,19.875000,19.984375,6.332599,2384000
1979-05-04,19.843750,19.843750,19.437500,19.453125,6.231295,1950400
1979-05-07,19.367188,19.367188,19.257813,19.312500,6.186251,1350400
1979-05-08,19.312500,19.515625,19.289063,19.500000,6.246308,2024000
1979-05-09,19.500000,19.546875,19.359375,19.359375,6.201268,1356800
1979-05-10,19.359375,19.382813,19.125000,19.203125,6.151217,1187200
1979-05-11,19.218750,19.312500,19.218750,19.273438,6.173738,1076800
1979-05-14,19.273438,19.359375,19.218750,19.250000,6.166233,798400
1979-05-15,19.250000,19.375000,19.062500,19.062500,6.106171,1536000
1979-05-16,19.062500,19.187500,18.921875,19.171875,6.141205,1380800
1979-05-17,19.171875,19.343750,19.125000,19.343750,6.196264,1137600
1979-05-18,19.343750,19.359375,19.187500,19.218750,6.156220,1148800
1979-05-21,19.218750,19.304688,19.203125,19.265625,6.171234,1052800
1979-05-22,19.265625,19.406250,19.218750,19.312500,6.186251,1206400
1979-05-23,19.312500,19.406250,19.125000,19.125000,6.126191,1054400
1979-05-24,19.125000,19.218750,19.078125,19.171875,6.141205,1150400
1979-05-25,19.171875,19.210938,19.140625,19.171875,6.141205,657600
1979-05-29,19.171875,19.203125,19.109375,19.187500,6.146211,902400
1979-05-30,19.148438,19.148438,18.937500,18.976563,6.078641,1161600
1979-05-31,18.976563,19.046875,18.890625,19.000000,6.086147,2072000
1979-06-01,19.093750,19.093750,18.968750,19.062500,6.106171,916800
1979-06-04,19.062500,19.093750,18.937500,19.000000,6.086147,783200
1979-06-05,19.031250,19.500000,19.031250,19.468750,6.236302,1302000
1979-06-06,19.468750,19.562500,19.343750,19.375000,6.206274,1414000
1979-06-07,19.406250,19.562500,19.406250,19.468750,6.236302,1098000
1979-06-08,19.468750,19.468750,19.218750,19.343750,6.196264,1248400
1979-06-11,19.343750,19.406250,19.156250,19.375000,6.206274,1138000
1979-06-12,19.375000,19.625000,19.375000,19.500000,6.246308,2048400
1979-06-13,19.500000,19.500000,18.812500,18.843750,6.036102,2430800
1979-06-14,18.812500,18.812500,18.437500,18.656250,5.976042,2513200
1979-06-15,18.656250,18.750000,18.468750,18.562500,5.946011,2069200
1979-06-18,18.500000,18.500000,18.156250,18.187500,5.825884,1433200
1979-06-19,18.187500,18.375000,18.062500,18.156250,5.815876,1578400
1979-06-20,18.156250,18.437500,18.031250,18.250000,5.845907,2396800
1979-06-21,18.250000,18.625000,18.218750,18.375000,5.885950,1800800
1979-06-22,18.468750,18.562500,18.468750,18.531250,5.935995,1217600
1979-06-25,18.531250,18.625000,18.343750,18.468750,5.915979,1156800
1979-06-26,18.562500,18.562500,18.125000,18.187500,5.825884,1532400
1979-06-27,18.250000,18.625000,18.250000,18.375000,5.885950,1353200
1979-06-28,18.406250,18.531250,18.406250,18.468750,5.915979,964800
1979-06-29,18.468750,18.531250,18.250000,18.343750,5.875934,1240000
1979-07-02,18.343750,18.406250,17.968750,18.093750,5.795857,1423200
1979-07-03,18.093750,18.125000,18.031250,18.093750,5.795857,836400
1979-07-05,18.093750,18.093750,17.937500,18.031250,5.775833,1244800
1979-07-06,18.031250,19.187500,17.968750,18.406250,5.895960,1598400
1979-07-09,18.406250,18.500000,18.218750,18.375000,5.885950,1173200
1979-07-10,18.375000,18.406250,18.000000,18.062500,5.785847,1510800
1979-07-11,18.062500,18.093750,17.781250,17.906250,5.735793,1520400
1979-07-12,17.875000,17.875000,17.500000,17.531250,5.615677,2434800
1979-07-13,17.500000,17.500000,17.250000,17.500000,5.605661,3950000
1979-07-16,17.500000,17.656250,17.437500,17.625000,5.645707,1461600
1979-07-17,17.593750,17.593750,17.312500,17.312500,5.545603,2236400
1979-07-18,17.312500,17.375000,17.125000,17.375000,5.565624,2218000
1979-07-19,17.375000,17.500000,17.343750,17.375000,5.565624,1510800
1979-07-20,17.375000,17.531250,17.375000,17.437500,5.585643,2029600
1979-07-23,17.343750,17.343750,17.093750,17.281250,5.535594,1671200
1979-07-24,17.281250,17.406250,17.218750,17.218750,5.515574,1226000
1979-07-25,17.281250,17.406250,17.281250,17.375000,5.565624,1472400
1979-07-26,17.343750,17.343750,17.125000,17.125000,5.485543,1976800
1979-07-27,17.125000,17.375000,17.000000,17.125000,5.485543,1544400
1979-07-30,17.125000,17.437500,17.125000,17.281250,5.535594,870000
1979-07-31,17.312500,17.500000,17.312500,17.437500,5.585643,1246000
1979-08-01,17.437500,17.500000,17.312500,17.500000,5.605661,1281600
1979-08-02,17.500000,17.562500,17.312500,17.406250,5.575634,1371600
1979-08-03,17.375000,17.375000,17.187500,17.218750,5.515574,1050800
1979-08-06,17.218750,17.343750,17.062500,17.312500,5.545603,1253600
1979-08-07,17.375000,17.781250,17.375000,17.687500,5.665723,2619200
1979-08-08,17.593750,17.593750,17.281250,17.343750,5.623979,2331600
1979-08-09,17.312500,17.312500,17.187500,17.218750,5.583442,2331600
1979-08-10,17.218750,17.625000,17.125000,17.593750,5.705043,2010400
1979-08-13,17.593750,17.593750,17.437500,17.562500,5.694911,1956000
1979-08-14,17.562500,17.593750,17.437500,17.562500,5.694911,2134800
1979-08-15,17.562500,18.093750,17.468750,18.062500,5.857042,1993200
1979-08-16,18.062500,18.125000,17.750000,17.906250,5.806372,1907200
1979-08-17,17.906250,17.968750,17.750000,17.812500,5.775976,1130400
1979-08-20,17.812500,17.968750,17.718750,17.906250,5.806372,1401200
1979-08-21,17.906250,17.906250,17.625000,17.718750,5.745570,1046000
1979-08-22,17.718750,17.781250,17.593750,17.625000,5.715176,2126800
1979-08-23,17.625000,17.687500,17.375000,17.406250,5.644242,1567600
1979-08-24,17.406250,17.625000,17.281250,17.406250,5.644242,1348000
1979-08-27,17.406250,17.656250,17.375000,17.500000,5.674638,1355600
1979-08-28,17.500000,17.531250,17.406250,17.500000,5.674638,1573600
1979-08-29,17.500000,17.562500,17.406250,17.406250,5.644242,1172800
1979-08-30,17.406250,17.500000,17.375000,17.375000,5.634109,821200
1979-08-31,17.437500,17.500000,17.437500,17.500000,5.674638,1073200
1979-09-04,17.468750,17.468750,17.125000,17.156250,5.563178,1526000
1979-09-05,17.125000,17.125000,16.812500,17.062500,5.532774,2772800
1979-09-06,17.062500,17.062500,16.875000,16.906250,5.482109,1264400
1979-09-07,16.906250,17.000000,16.843750,16.937500,5.492242,1626400
1979-09-10,16.937500,16.968750,16.843750,16.875000,5.471979,1223200
1979-09-11,16.875000,16.937500,16.531250,16.625000,5.390912,1866000
1979-09-12,16.625000,16.656250,16.437500,16.562500,5.370642,2611200
1979-09-13,16.562500,16.718750,16.531250,16.687500,5.411177,1597200
1979-09-14,16.687500,17.093750,16.625000,16.968750,5.502378,2008400
1979-09-17,17.093750,17.312500,17.093750,17.125000,5.553042,2155600
1979-09-18,17.125000,17.125000,16.937500,16.968750,5.502378,1630800
1979-09-19,16.968750,17.156250,16.937500,16.937500,5.492242,1586000
1979-09-20,16.937500,17.843750,16.906250,17.812500,5.775976,1759600
1979-09-21,17.750000,17.750000,17.343750,17.500000,5.674638,2504400
1979-09-24,17.468750,17.468750,16.937500,16.968750,5.502378,2102800
1979-09-25,16.968750,17.312500,16.625000,17.156250,5.563178,2541600
1979-09-26,17.156250,17.375000,17.000000,17.031250,5.522643,1980400
1979-09-27,17.031250,17.187500,16.906250,17.062500,5.532774,1458000
1979-09-28,17.062500,17.125000,16.875000,16.937500,5.492242,1280000
1979-10-01,16.906250,16.906250,16.750000,16.906250,5.482109,1048000
1979-10-02,16.906250,17.187500,16.812500,17.062500,5.532774,1590800
1979-10-03,17.062500,17.250000,17.031250,17.062500,5.532774,1420000
1979-10-04,17.062500,17.218750,17.062500,17.156250,5.563178,1079200
1979-10-05,17.156250,17.375000,17.125000,17.218750,5.583442,1468000
1979-10-08,17.218750,17.250000,16.750000,16.843750,5.461844,1693200
1979-10-09,16.843750,16.843750,16.500000,16.500000,5.350379,2308400
1979-10-10,16.500000,16.937500,16.250000,16.937500,5.492242,4156000
1979-10-11,16.906250,16.906250,16.562500,16.625000,5.390912,2263600
1979-10-12,16.625000,16.781250,16.406250,16.437500,5.330110,1872400
1979-10-15,16.437500,16.468750,16.250000,16.343750,5.299713,2604400
1979-10-16,16.343750,16.437500,16.000000,16.031250,5.198376,3821600
1979-10-17,16.031250,16.125000,15.781250,15.812500,5.127448,2012400
1979-10-18,15.812500,15.937500,15.718750,15.718750,5.097045,2502400
1979-10-19,15.718750,15.750000,15.437500,15.468750,5.015979,2287600
1979-10-22,15.468750,16.093750,15.281250,15.625000,5.066647,2487200
1979-10-23,15.625000,15.843750,15.500000,15.687500,5.086908,2263600
1979-10-24,15.687500,15.781250,15.593750,15.625000,5.066647,2394000
1979-10-25,15.625000,15.718750,15.437500,15.531250,5.036246,1348400
1979-10-26,15.531250,15.593750,15.437500,15.562500,5.046379,1200400
1979-10-29,15.562500,15.718750,15.562500,15.625000,5.066647,1023600
1979-10-30,15.625000,16.000000,15.625000,16.000000,5.188244,1417600
1979-10-31,16.000000,16.031250,15.593750,15.593750,5.056513,1664400
1979-11-01,15.593750,15.906250,15.562500,15.875000,5.147714,1332000
1979-11-02,15.875000,15.937500,15.812500,15.812500,5.127448,1046800
1979-11-05,15.812500,15.812500,15.687500,15.781250,5.117311,1002800
1979-11-06,15.781250,15.781250,15.625000,15.687500,5.086908,1198400
1979-11-07,15.500000,15.500000,15.312500,15.375000,5.054857,1569200
1979-11-08,15.375000,15.531250,15.281250,15.468750,5.085679,2174800
1979-11-09,15.468750,15.625000,15.406250,15.437500,5.075405,2100400
1979-11-12,15.437500,15.718750,15.406250,15.718750,5.167871,1743600
1979-11-13,15.687500,15.687500,15.500000,15.562500,5.116499,1369200
1979-11-14,15.562500,15.750000,15.500000,15.625000,5.137049,1750000
1979-11-15,15.625000,15.812500,15.500000,15.625000,5.137049,2076000
1979-11-16,15.593750,15.593750,15.437500,15.500000,5.095952,1421600
1979-11-19,15.500000,15.593750,15.437500,15.468750,5.085679,1312800
1979-11-20,15.468750,15.625000,15.375000,15.406250,5.065130,1648000
1979-11-21,15.406250,15.468750,15.312500,15.406250,5.065130,1567200
1979-11-23,15.437500,15.562500,15.437500,15.500000,5.095952,1174400
1979-11-26,15.593750,16.156250,15.593750,16.156250,5.311709,2154800
1979-11-27,16.156250,16.312500,16.062500,16.125000,5.301433,2714800
1979-11-28,16.125000,16.750000,16.031250,16.437500,5.404179,2090000
1979-11-29,16.437500,16.562500,16.343750,16.437500,5.404179,1306800
1979-11-30,16.375000,16.375000,16.218750,16.312500,5.363081,1135600
1979-12-03,16.281250,16.281250,16.125000,16.250000,5.342532,835600
1979-12-04,16.250000,16.343750,16.218750,16.343750,5.373356,1167200
1979-12-05,16.375000,16.593750,16.375000,16.437500,5.404179,1510400
1979-12-06,16.437500,16.812500,16.343750,16.812500,5.527464,1134000
1979-12-07,16.812500,16.906250,16.593750,16.656250,5.476093,2329600
1979-12-10,16.656250,16.656250,16.531250,16.593750,5.455546,1028800
1979-12-11,16.593750,16.687500,16.406250,16.406250,5.393904,1575600
1979-12-12,16.406250,16.437500,16.281250,16.312500,5.363081,1182000
1979-12-13,16.312500,16.312500,16.156250,16.250000,5.342532,1318800
1979-12-14,16.250000,16.531250,16.218750,16.500000,5.424725,1649600
1979-12-17,16.468750,16.468750,16.343750,16.343750,5.373356,1114800
1979-12-18,16.312500,16.312500,15.968750,16.000000,5.260335,2102000
1979-12-19,16.000000,16.156250,15.812500,16.093750,5.291163,1996000
1979-12-20,16.093750,16.437500,16.031250,16.281250,5.352804,1478000
1979-12-21,16.281250,16.312500,16.000000,16.000000,5.260335,1386400
1979-12-24,16.000000,16.218750,16.000000,16.218750,5.332257,705200
1979-12-26,16.218750,16.281250,16.093750,16.218750,5.332257,653200
1979-12-27,16.218750,16.250000,16.062500,16.187500,5.321984,1015200
1979-12-28,16.156250,16.156250,16.000000,16.062500,5.280886,1116800
1979-12-31,16.062500,16.156250,16.000000,16.093750,5.291163,1234400
1980-01-02,15.750000,16.125000,15.625000,15.625000,5.137049,1648000
1980-01-03,15.625000,15.875000,15.312500,15.875000,5.219244,2441200
1980-01-04,15.875000,15.937500,15.750000,15.843750,5.208966,1891200
1980-01-07,15.843750,15.843750,15.656250,15.781250,5.188420,1415600
1980-01-08,15.781250,16.875000,15.656250,16.843750,5.537741,2837600
1980-01-09,16.843750,17.000000,16.343750,16.343750,5.373356,3232000
1980-01-10,16.500000,16.937500,16.500000,16.875000,5.548014,2121600
1980-01-11,16.875000,17.062500,16.406250,16.750000,5.506917,2180000
1980-01-14,16.750000,16.812500,16.562500,16.718750,5.496638,1590800
1980-01-15,16.718750,17.562500,16.625000,17.531250,5.763772,3750000
1980-01-16,17.531250,17.718750,17.437500,17.500000,5.753495,6008000
1980-01-17,17.500000,17.593750,17.312500,17.312500,5.691850,2452000
1980-01-18,17.312500,17.437500,17.156250,17.406250,5.722672,2612400
1980-01-21,17.406250,17.468750,17.250000,17.250000,5.671302,1488800
1980-01-22,17.250000,17.468750,17.250000,17.250000,5.671302,1688400
1980-01-23,17.250000,17.812500,17.250000,17.812500,5.856238,2120800
1980-01-24,17.812500,17.875000,17.531250,17.656250,5.804868,2190400
1980-01-25,17.656250,17.687500,17.468750,17.531250,5.763772,1343600
1980-01-28,17.531250,18.000000,17.531250,17.750000,5.835687,1456000
1980-01-29,17.750000,17.843750,17.343750,17.593750,5.784317,1430800
1980-01-30,17.593750,17.656250,17.406250,17.593750,5.784317,1388400
1980-01-31,17.593750,17.781250,17.062500,17.156250,5.640482,2344000
1980-02-01,17.156250,17.375000,17.093750,17.343750,5.702125,1446800
1980-02-04,17.343750,17.406250,17.156250,17.281250,5.681576,1152800
1980-02-05,17.281250,17.406250,17.187500,17.406250,5.722672,1525600
1980-02-06,17.250000,17.250000,16.937500,17.093750,5.690215,2039200
1980-02-07,17.062500,17.062500,16.781250,16.781250,5.586191,2051200
1980-02-08,16.781250,16.906250,16.562500,16.812500,5.596592,2515600
1980-02-11,16.812500,16.875000,16.625000,16.687500,5.554984,1590000
1980-02-12,16.687500,17.218750,16.593750,17.218750,5.731830,1548400
1980-02-13,17.312500,17.625000,17.312500,17.343750,5.773438,3228000
1980-02-14,17.343750,17.562500,17.031250,17.031250,5.669413,1920000
1980-02-15,17.000000,17.000000,16.781250,16.906250,5.627799,2331200
1980-02-19,16.906250,16.937500,16.593750,16.750000,5.575789,1796000
1980-02-20,16.781250,16.937500,16.781250,16.812500,5.596592,1064000
1980-02-21,16.781250,16.781250,16.468750,16.562500,5.513372,1436000
1980-02-22,16.562500,16.562500,16.375000,16.500000,5.492569,1826800
1980-02-25,16.468750,16.468750,16.218750,16.281250,5.419749,2173200
1980-02-26,16.281250,16.343750,16.156250,16.250000,5.409348,2112000
1980-02-27,16.250000,16.281250,15.500000,15.500000,5.159683,2754800
1980-02-28,15.531250,16.000000,15.531250,15.843750,5.274113,2758800
1980-02-29,15.843750,15.937500,15.750000,15.875000,5.284517,2609200
1980-03-03,15.875000,15.875000,15.656250,15.687500,5.222103,1362000
1980-03-04,15.687500,15.843750,15.562500,15.812500,5.263708,1790800
1980-03-05,15.781250,15.781250,15.437500,15.500000,5.159683,1833600
1980-03-06,15.500000,15.562500,15.156250,15.281250,5.086867,2749600
1980-03-07,15.281250,15.468750,15.218750,15.250000,5.076465,2501200
1980-03-10,15.281250,15.562500,15.281250,15.406250,5.128479,1965200
1980-03-11,15.406250,15.562500,15.375000,15.562500,5.180487,2009200
1980-03-12,15.531250,15.531250,15.218750,15.343750,5.107672,1982400
1980-03-13,15.312500,15.312500,14.968750,15.031250,5.003646,2244000
1980-03-14,15.031250,15.187500,14.906250,14.968750,4.982842,1943600
1980-03-17,14.968750,15.093750,14.781250,14.781250,4.920424,1658800
1980-03-18,14.781250,15.062500,14.656250,14.906250,4.962034,1974400
1980-03-19,14.906250,14.937500,14.687500,14.718750,4.899621,1474000
1980-03-20,14.718750,14.812500,14.500000,14.562500,4.847603,1917200
1980-03-21,14.531250,14.531250,14.062500,14.187500,4.722776,5920000
1980-03-24,14.093750,14.093750,13.500000,13.531250,4.504321,2879200
1980-03-25,13.531250,13.781250,13.500000,13.687500,4.556335,3000800
1980-03-26,13.687500,13.968750,13.125000,13.250000,4.410698,3122400
1980-03-27,13.250000,14.375000,12.843750,14.375000,4.785194,3421200
1980-03-28,14.093750,14.093750,13.531250,13.968750,4.649956,2313600
1980-03-31,13.968750,13.968750,13.656250,13.937500,4.639553,1556000
1980-04-01,13.937500,13.937500,13.625000,13.718750,4.566739,2158000
1980-04-02,13.718750,14.000000,13.656250,13.875000,4.618750,14942000
1980-04-03,13.875000,13.968750,13.656250,13.718750,4.566739,1355200
1980-04-07,13.718750,13.718750,13.343750,13.343750,4.441904,2193200
1980-04-08,13.343750,13.937500,13.250000,13.375000,4.452308,2088000
1980-04-09,13.375000,13.687500,13.343750,13.656250,4.545933,2051600
1980-04-10,13.656250,13.812500,13.500000,13.562500,4.514724,2019600
1980-04-11,13.562500,13.750000,13.375000,13.375000,4.452308,2606800
1980-04-14,13.375000,13.437500,13.187500,13.250000,4.410698,1336400
1980-04-15,13.250000,13.375000,12.968750,13.000000,4.327477,2319600
1980-04-16,13.000000,13.218750,12.750000,12.781250,4.254660,2689200
1980-04-17,12.781250,12.906250,12.593750,12.812500,4.265059,1804000
1980-04-18,12.812500,12.937500,12.718750,12.812500,4.265059,1647600
1980-04-21,12.812500,12.906250,12.625000,12.812500,4.265059,2655200
1980-04-22,13.000000,13.625000,13.000000,13.468750,4.483516,3287200
1980-04-23,13.468750,13.593750,13.312500,13.375000,4.452308,3045600
1980-04-24,13.375000,13.562500,13.312500,13.437500,4.473114,1488000
1980-04-25,13.437500,13.843750,13.218750,13.843750,4.608348,1631200
1980-04-28,13.843750,13.843750,13.593750,13.625000,4.535529,1856000
1980-04-29,13.625000,13.781250,13.531250,13.718750,4.566739,1195600
1980-04-30,13.718750,13.781250,13.406250,13.718750,4.566739,1403200
1980-05-01,13.718750,13.718750,13.437500,13.593750,4.525126,1167600
1980-05-02,13.593750,13.593750,13.468750,13.500000,4.493919,975200
1980-05-05,13.500000,13.937500,13.437500,13.843750,4.608348,1379200
1980-05-06,13.843750,13.937500,13.687500,13.718750,4.566739,1418400
1980-05-07,13.718750,13.937500,13.687500,13.781250,4.587543,1659200
1980-05-08,13.593750,13.593750,13.375000,13.468750,4.554573,1553200
1980-05-09,13.437500,13.437500,13.000000,13.031250,4.406628,4180000
1980-05-12,13.031250,13.250000,13.031250,13.062500,4.417195,1241600
1980-05-13,13.093750,13.312500,13.093750,13.312500,4.501733,1758800
1980-05-14,13.312500,13.375000,13.250000,13.250000,4.480598,1717200
1980-05-15,13.250000,13.312500,13.125000,13.125000,4.438330,1702000
1980-05-16,13.125000,13.250000,13.125000,13.250000,4.480598,1220000
1980-05-19,13.250000,13.437500,13.218750,13.343750,4.512299,1998800
1980-05-20,13.343750,13.375000,13.156250,13.187500,4.459466,2470800
1980-05-21,13.187500,13.218750,13.031250,13.218750,4.470031,1300400
1980-05-22,13.218750,13.531250,13.187500,13.437500,4.544006,2283200
1980-05-23,13.468750,13.750000,13.468750,13.687500,4.628544,3206000
1980-05-27,13.718750,13.906250,13.718750,13.812500,4.670815,2623200
1980-05-28,13.812500,14.156250,13.781250,14.093750,4.765920,2527200
1980-05-29,14.031250,14.031250,13.593750,13.593750,4.596842,1849200
1980-05-30,13.593750,13.875000,13.531250,13.843750,4.681383,1763200
1980-06-02,13.843750,14.343750,13.812500,14.000000,4.734216,2727600
1980-06-03,14.000000,14.281250,14.000000,14.093750,4.765920,2618400
1980-06-04,14.125000,14.531250,14.125000,14.531250,4.913864,3623600
1980-06-05,14.531250,14.593750,14.218750,14.250000,4.818759,2614800
1980-06-06,14.281250,14.468750,14.281250,14.281250,4.829326,1293600
1980-06-09,14.281250,14.375000,14.156250,14.187500,4.797622,1271600
1980-06-10,14.187500,14.437500,14.156250,14.375000,4.861029,1480000
1980-06-11,14.375000,14.593750,14.312500,14.500000,4.903299,2044800
1980-06-12,14.500000,14.593750,14.312500,14.500000,4.903299,2094400
1980-06-13,14.500000,14.781250,14.468750,14.718750,4.977271,1805200
1980-06-16,14.718750,15.093750,14.687500,15.093750,5.104080,3239600
1980-06-17,15.093750,15.093750,14.718750,14.718750,4.977271,2148400
1980-06-18,14.718750,14.937500,14.718750,14.906250,5.040675,1978000
1980-06-19,14.906250,14.937500,14.406250,14.468750,4.892734,1340800
1980-06-20,14.468750,14.593750,14.437500,14.468750,4.892734,1177200
1980-06-23,14.468750,14.812500,14.468750,14.718750,4.977271,2190000
1980-06-24,14.718750,14.843750,14.625000,14.843750,5.019539,1778800
1980-06-25,14.843750,15.062500,14.750000,14.937500,5.051242,2288400
1980-06-26,14.937500,15.062500,14.781250,14.812500,5.008975,1948800
1980-06-27,14.812500,15.000000,14.687500,14.937500,5.051242,1364400
1980-06-30,14.875000,14.875000,14.593750,14.687500,4.966703,1212400
1980-07-01,14.687500,14.906250,14.593750,14.875000,5.030106,1628000
1980-07-02,14.875000,15.250000,14.843750,15.156250,5.125216,2556400
1980-07-03,15.156250,15.375000,15.156250,15.281250,5.167485,1863200
1980-07-07,15.281250,15.562500,15.250000,15.500000,5.241456,2354000
1980-07-08,15.500000,15.562500,15.312500,15.437500,5.220321,2012000
1980-07-09,15.437500,15.718750,15.312500,15.375000,5.199186,1911200
1980-07-10,15.375000,15.593750,15.312500,15.406250,5.209754,1407600
1980-07-11,15.406250,15.718750,15.406250,15.687500,5.304862,1725200
1980-07-14,15.687500,16.250000,15.687500,16.250000,5.495075,2019200
1980-07-15,16.250000,16.312500,15.937500,15.937500,5.389399,2213200
1980-07-16,15.937500,16.156250,15.906250,16.062500,5.431669,2113200
1980-07-17,16.062500,16.406250,16.000000,16.406250,5.547916,1220000
1980-07-18,16.406250,16.437500,16.218750,16.281250,5.505642,1752400
1980-07-21,16.281250,16.500000,16.062500,16.500000,5.579615,1748800
1980-07-22,16.500000,16.531250,16.187500,16.281250,5.505642,2212000
1980-07-23,16.281250,16.343750,16.093750,16.218750,5.484509,1796000
1980-07-24,16.218750,16.250000,16.062500,16.187500,5.473940,1589600
1980-07-25,16.156250,16.156250,15.968750,16.093750,5.442240,1503200
1980-07-28,16.093750,16.312500,16.000000,16.250000,5.495075,1083200
1980-07-29,16.250000,16.375000,16.093750,16.281250,5.505642,1642400
1980-07-30,16.281250,16.500000,16.281250,16.375000,5.537346,2222800
1980-07-31,16.343750,16.343750,16.093750,16.312500,5.516210,2576400
1980-08-01,16.312500,16.343750,16.093750,16.281250,5.505642,1802800
1980-08-04,16.250000,16.250000,16.125000,16.187500,5.473940,1494400
1980-08-05,16.187500,16.343750,16.031250,16.062500,5.431669,1263200
1980-08-06,16.062500,16.406250,16.000000,16.406250,5.547916,1603200
1980-08-07,16.406250,16.437500,16.187500,16.437500,5.632291,2045600
1980-08-08,16.437500,16.562500,16.312500,16.312500,5.589458,2981200
1980-08-11,16.312500,16.687500,16.281250,16.687500,5.717950,1697600
1980-08-12,16.687500,17.000000,16.593750,16.687500,5.717950,2811600
1980-08-13,16.687500,16.875000,16.625000,16.687500,5.717950,1808800
1980-08-14,16.687500,17.281250,16.687500,17.218750,5.899987,1890800
1980-08-15,17.218750,17.281250,17.062500,17.187500,5.889277,2068000
1980-08-18,17.000000,17.000000,16.593750,16.593750,5.685829,2203600
1980-08-19,16.593750,16.750000,16.468750,16.500000,5.653706,1808000
1980-08-20,16.500000,16.968750,16.468750,16.718750,5.728660,1359200
1980-08-21,16.718750,16.937500,16.656250,16.875000,5.782198,1094400
1980-08-22,16.875000,17.218750,16.843750,16.843750,5.771493,1638400
1980-08-25,16.843750,16.875000,16.656250,16.781250,5.750075,983600
1980-08-26,16.781250,16.937500,16.656250,16.687500,5.717950,1892800
1980-08-27,16.687500,16.750000,16.468750,16.468750,5.642993,2367600
1980-08-28,16.468750,16.500000,16.218750,16.250000,5.568040,1687600
1980-08-29,16.250000,16.406250,16.187500,16.375000,5.610874,1512800
1980-09-02,16.375000,16.625000,16.343750,16.531250,5.664414,1168800
1980-09-03,16.531250,16.875000,16.531250,16.875000,5.782198,1427200
1980-09-04,16.875000,17.031250,16.562500,16.656250,5.707244,2194800
1980-09-05,16.656250,16.812500,16.531250,16.625000,5.696536,958800
1980-09-08,16.625000,16.656250,16.062500,16.062500,5.503796,1010800
1980-09-09,16.062500,16.562500,16.031250,16.531250,5.664414,1650400
1980-09-10,16.531250,16.562500,16.312500,16.437500,5.632291,1506000
1980-09-11,16.437500,16.593750,16.437500,16.593750,5.685829,1704000
1980-09-12,16.593750,16.625000,16.437500,16.468750,5.642993,1729600
1980-09-15,16.468750,16.562500,16.250000,16.531250,5.664414,1303600
1980-09-16,16.531250,16.593750,16.312500,16.406250,5.621585,1712800
1980-09-17,16.406250,16.968750,16.406250,16.812500,5.760782,3318000
1980-09-18,16.812500,16.843750,16.562500,16.625000,5.696536,4104000
1980-09-19,16.625000,16.875000,16.562500,16.750000,5.739367,2195200
1980-09-22,16.750000,17.093750,16.625000,17.031250,5.835740,2275600
1980-09-23,17.031250,17.250000,16.406250,16.718750,5.728660,3675600
1980-09-24,16.718750,17.000000,16.687500,16.875000,5.782198,2190800
1980-09-25,16.875000,16.968750,16.531250,16.531250,5.664414,2560800
1980-09-26,16.468750,16.468750,16.062500,16.156250,5.535918,2769200
1980-09-29,16.062500,16.062500,15.843750,15.937500,5.460962,2665600
1980-09-30,15.968750,16.125000,15.968750,16.031250,5.493086,2072000
1980-10-01,16.031250,16.406250,15.906250,16.156250,5.535918,2420400
1980-10-02,16.156250,16.343750,16.031250,16.343750,5.600170,1912400
1980-10-03,16.375000,16.750000,16.375000,16.562500,5.675119,1988800
1980-10-06,16.625000,17.062500,16.625000,17.000000,5.825029,2954400
1980-10-07,17.000000,17.062500,16.781250,16.937500,5.803614,2792000
1980-10-08,17.000000,17.593750,17.000000,17.500000,5.996353,4680000
1980-10-09,17.500000,17.718750,17.437500,17.531250,6.007061,4740000
1980-10-10,17.531250,17.875000,17.281250,17.312500,5.932108,4416000
1980-10-13,17.312500,17.687500,17.312500,17.625000,6.039186,1478400
1980-10-14,17.625000,17.718750,17.375000,17.437500,5.974937,2873200
1980-10-15,17.406250,17.593750,17.406250,17.593750,6.028478,1394800
1980-10-16,17.593750,17.781250,17.125000,17.156250,5.878569,3717200
1980-10-17,17.156250,17.343750,16.937500,17.000000,5.825029,2231200
1980-10-20,17.000000,17.125000,16.625000,17.125000,5.867860,1889200
1980-10-21,17.125000,17.218750,16.875000,17.000000,5.825029,2516800
1980-10-22,17.000000,17.031250,16.875000,16.937500,5.803614,1756800
1980-10-23,16.937500,16.937500,16.406250,16.468750,5.642993,1807200
1980-10-24,16.468750,16.656250,16.375000,16.656250,5.707244,1856400
1980-10-27,16.625000,16.625000,16.437500,16.531250,5.664414,975200
1980-10-28,16.531250,16.687500,16.468750,16.656250,5.707244,1947600
1980-10-29,16.656250,16.781250,16.375000,16.375000,5.610874,1536400
1980-10-30,16.375000,16.562500,16.281250,16.281250,5.578749,1576400
1980-10-31,16.312500,16.812500,16.312500,16.656250,5.707244,2159200
1980-11-03,16.687500,16.906250,16.687500,16.875000,5.782198,1518400
1980-11-05,17.000000,17.562500,17.000000,17.125000,5.943585,4428000
1980-11-06,17.031250,17.031250,16.562500,16.625000,5.770050,2395600
1980-11-07,16.625000,16.781250,16.625000,16.781250,5.824278,1749200
1980-11-10,16.781250,16.812500,16.625000,16.812500,5.835123,1409600
1980-11-11,16.812500,16.937500,16.718750,16.781250,5.824278,1244400
1980-11-12,16.812500,17.781250,16.812500,17.718750,6.149653,4296000
1980-11-13,17.718750,17.906250,17.562500,17.812500,6.182198,5276000
1980-11-14,17.812500,18.062500,17.593750,17.906250,6.214733,3612400
1980-11-17,17.906250,17.937500,17.656250,17.906250,6.214733,3044000
1980-11-18,17.906250,18.156250,17.906250,18.000000,6.247272,3418400
1980-11-19,18.000000,18.187500,17.812500,17.843750,6.193040,2577200
1980-11-20,17.843750,18.062500,17.656250,18.000000,6.247272,1931200
1980-11-21,17.906250,17.906250,17.531250,17.593750,6.106271,1511200
1980-11-24,17.593750,17.593750,17.375000,17.593750,6.106271,2059200
1980-11-25,17.593750,17.656250,17.375000,17.375000,6.030355,1882000
1980-11-26,17.375000,17.437500,17.156250,17.187500,5.965278,2110800
1980-11-28,17.187500,17.218750,16.906250,17.031250,5.911049,1613200
1980-12-01,17.000000,17.000000,16.625000,16.625000,5.770050,2004000
1980-12-02,16.625000,17.000000,16.562500,16.968750,5.889352,2468400
1980-12-03,16.968750,17.250000,16.875000,17.000000,5.900202,2240000
1980-12-04,17.000000,17.375000,16.875000,17.093750,5.932737,2234800
1980-12-05,17.093750,17.218750,16.875000,16.875000,5.856821,1920000
1980-12-08,16.812500,16.812500,16.500000,16.593750,5.759207,2826800
1980-12-09,16.593750,16.687500,16.406250,16.531250,5.737512,3502000
1980-12-10,16.531250,16.625000,15.937500,15.937500,5.531440,1950400
1980-12-11,15.937500,16.125000,15.812500,16.125000,5.596515,2897200
1980-12-12,16.125000,16.500000,16.093750,16.437500,5.704975,2434800
1980-12-15,16.437500,16.593750,16.125000,16.125000,5.596515,1346400
1980-12-16,16.125000,16.562500,16.093750,16.562500,5.748357,1830400
1980-12-17,16.500000,16.500000,16.187500,16.312500,5.661591,2041600
1980-12-18,16.312500,16.406250,15.906250,15.906250,5.520595,2619200
1980-12-19,15.937500,16.218750,15.937500,16.156250,5.607358,4044000
1980-12-22,16.156250,16.812500,16.125000,16.781250,5.824278,2181200
1980-12-23,16.781250,17.031250,16.718750,16.812500,5.835123,2344400
1980-12-24,16.812500,17.187500,16.750000,17.125000,5.943585,1161200
1980-12-26,17.125000,17.250000,17.093750,17.250000,5.986970,685200
1980-12-29,17.250000,17.375000,16.937500,17.000000,5.900202,1384400
1980-12-30,17.000000,17.312500,16.968750,17.156250,5.954432,1491200
1980-12-31,17.156250,17.281250,16.875000,16.968750,5.889352,1500800
1981-01-02,16.968750,17.312500,16.906250,17.281250,5.997815,1170400
1981-01-05,17.375000,17.687500,17.375000,17.562500,6.095429,3114000
1981-01-06,17.562500,17.875000,17.406250,17.875000,6.203887,3896000
1981-01-07,17.531250,17.531250,17.281250,17.375000,6.030355,4768000
1981-01-08,17.375000,17.437500,16.843750,16.906250,5.867666,2539200
1981-01-09,16.906250,17.000000,16.687500,16.843750,5.845972,1534000
1981-01-12,16.843750,17.000000,16.562500,16.687500,5.791744,2350800
1981-01-13,16.687500,16.687500,16.312500,16.625000,5.770050,2766400
1981-01-14,16.625000,16.875000,16.593750,16.687500,5.791744,1796800
1981-01-15,16.687500,16.687500,16.406250,16.437500,5.704975,1822800
1981-01-16,16.437500,16.750000,16.437500,16.718750,5.802587,3370800
1981-01-19,16.718750,16.812500,16.593750,16.656250,5.780898,2223600
1981-01-20,16.656250,16.781250,16.187500,16.250000,5.639899,2385600
1981-01-21,16.250000,16.406250,16.156250,16.281250,5.650747,1707600
1981-01-22,16.281250,16.343750,16.125000,16.312500,5.661591,1398800
1981-01-23,16.312500,16.406250,16.218750,16.250000,5.639899,1094800
1981-01-26,16.250000,16.375000,16.156250,16.250000,5.639899,1224400
1981-01-27,16.250000,16.468750,16.250000,16.375000,5.683283,1280800
1981-01-28,16.375000,16.406250,16.125000,16.156250,5.607358,1102400
1981-01-29,16.156250,16.375000,16.125000,16.218750,5.629053,1469200
1981-01-30,16.218750,16.375000,16.000000,16.093750,5.585670,1432400
1981-02-02,16.093750,16.093750,15.750000,15.843750,5.498904,1526400
1981-02-03,15.843750,16.062500,15.843750,16.062500,5.574823,1399600
1981-02-04,16.062500,16.187500,15.906250,16.125000,5.596515,1708000
1981-02-05,16.125000,16.125000,15.968750,16.000000,5.628175,1162400
1981-02-06,16.000000,16.187500,16.000000,16.062500,5.650156,1825600
1981-02-09,16.062500,16.093750,15.812500,15.875000,5.584205,1141600
1981-02-10,15.875000,15.906250,15.687500,15.750000,5.540233,1570400
1981-02-11,15.750000,15.812500,15.593750,15.656250,5.507257,1434800
1981-02-12,15.656250,15.687500,15.437500,15.437500,5.430309,1276400
1981-02-13,15.437500,15.531250,15.312500,15.437500,5.430309,1498000
1981-02-17,15.437500,15.625000,15.406250,15.500000,5.452292,1563600
1981-02-18,15.500000,15.593750,15.406250,15.500000,5.452292,1597200
1981-02-19,15.500000,15.562500,15.281250,15.312500,5.386339,1753200
1981-02-20,15.312500,15.406250,15.062500,15.125000,5.320383,1366800
1981-02-23,15.125000,15.593750,15.125000,15.500000,5.452292,2345600
1981-02-24,15.500000,15.656250,15.468750,15.531250,5.463285,2092000
1981-02-25,15.531250,16.062500,15.468750,16.062500,5.650156,2006000
1981-02-26,16.062500,16.218750,15.843750,16.187500,5.694128,2561200
1981-02-27,16.125000,16.125000,15.937500,16.062500,5.650156,1870000
1981-03-02,16.062500,16.062500,15.843750,15.906250,5.595195,1156800
1981-03-03,15.906250,15.937500,15.625000,15.625000,5.496263,1380400
1981-03-04,15.625000,15.718750,15.406250,15.468750,5.441303,1257200
1981-03-05,15.468750,15.593750,15.468750,15.500000,5.452292,1227600
1981-03-06,15.500000,15.593750,15.375000,15.468750,5.441303,1276400
1981-03-09,15.437500,15.812500,15.437500,15.750000,5.540233,1662000
1981-03-10,15.750000,15.843750,15.562500,15.625000,5.496263,1938800
1981-03-11,15.625000,15.687500,15.437500,15.562500,5.474277,1592000
1981-03-12,15.593750,16.031250,15.593750,16.000000,5.628175,1595200
1981-03-13,16.000000,16.156250,15.812500,15.812500,5.562218,1608400
1981-03-16,15.812500,16.187500,15.718750,16.156250,5.683134,2077600
1981-03-17,16.156250,16.312500,16.031250,16.062500,5.650156,2835600
1981-03-18,16.062500,16.312500,16.062500,16.187500,5.694128,1755600
1981-03-19,16.187500,16.187500,15.812500,15.937500,5.606187,2048000
1981-03-20,15.937500,16.031250,15.687500,15.781250,5.551229,2599600
1981-03-23,15.781250,15.843750,15.656250,15.718750,5.529245,2463200
1981-03-24,15.718750,15.812500,15.531250,15.562500,5.474277,2607200
1981-03-25,15.562500,16.031250,15.531250,15.968750,5.617182,1703200
1981-03-26,15.968750,16.062500,15.656250,15.781250,5.551229,4628000
1981-03-27,15.781250,15.843750,15.406250,15.437500,5.430309,2298000
1981-03-30,15.437500,15.531250,15.343750,15.375000,5.408324,1450000
1981-03-31,15.468750,15.656250,15.468750,15.593750,5.485275,1892800
1981-04-01,15.593750,15.843750,15.500000,15.750000,5.540233,3568400
1981-04-02,15.687500,15.687500,15.468750,15.531250,5.463285,1932400
1981-04-03,15.531250,15.593750,15.187500,15.281250,5.375344,2483600
1981-04-06,15.250000,15.250000,14.968750,15.093750,5.309387,2306000
1981-04-07,15.093750,15.156250,15.000000,15.000000,5.276410,2415200
1981-04-08,15.000000,15.125000,14.968750,15.000000,5.276410,2669200
1981-04-09,15.000000,15.437500,14.937500,15.437500,5.430309,3431600
1981-04-10,15.437500,15.812500,15.125000,15.187500,5.342368,5072000
1981-04-13,15.187500,15.187500,15.031250,15.031250,5.287407,3816800
1981-04-14,15.000000,15.000000,14.781250,14.781250,5.199467,4136000
1981-04-15,14.781250,14.968750,14.750000,14.906250,5.243435,3999600
1981-04-16,14.937500,15.062500,14.937500,15.000000,5.276410,2994000
1981-04-20,15.000000,15.437500,14.937500,15.406250,5.419315,3373600
1981-04-21,15.343750,15.343750,15.093750,15.125000,5.320383,2939600
1981-04-22,15.125000,15.250000,15.031250,15.093750,5.309387,2868800
1981-04-23,15.093750,15.343750,15.062500,15.093750,5.309387,2778400
1981-04-24,15.093750,15.281250,14.937500,15.156250,5.331378,2577600
1981-04-27,15.156250,15.343750,15.156250,15.281250,5.375344,3434800
1981-04-28,15.281250,15.312500,14.968750,15.093750,5.309387,2668400
1981-04-29,15.062500,15.062500,14.875000,14.906250,5.243435,2802800
1981-04-30,14.906250,14.937500,14.656250,14.656250,5.155493,2212800
1981-05-01,14.656250,14.843750,14.625000,14.781250,5.199467,2274400
1981-05-04,14.593750,14.593750,14.531250,14.593750,5.133510,1956000
1981-05-05,14.562500,14.562500,14.343750,14.437500,5.078548,4684000
1981-05-06,14.437500,14.531250,14.406250,14.468750,5.089540,2408800
1981-05-07,14.406250,14.406250,14.250000,14.343750,5.121678,1760000
1981-05-08,14.343750,14.468750,14.250000,14.468750,5.166309,1955200
1981-05-11,14.406250,14.406250,14.000000,14.000000,4.998933,2767600
1981-05-12,14.031250,14.218750,14.031250,14.187500,5.065884,2399200
1981-05-13,14.187500,14.312500,14.125000,14.187500,5.065884,1419600
1981-05-14,14.187500,14.281250,14.093750,14.156250,5.054729,2279200
1981-05-15,14.156250,14.218750,14.000000,14.093750,5.032409,2595600
1981-05-18,14.093750,14.218750,14.062500,14.187500,5.065884,1970000
1981-05-19,14.156250,14.156250,13.937500,14.156250,5.054729,2464800
1981-05-20,14.156250,14.156250,14.031250,14.093750,5.032409,1392000
1981-05-21,14.093750,14.093750,13.875000,13.906250,4.965462,1847200
1981-05-22,13.906250,13.968750,13.812500,13.875000,4.954300,1753600
1981-05-26,13.875000,14.093750,13.781250,14.031250,5.010094,2059600
1981-05-27,14.031250,14.531250,13.968750,14.468750,5.166309,2695600
1981-05-28,14.468750,14.625000,14.312500,14.500000,5.177470,2800800
1981-05-29,14.500000,14.781250,14.468750,14.687500,5.244417,3187600
1981-06-01,14.937500,15.187500,14.937500,15.062500,5.378319,4356000
1981-06-02,15.062500,15.125000,14.968750,14.968750,5.344846,2990400
1981-06-03,14.937500,14.937500,14.625000,14.781250,5.277893,2435600
1981-06-04,14.781250,14.781250,14.406250,14.500000,5.177470,1881200
1981-06-05,14.500000,14.625000,14.500000,14.593750,5.210943,1958000
1981-06-08,14.593750,14.718750,14.562500,14.562500,5.199785,1416000
1981-06-09,14.531250,14.531250,14.281250,14.343750,5.121678,1298800
1981-06-10,14.343750,14.562500,14.343750,14.468750,5.166309,2202800
1981-06-11,14.468750,14.875000,14.468750,14.750000,5.266734,2127200
1981-06-12,14.750000,14.906250,14.687500,14.843750,5.300210,3307200
1981-06-15,14.906250,15.093750,14.906250,14.968750,5.344846,2075200
1981-06-16,14.937500,14.937500,14.687500,14.718750,5.255577,2974000
1981-06-17,14.718750,14.718750,14.500000,14.625000,5.222103,2179600
1981-06-18,14.625000,14.625000,14.312500,14.406250,5.143993,1285600
1981-06-19,14.406250,14.500000,14.343750,14.375000,5.132835,1313600
1981-06-22,14.406250,14.562500,14.406250,14.531250,5.188624,1435600
1981-06-23,14.531250,14.906250,14.531250,14.843750,5.300210,2332000
1981-06-24,14.843750,14.875000,14.656250,14.875000,5.311366,1674400
1981-06-25,14.875000,15.031250,14.687500,14.750000,5.266734,1720400
1981-06-26,14.750000,14.906250,14.656250,14.687500,5.244417,1618000
1981-06-29,14.687500,14.781250,14.406250,14.468750,5.166309,1193600
1981-06-30,14.468750,14.500000,14.312500,14.468750,5.166309,1108400
1981-07-01,14.468750,14.468750,14.187500,14.218750,5.077043,1581200
1981-07-02,14.218750,14.312500,14.093750,14.218750,5.077043,1739200
1981-07-06,14.218750,14.281250,14.093750,14.250000,5.088203,1346400
1981-07-07,14.250000,14.343750,14.093750,14.250000,5.088203,2439200
1981-07-08,14.250000,14.281250,14.093750,14.156250,5.054729,1360000
1981-07-09,14.156250,14.218750,14.093750,14.156250,5.054729,1288000
1981-07-10,14.125000,14.125000,14.062500,14.093750,5.032409,1503200
1981-07-13,14.062500,14.062500,13.937500,13.968750,4.987776,1862400
1981-07-14,13.968750,14.218750,13.906250,14.218750,5.077043,2139600
1981-07-15,14.218750,14.218750,14.093750,14.156250,5.054729,2028000
1981-07-16,14.156250,14.218750,14.031250,14.156250,5.054729,1342800
1981-07-17,14.156250,14.156250,14.031250,14.031250,5.010094,1076800
1981-07-20,13.968750,13.968750,13.812500,13.843750,4.943143,1789600
1981-07-21,13.843750,13.906250,13.781250,13.875000,4.954300,1543200
1981-07-22,13.875000,13.968750,13.781250,13.781250,4.920824,1391200
1981-07-23,13.781250,13.812500,13.687500,13.718750,4.898510,1742800
1981-07-24,13.718750,13.781250,13.656250,13.750000,4.909669,1237600
1981-07-27,13.750000,13.906250,13.718750,13.906250,4.965462,1327200
1981-07-28,13.875000,13.875000,13.750000,13.843750,4.943143,996400
1981-07-29,13.843750,13.937500,13.812500,13.843750,4.943143,936000
1981-07-30,13.843750,14.156250,13.812500,14.093750,5.032409,1522000
1981-07-31,14.093750,14.156250,14.000000,14.031250,5.010094,1076000
1981-08-03,14.031250,14.187500,14.031250,14.125000,5.043566,1162800
1981-08-04,14.125000,14.562500,14.062500,14.562500,5.199785,1981600
1981-08-05,14.562500,14.687500,14.500000,14.593750,5.210943,2232400
1981-08-06,14.375000,14.375000,14.218750,14.218750,5.152957,1216800
1981-08-07,14.218750,14.312500,14.187500,14.250000,5.164286,1354000
1981-08-10,14.250000,14.531250,14.187500,14.468750,5.243556,1684400
1981-08-11,14.468750,14.718750,14.468750,14.687500,5.322839,2186000
1981-08-12,14.687500,14.687500,14.468750,14.468750,5.243556,1571600
1981-08-13,14.531250,14.656250,14.531250,14.562500,5.277533,1346000
1981-08-14,14.562500,14.687500,14.500000,14.500000,5.254884,1408400
1981-08-17,14.500000,14.562500,14.187500,14.187500,5.141634,910000
1981-08-18,14.187500,14.281250,14.062500,14.156250,5.130308,1929200
1981-08-19,14.156250,14.312500,14.156250,14.250000,5.164286,1405200
1981-08-20,14.250000,14.375000,14.250000,14.312500,5.186931,1712800
1981-08-21,14.312500,14.343750,14.187500,14.218750,5.152957,814400
1981-08-24,14.156250,14.156250,13.906250,13.968750,5.062358,1656400
1981-08-25,13.968750,14.156250,13.781250,13.968750,5.062358,2182400
1981-08-26,13.968750,14.031250,13.843750,13.875000,5.028383,1296800
1981-08-27,13.875000,14.093750,13.750000,13.812500,5.005731,1826800
1981-08-28,13.843750,14.031250,13.843750,13.968750,5.062358,1918000
1981-08-31,13.968750,14.093750,13.750000,13.781250,4.994405,1510800
1981-09-01,13.781250,14.031250,13.750000,14.000000,5.073681,2226400
1981-09-02,14.000000,14.062500,13.906250,13.937500,5.051031,1548800
1981-09-03,13.937500,14.031250,13.625000,13.656250,4.949103,1751200
1981-09-04,13.656250,13.718750,13.500000,13.500000,4.892478,1912800
1981-09-08,13.500000,13.531250,13.343750,13.500000,4.892478,2224000
1981-09-09,13.500000,13.625000,13.406250,13.531250,4.903804,1559600
1981-09-10,13.531250,13.750000,13.531250,13.687500,4.960428,1756000
1981-09-11,13.687500,14.031250,13.687500,13.937500,5.051031,2192000
1981-09-14,13.937500,14.187500,13.750000,13.968750,5.062358,1549200
1981-09-15,13.968750,14.125000,13.875000,13.875000,5.028383,1586400
1981-09-16,13.843750,13.843750,13.625000,13.718750,4.971753,1490000
1981-09-17,13.718750,13.781250,13.375000,13.531250,4.903804,2206400
1981-09-18,13.531250,13.625000,13.468750,13.500000,4.892478,1384400
1981-09-21,13.500000,13.781250,13.437500,13.718750,4.971753,1930000
1981-09-22,13.718750,13.750000,13.531250,13.593750,4.926455,1709200
1981-09-23,13.593750,13.656250,13.343750,13.625000,4.937780,1559200
1981-09-24,13.625000,13.812500,13.562500,13.656250,4.949103,1990400
1981-09-25,13.562500,13.562500,13.312500,13.406250,4.858504,2096800
1981-09-28,13.406250,13.750000,13.062500,13.718750,4.971753,3280000
1981-09-29,13.718750,13.718750,13.281250,13.312500,4.824526,2132400
1981-09-30,13.312500,13.625000,13.281250,13.531250,4.903804,2119600
1981-10-01,13.531250,13.593750,13.437500,13.500000,4.892478,1847600
1981-10-02,13.562500,13.781250,13.562500,13.750000,4.983082,2520800
1981-10-05,13.750000,13.875000,13.687500,13.781250,4.994405,2338800
1981-10-06,13.781250,13.781250,13.562500,13.562500,4.915129,1610800
1981-10-07,13.562500,13.750000,13.531250,13.750000,4.983082,1580400
1981-10-08,13.750000,13.875000,13.625000,13.875000,5.028383,2074400
1981-10-09,13.875000,14.062500,13.781250,13.968750,5.062358,3919200
1981-10-12,13.968750,14.000000,13.781250,13.875000,5.028383,2144400
1981-10-13,13.781250,13.781250,13.375000,13.437500,4.869828,3259200
1981-10-14,13.343750,13.343750,13.062500,13.125000,4.756576,3665600
1981-10-15,13.125000,13.218750,13.031250,13.062500,4.733926,2014400
1981-10-16,13.062500,13.093750,12.750000,12.812500,4.643323,2338400
1981-10-19,12.812500,12.906250,12.656250,12.812500,4.643323,2921600
1981-10-20,12.875000,12.968750,12.875000,12.906250,4.677301,1773200
1981-10-21,12.906250,13.062500,12.781250,12.843750,4.654650,1912400
1981-10-22,12.843750,12.906250,12.718750,12.781250,4.631999,1037200
1981-10-23,12.781250,12.781250,12.687500,12.750000,4.620672,1699200
1981-10-26,12.718750,12.718750,12.593750,12.656250,4.586698,1441200
1981-10-27,12.687500,12.812500,12.687500,12.687500,4.598022,1787200
1981-10-28,12.687500,12.718750,12.375000,12.375000,4.484771,3204000
1981-10-29,12.375000,12.437500,12.093750,12.250000,4.439469,3794000
1981-10-30,12.281250,12.937500,12.281250,12.875000,4.665976,3505600
1981-11-02,13.000000,13.281250,13.000000,13.250000,4.801878,3648400
1981-11-03,13.250000,13.250000,13.062500,13.250000,4.801878,2831600
1981-11-04,13.093750,13.093750,12.937500,13.093750,4.823519,1613200
1981-11-05,13.093750,13.187500,12.875000,12.875000,4.742937,1865600
1981-11-06,12.875000,12.937500,12.687500,12.718750,4.685377,2535600
1981-11-09,12.718750,12.937500,12.718750,12.906250,4.754450,2080400
1981-11-10,13.000000,13.250000,13.000000,13.062500,4.812007,3142800
1981-11-11,13.062500,13.156250,12.812500,13.125000,4.835033,1484400
1981-11-12,13.125000,13.281250,13.062500,13.187500,4.858057,2064000
1981-11-13,13.156250,13.156250,12.875000,12.906250,4.754450,1672400
1981-11-16,12.812500,12.812500,12.625000,12.750000,4.696888,1509200
1981-11-17,12.750000,12.843750,12.656250,12.750000,4.696888,1890000
1981-11-18,12.750000,12.781250,12.562500,12.593750,4.639327,2169600
1981-11-19,12.593750,12.593750,12.468750,12.593750,4.639327,1977200
1981-11-20,12.593750,12.718750,12.562500,12.656250,4.662352,1448400
1981-11-23,12.656250,12.718750,12.625000,12.625000,4.650839,1769600
1981-11-24,12.625000,13.093750,12.625000,13.062500,4.812007,2669200
1981-11-25,13.125000,13.281250,13.125000,13.156250,4.846545,3487600
1981-11-27,13.218750,13.625000,13.218750,13.625000,5.019223,2373200
1981-11-30,13.625000,13.625000,13.437500,13.625000,5.019223,2533200
1981-12-01,13.625000,13.656250,13.468750,13.531250,4.984684,2107600
1981-12-02,13.437500,13.437500,13.250000,13.250000,4.881081,1495600
1981-12-03,13.250000,13.500000,13.250000,13.500000,4.973174,1989200
1981-12-04,13.500000,13.781250,13.500000,13.656250,5.030735,3848400
1981-12-07,13.656250,13.843750,13.343750,13.375000,4.927127,1645600
1981-12-08,13.375000,13.437500,13.250000,13.312500,4.904103,2004800
1981-12-09,13.343750,13.500000,13.343750,13.468750,4.961664,1704800
1981-12-10,13.468750,13.687500,13.437500,13.656250,5.030735,3011600
1981-12-11,13.656250,13.687500,13.343750,13.593750,5.007711,2321200
1981-12-14,13.468750,13.468750,13.312500,13.343750,4.915614,2274400
1981-12-15,13.343750,13.468750,13.250000,13.406250,4.938639,2441600
1981-12-16,13.406250,13.625000,13.281250,13.531250,4.984684,2617600
1981-12-17,13.531250,13.937500,13.531250,13.937500,5.134345,3725200
1981-12-18,13.937500,14.250000,13.875000,14.187500,5.226438,548400
1981-12-21,14.187500,14.218750,14.031250,14.093750,5.191903,2364000
1981-12-22,14.156250,14.312500,14.156250,14.218750,5.237950,2748000
1981-12-23,14.218750,14.218750,14.000000,14.031250,5.168877,1823600
1981-12-24,14.062500,14.250000,14.062500,14.250000,5.249462,1157200
1981-12-28,14.250000,14.343750,14.062500,14.125000,5.203413,1631200
1981-12-29,14.125000,14.250000,13.937500,14.000000,5.157368,1582800
1981-12-30,14.000000,14.406250,14.000000,14.312500,5.272486,3176000
1981-12-31,14.250000,14.343750,14.156250,14.218750,5.237950,1590400
1982-01-04,14.406250,14.593750,14.218750,14.562500,5.364582,2911200
1982-01-05,14.343750,14.468750,14.187500,14.250000,5.249462,3924800
1982-01-06,14.125000,14.250000,14.000000,14.187500,5.226438,2710000
1982-01-07,14.125000,14.312500,13.906250,14.187500,5.226438,3030400
1982-01-08,14.187500,14.187500,14.187500,14.187500,5.226438,0
1982-01-11,14.437500,14.687500,14.187500,14.187500,5.226438,7280400
1982-01-12,14.406250,14.593750,14.187500,14.375000,5.295513,4947600
1982-01-13,14.406250,14.562500,14.250000,14.343750,5.283998,3657600
1982-01-14,14.531250,14.718750,14.343750,14.718750,5.422144,3440800
1982-01-15,14.843750,15.031250,14.625000,14.937500,5.502724,6116400
1982-01-18,15.187500,15.531250,14.843750,15.468750,5.698430,5539200
1982-01-19,15.375000,15.531250,15.187500,15.250000,5.617847,4164800
1982-01-20,15.343750,15.500000,15.187500,15.375000,5.663894,4676800
1982-01-21,15.593750,15.750000,15.406250,15.625000,5.755992,3919600
1982-01-22,15.500000,15.656250,15.343750,15.406250,5.675408,3040800
1982-01-25,15.406250,15.562500,15.250000,15.500000,5.709941,2805200
1982-01-26,15.531250,15.625000,15.406250,15.437500,5.686918,2625200
1982-01-27,15.531250,15.687500,15.375000,15.656250,5.767502,2203200
1982-01-28,15.937500,16.125000,15.750000,16.093750,5.928671,4598000
1982-01-29,16.062500,16.187500,15.906250,15.906250,5.859599,2809600
1982-02-01,15.750000,15.843750,15.625000,15.656250,5.767502,2739600
1982-02-02,15.750000,15.875000,15.593750,15.750000,5.802040,2472000
1982-02-03,15.593750,15.812500,15.375000,15.687500,5.779015,3114400
1982-02-04,15.656250,15.875000,15.406250,15.812500,5.906005,2980000
1982-02-05,15.875000,16.000000,15.718750,15.812500,5.906005,3088400
1982-02-08,15.562500,15.750000,15.343750,15.375000,5.742596,2002800
1982-02-09,15.343750,15.437500,15.250000,15.343750,5.730927,3375200
1982-02-10,15.500000,15.593750,15.406250,15.468750,5.777614,3331200
1982-02-11,15.375000,15.500000,15.218750,15.312500,5.719253,1705600
1982-02-12,15.343750,15.437500,15.250000,15.250000,5.695910,1186400
1982-02-16,15.312500,15.593750,15.031250,15.562500,5.812626,3097600
1982-02-17,15.656250,15.812500,15.500000,15.562500,5.812626,2815200
1982-02-18,15.687500,15.750000,15.625000,15.687500,5.859317,2553200
1982-02-19,15.593750,15.750000,15.406250,15.593750,5.824301,2377200
1982-02-22,15.375000,15.718750,15.031250,15.093750,5.637550,4695200
1982-02-23,15.156250,15.343750,14.937500,15.218750,5.684236,2709200
1982-02-24,15.281250,15.531250,15.031250,15.500000,5.789287,2816400
1982-02-25,15.500000,15.625000,15.375000,15.406250,5.754268,2520000
1982-02-26,15.375000,15.468750,15.281250,15.468750,5.777614,1859600
1982-03-01,15.531250,15.687500,15.375000,15.531250,5.800956,2670800
1982-03-02,15.406250,15.593750,15.218750,15.250000,5.695910,2580400
1982-03-03,15.062500,15.218750,14.906250,14.968750,5.590865,4235600
1982-03-04,14.812500,15.000000,14.625000,14.781250,5.520830,3549600
1982-03-05,14.687500,14.843750,14.531250,14.625000,5.462476,4276400
1982-03-08,14.593750,14.812500,14.343750,14.375000,5.369094,2919200
1982-03-09,14.593750,14.875000,14.281250,14.656250,5.474144,4868400
1982-03-10,14.781250,14.906250,14.656250,14.750000,5.509155,2349600
1982-03-11,14.750000,14.843750,14.531250,14.562500,5.439126,3354400
1982-03-12,14.437500,14.531250,14.343750,14.468750,5.404113,3262400
1982-03-15,14.531250,14.718750,14.343750,14.718750,5.497488,2482800
1982-03-16,14.531250,14.718750,14.312500,14.343750,5.357422,2516800
1982-03-17,14.437500,14.531250,14.343750,14.343750,5.357422,2941600
1982-03-18,14.500000,14.593750,14.406250,14.468750,5.404113,3086400
1982-03-19,14.468750,14.500000,14.312500,14.406250,5.380766,2382000
1982-03-22,14.687500,14.875000,14.468750,14.781250,5.520830,2950800
1982-03-23,14.812500,14.906250,14.687500,14.875000,5.555844,3130000
1982-03-24,14.781250,14.843750,14.718750,14.781250,5.520830,2226000
1982-03-25,14.906250,15.031250,14.781250,14.937500,5.579191,2244400
1982-03-26,14.843750,14.937500,14.750000,14.750000,5.509155,2467600
1982-03-29,14.875000,15.062500,14.687500,14.968750,5.590865,1919600
1982-03-30,15.031250,15.125000,14.906250,15.093750,5.637550,2697200
1982-03-31,15.031250,15.156250,14.906250,14.937500,5.579191,2658800
1982-04-01,15.125000,15.281250,14.968750,15.250000,5.695910,2601200
1982-04-02,15.375000,15.468750,15.250000,15.375000,5.742596,3357600
1982-04-05,15.375000,15.437500,15.281250,15.375000,5.742596,1888800
1982-04-06,15.375000,15.468750,15.250000,15.437500,5.765944,1957600
1982-04-07,15.468750,15.531250,15.375000,15.437500,5.765944,2358800
1982-04-08,15.531250,15.625000,15.406250,15.562500,5.812626,2616000
1982-04-12,15.562500,15.625000,15.500000,15.531250,5.800956,1552800
1982-04-13,15.593750,15.687500,15.468750,15.500000,5.789287,1694000
1982-04-14,15.656250,16.000000,15.312500,15.906250,5.941022,5109600
1982-04-15,16.000000,16.156250,15.843750,16.156250,6.034398,4235200
1982-04-16,16.156250,16.218750,16.062500,16.125000,6.022725,2757600
1982-04-19,16.093750,16.281250,15.906250,15.937500,5.952694,4562400
1982-04-20,15.875000,15.968750,15.750000,15.812500,5.906005,3571200
1982-04-21,15.906250,15.968750,15.812500,15.968750,5.964366,2048800
1982-04-22,16.093750,16.187500,16.000000,16.093750,6.011051,2583200
1982-04-23,16.281250,16.437500,16.125000,16.437500,6.139446,4856400
1982-04-26,16.406250,16.531250,16.250000,16.500000,6.162788,3646800
1982-04-27,16.312500,16.437500,16.156250,16.281250,6.081086,2634400
1982-04-28,16.218750,16.312500,16.125000,16.218750,6.057741,2868800
1982-04-29,16.093750,16.156250,16.031250,16.031250,5.987703,1966400
1982-04-30,16.093750,16.187500,16.000000,16.062500,5.999378,3036800
1982-05-03,16.093750,16.187500,16.000000,16.125000,6.022725,1538400
1982-05-04,16.218750,16.312500,16.125000,16.187500,6.046069,1990000
1982-05-05,16.250000,16.312500,16.187500,16.281250,6.081086,3422400
1982-05-06,16.250000,16.281250,16.187500,16.218750,6.138806,3108800
1982-05-07,16.250000,16.281250,16.187500,16.187500,6.126978,1951600
1982-05-10,16.093750,16.218750,15.968750,15.968750,6.044181,2279200
1982-05-11,16.093750,16.187500,16.000000,16.093750,6.091493,1489600
1982-05-12,16.031250,16.156250,15.875000,15.968750,6.044181,2090400
1982-05-13,16.000000,16.062500,15.906250,15.906250,6.020525,1472000
1982-05-14,15.968750,16.000000,15.906250,15.906250,6.020525,1858800
1982-05-17,15.812500,15.937500,15.687500,15.718750,5.949558,2404000
1982-05-18,15.750000,15.812500,15.687500,15.687500,5.937726,1787600
1982-05-19,15.718750,15.812500,15.593750,15.625000,5.914072,1909600
1982-05-20,15.625000,15.750000,15.500000,15.750000,5.961384,2156800
1982-05-21,15.687500,15.750000,15.593750,15.656250,5.925899,3298000
1982-05-24,15.593750,15.656250,15.500000,15.562500,5.890412,1634800
1982-05-25,15.562500,15.656250,15.468750,15.468750,5.854929,1850800
1982-05-26,15.500000,15.593750,15.406250,15.500000,5.866759,2004800
1982-05-27,15.531250,15.593750,15.437500,15.500000,5.866759,1703200
1982-05-28,15.437500,15.531250,15.312500,15.375000,5.819445,2348800
1982-06-01,15.406250,15.468750,15.343750,15.437500,5.843103,1650800
1982-06-02,15.468750,15.531250,15.375000,15.500000,5.866759,2468000
1982-06-03,15.437500,15.531250,15.312500,15.375000,5.819445,1803200
1982-06-04,15.218750,15.406250,15.031250,15.062500,5.701165,1610000
1982-06-07,15.031250,15.156250,14.875000,15.000000,5.677507,3297200
1982-06-08,14.750000,14.968750,14.531250,14.562500,5.511912,8139200
1982-06-09,14.531250,14.656250,14.375000,14.531250,5.500085,4291200
1982-06-10,14.625000,14.750000,14.500000,14.687500,5.559225,2736800
1982-06-11,14.906250,15.031250,14.781250,14.906250,5.642023,4286000
1982-06-14,14.843750,14.875000,14.781250,14.781250,5.594710,1586000
1982-06-15,14.843750,14.937500,14.718750,14.937500,5.653852,2130400
1982-06-16,14.906250,15.000000,14.812500,14.875000,5.630193,1862400
1982-06-17,14.718750,14.812500,14.593750,14.625000,5.535574,3472000
1982-06-18,14.625000,14.656250,14.593750,14.593750,5.523740,1333200
1982-06-21,14.750000,14.906250,14.562500,14.656250,5.547399,2787200
1982-06-22,14.843750,14.968750,14.687500,14.968750,5.665683,2364000
1982-06-23,15.156250,15.375000,14.906250,15.281250,5.783960,3335200
1982-06-24,15.218750,15.312500,15.093750,15.125000,5.724818,2762400
1982-06-25,15.093750,15.156250,15.031250,15.062500,5.701165,1794400
1982-06-28,15.218750,15.375000,15.031250,15.281250,5.783960,1818400
1982-06-29,15.250000,15.343750,15.156250,15.281250,5.783960,1381200
1982-06-30,15.281250,15.375000,15.156250,15.156250,5.736647,2885200
1982-07-01,15.156250,15.218750,15.062500,15.156250,5.736647,1568000
1982-07-02,15.093750,15.156250,15.000000,15.000000,5.677507,1160400
1982-07-06,15.031250,15.187500,14.843750,15.093750,5.712992,1435200
1982-07-07,15.218750,15.312500,15.093750,15.250000,5.772133,2553200
1982-07-08,15.187500,15.406250,14.937500,15.375000,5.819445,3855600
1982-07-09,15.500000,15.625000,15.343750,15.625000,5.914072,4988400
1982-07-12,16.468750,16.718750,16.187500,16.718750,6.328054,6752400
1982-07-13,16.093750,16.250000,15.781250,16.125000,6.103322,6225200
1982-07-14,16.250000,16.718750,16.187500,16.718750,6.328054,6752400
1982-07-15,16.750000,16.875000,16.593750,16.687500,6.316229,6314800
1982-07-16,16.781250,16.937500,16.625000,16.687500,6.316229,5810400
1982-07-19,16.531250,16.656250,16.406250,16.468750,6.233430,3990800
1982-07-20,16.687500,16.906250,16.468750,16.843750,6.375367,5227600
1982-07-21,17.000000,17.156250,16.812500,16.875000,6.387197,5098000
1982-07-22,16.750000,16.843750,16.625000,16.656250,6.304397,4144800
1982-07-23,16.687500,16.750000,16.593750,16.625000,6.292575,1616000
1982-07-26,16.562500,16.656250,16.437500,16.468750,6.233430,1570400
1982-07-27,16.468750,16.562500,16.375000,16.375000,6.197948,1574000
1982-07-28,16.250000,16.500000,16.218750,16.218750,6.138806,2701200
1982-07-29,16.250000,16.406250,16.093750,16.375000,6.197948,2296400
1982-07-30,16.468750,16.562500,16.375000,16.406250,6.209774,1964400
1982-08-02,16.656250,16.781250,16.531250,16.687500,6.316229,2507200
1982-08-03,16.656250,16.812500,16.500000,16.500000,6.245258,2604000
1982-08-04,16.468750,16.531250,16.375000,16.406250,6.209774,3399600
1982-08-05,16.062500,16.187500,15.937500,15.968750,6.124438,2754800
1982-08-06,15.906250,16.062500,15.750000,15.781250,6.052530,1353600
1982-08-09,15.718750,15.812500,15.593750,15.812500,6.064516,2694400
1982-08-10,15.843750,15.937500,15.750000,15.750000,6.040545,4338000
1982-08-11,15.687500,15.781250,15.593750,15.593750,5.980615,2972800
1982-08-12,15.625000,15.718750,15.531250,15.562500,5.968630,2220400
1982-08-13,15.656250,15.750000,15.562500,15.718750,6.028557,2327600
1982-08-16,15.812500,15.906250,15.687500,15.718750,6.028557,2138000
1982-08-17,16.156250,16.531250,15.750000,16.500000,6.328188,4728800
1982-08-18,16.687500,16.906250,16.437500,16.437500,6.304215,6828000
1982-08-19,16.500000,16.687500,16.312500,16.500000,6.328188,5444400
1982-08-20,16.843750,17.156250,16.500000,17.062500,6.543921,5424800
1982-08-23,17.156250,17.375000,16.937500,17.343750,6.651788,6181600
1982-08-24,17.187500,17.312500,17.031250,17.093750,6.555906,5964000
1982-08-25,17.312500,17.531250,17.093750,17.281250,6.627816,5709600
1982-08-26,17.437500,17.625000,17.250000,17.281250,6.627816,5921200
1982-08-27,17.218750,17.312500,17.093750,17.250000,6.615830,2758000
1982-08-30,17.312500,17.500000,17.093750,17.468750,6.699729,3125600
1982-08-31,17.593750,17.750000,17.406250,17.625000,6.759654,4940000
1982-09-01,17.562500,17.750000,17.375000,17.437500,6.687741,4469600
1982-09-02,17.687500,18.000000,17.343750,17.843750,6.843551,3798800
1982-09-03,18.218750,18.500000,17.906250,18.031250,6.915464,6651200
1982-09-07,18.062500,18.187500,17.937500,18.125000,6.951420,4485200
1982-09-08,18.218750,18.406250,18.031250,18.125000,6.951420,5719600
1982-09-09,18.125000,18.312500,17.937500,17.968750,6.891490,3124400
1982-09-10,17.875000,18.031250,17.687500,17.843750,6.843551,3786800
1982-09-13,18.031250,18.250000,17.781250,18.218750,6.987373,2910400
1982-09-14,18.281250,18.500000,18.062500,18.125000,6.951420,4880400
1982-09-15,18.250000,18.406250,18.062500,18.343750,7.035314,3763200
1982-09-16,18.531250,18.750000,18.312500,18.531250,7.107228,5638800
1982-09-17,18.562500,18.687500,18.437500,18.531250,7.107228,2907200
1982-09-20,18.531250,18.687500,18.343750,18.687500,7.167149,3248400
1982-09-21,18.937500,19.187500,18.687500,19.187500,7.358916,5286800
1982-09-22,19.156250,19.406250,18.875000,18.875000,7.239062,6416400
1982-09-23,19.000000,19.156250,18.812500,19.093750,7.322956,5016000
1982-09-24,19.031250,19.125000,18.906250,19.000000,7.287000,3548400
1982-09-27,19.093750,19.250000,18.937500,19.156250,7.346932,1962000
1982-09-28,19.187500,19.312500,19.062500,19.062500,7.310974,3473200
1982-09-29,18.875000,19.093750,18.625000,18.687500,7.167149,3324000
1982-09-30,18.531250,18.718750,18.312500,18.343750,7.035314,3991600
1982-10-01,18.500000,18.656250,18.343750,18.531250,7.107228,2990000
1982-10-04,18.500000,18.656250,18.312500,18.625000,7.143183,2459600
1982-10-05,18.843750,19.031250,18.656250,18.781250,7.203104,3009200
1982-10-06,19.312500,19.750000,18.843750,19.750000,7.574648,5384400
1982-10-07,19.843750,20.093750,19.593750,20.093750,7.706481,830400
1982-10-08,20.062500,20.281250,19.812500,20.281250,7.778400,5370000
1982-10-11,20.750000,21.125000,20.343750,20.875000,8.006117,5757200
1982-10-12,20.812500,21.093750,20.593750,20.687500,7.934205,6001600
1982-10-13,20.718750,21.031250,20.312500,20.875000,8.006117,5607600
1982-10-14,20.187500,20.468750,19.875000,20.031250,7.682514,4619600
1982-10-15,19.937500,20.093750,19.750000,19.875000,7.622591,4874400
1982-10-18,19.937500,20.750000,19.906250,20.750000,7.958177,4541600
1982-10-19,20.593750,20.875000,20.312500,20.531250,7.874280,4862000
1982-10-20,20.750000,21.125000,20.375000,21.125000,8.101997,4570400
1982-10-21,20.843750,21.187500,20.500000,21.187500,8.125968,4819600
1982-10-22,20.937500,21.187500,20.687500,20.687500,7.934205,4556000
1982-10-25,20.250000,20.468750,20.000000,20.000000,7.670529,4294400
1982-10-26,20.187500,20.531250,19.843750,20.500000,7.862298,5037200
1982-10-27,20.375000,20.593750,20.125000,20.406250,7.826341,3756000
1982-10-28,20.125000,20.375000,19.875000,19.906250,7.634571,4330400
1982-10-29,19.968750,20.125000,19.781250,19.968750,7.658538,2825600
1982-11-01,20.125000,20.375000,19.875000,20.375000,7.814354,3329200
1982-11-02,20.562500,20.750000,20.375000,20.468750,7.850309,4142000
1982-11-03,20.968750,21.375000,20.562500,21.312500,8.173903,5954800
1982-11-04,21.156250,21.343750,20.937500,21.000000,8.136136,6549200
1982-11-05,21.093750,21.250000,20.906250,21.062500,8.160350,3981200
1982-11-08,20.843750,20.937500,20.750000,20.843750,8.075599,2873600
1982-11-09,21.187500,21.468750,20.906250,21.437500,8.305636,3976400
1982-11-10,21.281250,21.625000,20.937500,21.093750,8.172455,3814000
1982-11-11,21.125000,21.343750,20.875000,21.343750,8.269316,2209200
1982-11-12,21.093750,21.343750,20.843750,21.343750,8.269316,3382400
1982-11-15,20.593750,20.687500,20.500000,20.562500,7.966634,3645600
1982-11-16,20.531250,20.781250,20.250000,20.531250,7.954525,3944000
1982-11-17,20.875000,21.125000,20.593750,21.000000,8.136136,3532400
1982-11-18,21.000000,21.125000,20.875000,20.937500,8.111920,2855200
1982-11-19,20.906250,21.093750,20.718750,20.875000,8.087705,2769200
1982-11-22,20.437500,20.750000,20.125000,20.125000,7.797131,2529600
1982-11-23,20.343750,20.531250,20.156250,20.312500,7.869774,3073200
1982-11-24,20.562500,20.687500,20.437500,20.687500,8.015059,2862400
1982-11-26,20.843750,20.906250,20.750000,20.843750,8.075599,1506800
1982-11-29,20.718750,20.937500,20.500000,20.625000,7.990849,2068400
1982-11-30,21.125000,21.625000,20.625000,21.625000,8.378280,4063200
1982-12-01,21.812500,22.062500,21.531250,21.625000,8.378280,6100400
1982-12-02,21.968750,22.312500,21.625000,22.062500,8.547780,6156400
1982-12-03,22.156250,22.343750,21.968750,22.062500,8.547780,3086800
1982-12-06,22.718750,23.437500,21.968750,23.187500,8.983650,4616000
1982-12-07,23.718750,24.093750,23.312500,23.781250,9.213685,6839200
1982-12-08,24.000000,24.375000,23.625000,23.625000,9.153151,5254000
1982-12-09,23.562500,24.000000,23.125000,23.406250,9.068399,4474000
1982-12-10,23.437500,23.781250,23.093750,23.187500,8.983650,3830000
1982-12-13,23.500000,23.687500,23.281250,23.468750,9.092610,2616800
1982-12-14,23.343750,24.062500,22.625000,22.750000,8.814148,5149600
1982-12-15,22.593750,22.875000,22.281250,22.343750,8.656749,5220000
1982-12-16,22.593750,22.812500,22.375000,22.687500,8.789930,3991600
1982-12-17,23.281250,23.656250,22.875000,23.343750,9.044181,4572000
1982-12-20,23.343750,23.656250,23.000000,23.125000,8.959438,2455600
1982-12-21,23.593750,24.000000,23.187500,23.937500,9.274225,3480400
1982-12-22,23.750000,24.093750,23.375000,23.375000,9.056294,4059200
1982-12-23,23.500000,23.625000,23.375000,23.406250,9.068399,2360000
1982-12-27,23.781250,24.218750,23.343750,24.093750,9.334761,2588000
1982-12-28,23.906250,24.093750,23.687500,23.781250,9.213685,2698800
1982-12-29,24.093750,24.312500,23.843750,24.156250,9.358980,3199600
1982-12-30,24.218750,24.500000,23.937500,24.031250,9.310543,2901600
1982-12-31,24.156250,24.281250,24.031250,24.062500,9.322653,1494800
1983-01-03,23.687500,24.250000,23.125000,23.250000,9.007865,3042400
1983-01-04,23.500000,23.906250,23.093750,23.906250,9.262114,3660400
1983-01-05,23.968750,24.187500,23.750000,24.000000,9.298444,3803600
1983-01-06,24.250000,24.625000,23.875000,24.406250,9.455828,4096800
1983-01-07,24.375000,24.593750,24.125000,24.156250,9.358980,4242400
1983-01-10,24.406250,24.812500,24.000000,24.500000,9.492155,4456800
1983-01-11,24.437500,24.593750,24.250000,24.500000,9.492155,3403600
1983-01-12,24.781250,25.031250,24.500000,24.531250,9.504267,6103600
1983-01-13,24.687500,24.812500,24.531250,24.656250,9.552692,2940000
1983-01-14,24.812500,24.968750,24.625000,24.781250,9.601124,3496000
1983-01-17,25.000000,25.187500,24.812500,24.812500,9.613229,4578800
1983-01-18,24.875000,25.093750,24.625000,24.906250,9.649547,4060000
1983-01-19,24.656250,25.062500,24.250000,24.625000,9.540585,3874800
1983-01-20,24.437500,24.687500,24.187500,24.468750,9.480046,2511200
1983-01-21,23.937500,24.375000,23.500000,23.656250,9.165258,7140400
1983-01-24,23.312500,23.531250,23.062500,23.468750,9.092610,5910000
1983-01-25,23.843750,24.062500,23.593750,24.000000,9.298444,4534400
1983-01-26,23.875000,24.031250,23.718750,23.781250,9.213685,3370000
1983-01-27,24.218750,24.500000,23.937500,24.406250,9.455828,3170400
1983-01-28,24.468750,24.625000,24.281250,24.343750,9.431621,2535200
1983-01-31,24.468750,24.718750,24.187500,24.718750,9.576907,2296800
1983-02-01,24.531250,24.812500,24.250000,24.250000,9.395294,2640800
1983-02-02,24.062500,24.312500,23.812500,24.000000,9.298444,4487600
1983-02-03,23.906250,24.000000,23.781250,23.875000,9.333618,3265600
1983-02-04,24.125000,24.375000,23.843750,24.343750,9.516874,3340000
1983-02-07,24.375000,24.593750,24.156250,24.281250,9.492447,2253600
1983-02-08,24.062500,24.343750,23.750000,23.781250,9.296971,2574000
1983-02-09,23.687500,23.875000,23.468750,23.625000,9.235888,3650800
1983-02-10,24.000000,24.218750,23.781250,24.093750,9.419143,3084800
1983-02-11,24.218750,24.437500,24.000000,24.093750,9.419143,3164000
1983-02-14,24.562500,24.875000,24.250000,24.750000,9.675698,4580400
1983-02-15,24.906250,25.125000,24.687500,24.718750,9.663474,5411200
1983-02-16,24.812500,25.062500,24.562500,24.593750,9.614609,3758400
1983-02-17,24.500000,24.750000,24.250000,24.593750,9.614609,4467600
1983-02-18,24.718750,24.875000,24.562500,24.656250,9.639043,2686000
1983-02-22,24.562500,24.875000,24.250000,24.281250,9.492447,2985600
1983-02-23,24.500000,24.687500,24.281250,24.687500,9.651259,2558400
1983-02-24,25.093750,25.375000,24.812500,25.218750,9.858943,5462400
1983-02-25,25.156250,25.312500,25.000000,25.093750,9.810078,4208400
1983-02-28,24.937500,25.125000,24.750000,24.750000,9.675698,3642400
1983-03-01,25.187500,25.468750,24.906250,25.437500,9.944467,4426000
1983-03-02,25.531250,25.750000,25.312500,25.531250,9.981118,5312800
1983-03-03,25.531250,25.750000,25.312500,25.468750,9.956683,3373600
1983-03-04,25.437500,25.562500,25.281250,25.562500,9.993329,2742800
1983-03-07,25.656250,25.843750,25.437500,25.750000,10.066629,3195200
1983-03-08,25.406250,25.812500,25.000000,25.218750,9.858943,3166800
1983-03-09,25.375000,25.593750,25.156250,25.562500,9.993329,3027200
1983-03-10,25.343750,25.656250,25.031250,25.062500,9.797859,2680400
1983-03-11,25.125000,25.250000,24.968750,25.187500,9.846723,2018000
1983-03-14,25.125000,25.281250,24.937500,25.125000,9.822297,2640000
1983-03-15,25.125000,25.250000,25.000000,25.218750,9.858943,2771200
1983-03-16,24.937500,25.187500,24.687500,24.718750,9.663474,2830000
1983-03-17,24.750000,24.812500,24.656250,24.718750,9.663474,2667600
1983-03-18,24.781250,25.000000,24.781250,24.968750,9.761212,2586800
1983-03-21,25.062500,25.281250,24.812500,25.187500,9.846723,3964400
1983-03-22,25.218750,25.281250,25.000000,25.031250,9.785645,2404800
1983-03-23,25.062500,25.718750,25.062500,25.531250,9.981118,3780000
1983-03-24,25.593750,25.781250,25.343750,25.562500,9.993329,3733200
1983-03-25,25.562500,25.812500,25.437500,25.531250,9.981118,2612800
1983-03-28,25.531250,25.718750,25.437500,25.593750,10.005546,1993600
1983-03-29,25.656250,26.000000,25.625000,25.718750,10.054414,3139200
1983-03-30,25.968750,26.125000,25.812500,26.062500,10.188799,3308000
1983-03-31,26.187500,26.218750,25.406250,25.437500,9.944467,2404400
1983-04-04,25.406250,25.625000,25.281250,25.593750,10.005546,2670000
1983-04-05,25.812500,25.812500,25.468750,25.500000,9.968896,2847200
1983-04-06,25.500000,25.687500,25.312500,25.656250,10.029984,3431600
1983-04-07,25.687500,25.843750,25.500000,25.812500,10.091063,2428400
1983-04-08,25.812500,26.000000,25.656250,25.968750,10.152145,3576800
1983-04-11,26.437500,26.687500,26.156250,26.656250,10.420920,6604800
1983-04-12,26.656250,26.843750,26.500000,26.750000,10.457570,4196000
1983-04-13,26.875000,27.250000,26.843750,27.187500,10.628602,3915200
1983-04-14,27.218750,27.500000,26.812500,27.375000,10.701903,4030000
1983-04-15,27.468750,27.625000,27.406250,27.531250,10.762985,3176400
1983-04-18,27.531250,28.156250,27.500000,28.156250,11.007322,4081600
1983-04-19,27.968750,28.031250,27.750000,27.875000,10.897380,3717600
1983-04-20,27.937500,28.812500,27.937500,28.781250,11.251659,3882400
1983-04-21,28.781250,28.875000,28.531250,28.750000,11.239439,4286800
1983-04-22,28.750000,29.468750,28.687500,29.312500,11.459345,3231600
1983-04-25,28.875000,29.281250,28.437500,28.625000,11.190570,3100400
1983-04-26,28.875000,29.312500,28.406250,29.281250,11.447130,3764000
1983-04-27,29.281250,29.500000,28.750000,29.000000,11.337176,3643600
1983-04-28,29.187500,29.375000,28.968750,29.312500,11.459345,3061600
1983-04-29,29.218750,29.406250,29.000000,29.250000,11.434919,3056000
1983-05-02,29.000000,29.281250,28.687500,28.750000,11.239439,3891600
1983-05-03,28.750000,28.968750,28.656250,28.875000,11.288316,3638400
1983-05-04,29.031250,29.218750,28.843750,29.125000,11.386047,2451200
1983-05-05,28.812500,28.968750,28.656250,28.937500,11.405752,2300800
1983-05-06,28.906250,29.625000,28.875000,29.406250,11.590509,3447600
1983-05-09,29.406250,29.562500,29.156250,29.375000,11.578196,2509200
1983-05-10,29.281250,29.406250,29.187500,29.218750,11.516605,1812400
1983-05-11,29.156250,29.250000,28.812500,28.875000,11.381113,1968800
1983-05-12,29.000000,29.000000,28.750000,28.875000,11.381113,1879600
1983-05-13,28.937500,29.156250,28.906250,29.125000,11.479651,1698800
1983-05-16,28.500000,28.812500,28.500000,28.812500,11.356479,2675600
1983-05-17,28.531250,28.750000,28.281250,28.500000,11.233307,2888000
1983-05-18,28.562500,28.687500,27.687500,28.500000,11.233307,3208000
1983-05-19,27.968750,28.125000,27.625000,27.812500,10.962334,2694000
1983-05-20,27.687500,27.937500,27.562500,27.687500,10.913065,2155600
1983-05-23,27.437500,28.218750,27.437500,28.125000,11.085504,3252000
1983-05-24,28.281250,28.750000,28.250000,28.656250,11.294897,2661600
1983-05-25,28.718750,28.906250,28.343750,28.906250,11.393441,3374400
1983-05-26,28.750000,28.968750,28.562500,28.593750,11.270260,2591200
1983-05-27,28.687500,28.750000,28.218750,28.250000,11.134771,1617600
1983-05-31,28.125000,28.218750,27.562500,27.812500,10.962334,2939200
1983-06-01,27.812500,27.968750,27.562500,27.968750,11.023921,3561200
1983-06-02,28.093750,28.468750,27.812500,28.375000,11.184045,3212000
1983-06-03,28.375000,28.718750,28.250000,28.500000,11.233307,2646400
1983-06-06,28.593750,29.031250,28.406250,28.937500,11.405752,2262400
1983-06-07,28.937500,29.062500,28.250000,28.281250,11.147093,3165600
1983-06-08,28.156250,28.687500,28.156250,28.343750,11.171724,3326800
1983-06-09,28.406250,28.625000,28.281250,28.437500,11.208672,2689200
1983-06-10,28.500000,28.656250,28.406250,28.562500,11.257941,1678400
1983-06-13,28.812500,29.312500,28.531250,29.312500,11.553557,2951200
1983-06-14,29.312500,29.937500,29.250000,29.500000,11.627460,3886000
1983-06-15,29.562500,30.250000,29.531250,30.250000,11.923069,4681200
1983-06-16,30.437500,30.718750,30.375000,30.437500,11.996973,4933600
1983-06-17,30.437500,30.625000,30.062500,30.281250,11.935397,2502000
1983-06-20,30.406250,30.687500,30.375000,30.500000,12.021614,2593600
1983-06-21,30.593750,30.906250,30.156250,30.781250,12.132466,3308800
1983-06-22,30.875000,31.125000,30.625000,30.875000,12.169424,2937200
1983-06-23,30.875000,30.937500,30.687500,30.812500,12.144787,2328000
1983-06-24,30.781250,30.968750,30.656250,30.750000,12.120158,1785600
1983-06-27,30.687500,30.687500,30.062500,30.218750,11.910753,2171600
1983-06-28,30.281250,30.343750,29.437500,29.500000,11.627460,3382400
1983-06-29,29.656250,30.218750,29.468750,30.000000,11.824538,2679200
1983-06-30,30.125000,30.250000,29.937500,30.062500,11.849174,2224800
1983-07-01,30.156250,30.312500,30.093750,30.250000,11.923069,1492400
1983-07-05,29.812500,29.906250,29.656250,29.812500,11.750641,3773200
1983-07-06,29.968750,30.437500,29.750000,30.406250,11.984662,2716800
1983-07-07,30.406250,30.687500,29.937500,29.937500,11.799906,3862000
1983-07-08,30.156250,30.375000,30.062500,30.375000,11.972342,1738400
1983-07-11,30.437500,30.843750,30.375000,30.812500,12.144787,3106800
1983-07-12,30.750000,30.875000,30.156250,30.218750,11.910753,3622400
1983-07-13,30.187500,30.437500,30.062500,30.312500,11.947709,2479200
1983-07-14,30.437500,31.000000,30.406250,30.500000,12.021614,4694000
1983-07-15,30.406250,30.437500,29.875000,30.031250,11.836859,3736800
1983-07-18,30.031250,30.125000,29.781250,29.968750,11.812221,3266000
1983-07-19,30.031250,30.375000,30.000000,30.218750,11.910753,2924000
1983-07-20,30.500000,31.343750,30.500000,31.343750,12.354178,5254400
1983-07-21,31.281250,31.562500,30.875000,31.375000,12.366503,3738800
1983-07-22,31.234375,31.375000,31.093750,31.093750,12.255641,2007200
1983-07-25,30.875000,31.562500,30.875000,31.468750,12.403442,2971600
1983-07-26,31.500000,31.750000,31.312500,31.437500,12.391129,3117600
1983-07-27,31.531250,31.625000,30.656250,30.843750,12.157104,3143200
1983-07-28,30.812500,31.031250,30.375000,30.500000,12.021614,2861600
1983-07-29,30.437500,30.500000,29.843750,30.093750,11.861493,4978000
1983-08-01,30.062500,30.343750,30.062500,30.187500,11.898441,3228400
1983-08-02,30.281250,30.375000,30.031250,30.125000,11.873804,2036000
1983-08-03,30.125000,30.343750,29.781250,30.312500,11.947709,3280400
1983-08-04,29.875000,29.968750,29.375000,29.875000,11.868258,3551600
1983-08-05,29.750000,30.031250,29.750000,29.937500,11.893081,2867200
1983-08-08,29.812500,29.968750,29.625000,29.750000,11.818599,2197200
1983-08-09,29.843750,29.875000,29.156250,29.531250,11.731704,4730000
1983-08-10,29.437500,29.750000,29.250000,29.531250,11.731704,3575200
1983-08-11,29.625000,29.781250,29.375000,29.437500,11.694452,1722000
1983-08-12,29.500000,29.718750,29.468750,29.625000,11.768945,1531600
1983-08-15,29.906250,30.375000,29.781250,30.125000,11.967576,4378800
1983-08-16,30.187500,30.500000,30.093750,30.406250,12.079300,2868400
1983-08-17,30.406250,30.875000,30.406250,30.750000,12.215862,3464000
1983-08-18,30.843750,30.937500,30.343750,30.406250,12.079300,2962000
1983-08-19,30.468750,30.625000,30.281250,30.625000,12.166201,1595200
1983-08-22,30.718750,30.812500,30.156250,30.312500,12.042058,2672400
1983-08-23,30.187500,30.218750,29.625000,29.843750,11.855844,4703200
1983-08-24,29.625000,29.750000,29.000000,29.125000,11.570309,3898000
1983-08-25,29.187500,29.218750,28.812500,29.062500,11.545478,3709600
1983-08-26,28.906250,29.562500,28.906250,29.468750,11.706869,2725200
1983-08-29,29.312500,29.812500,29.218750,29.750000,11.818599,2041200
1983-08-30,29.750000,29.812500,29.312500,29.343750,11.657212,2767600
1983-08-31,29.406250,29.875000,29.281250,29.875000,11.868258,2473200
1983-09-01,29.906250,29.906250,29.531250,29.656250,11.781357,2486800
1983-09-02,29.656250,29.937500,29.625000,29.937500,11.893081,2195200
1983-09-06,30.125000,30.468750,30.000000,30.468750,12.104127,3193600
1983-09-07,30.437500,30.718750,30.250000,30.593750,12.153795,3616000
1983-09-08,30.562500,30.875000,30.406250,30.562500,12.141369,2537200
1983-09-09,30.562500,30.718750,30.343750,30.562500,12.141369,1582800
1983-09-12,30.812500,30.843750,30.281250,30.375000,12.066892,4432400
1983-09-13,30.312500,30.500000,30.156250,30.500000,12.116547,2902400
1983-09-14,30.468750,30.875000,30.406250,30.718750,12.203447,3257200
1983-09-15,30.718750,30.812500,30.375000,30.437500,12.091719,2764400
1983-09-16,30.375000,31.062500,30.375000,30.781250,12.228281,3278800
1983-09-19,30.843750,31.218750,30.656250,30.937500,12.290339,3646000
1983-09-20,31.093750,31.125000,30.781250,30.968750,12.302770,3769200
1983-09-21,30.937500,31.031250,30.718750,30.750000,12.215862,283600
1983-09-22,30.718750,31.187500,30.687500,31.156250,12.377248,4397200
1983-09-23,31.250000,31.656250,30.968750,31.656250,12.575887,4447600
1983-09-26,31.656250,32.375000,31.500000,32.156250,12.774513,8390000
1983-09-27,32.093750,32.093750,31.625000,31.968750,12.700030,5086000
1983-09-28,32.031250,32.281250,31.937500,32.187500,12.786929,5282400
1983-09-29,32.218750,32.375000,31.968750,31.968750,12.700030,2894000
1983-09-30,32.031250,32.031250,31.625000,31.718750,12.600700,2282000
1983-10-03,31.625000,32.125000,31.562500,32.031250,12.724855,3513200
1983-10-04,32.250000,32.531250,32.218750,32.468750,12.898655,4760800
1983-10-05,32.437500,32.812500,32.281250,32.781250,13.022800,5564800
1983-10-06,32.781250,33.062500,32.750000,33.031250,13.122122,4418400
1983-10-07,33.062500,33.125000,32.937500,33.062500,13.134532,3213200
1983-10-10,32.968750,33.562500,32.875000,33.562500,13.333170,2633600
1983-10-11,33.250000,33.500000,33.187500,33.250000,13.209023,2748400
1983-10-12,33.218750,33.343750,32.968750,33.156250,13.171777,3724000
1983-10-13,33.187500,33.468750,33.156250,33.406250,13.271101,2889600
1983-10-14,33.406250,33.437500,32.687500,32.937500,13.084875,7990400
1983-10-17,32.812500,33.156250,32.625000,32.937500,13.084875,4519200
1983-10-18,32.875000,33.031250,32.125000,32.187500,12.786929,6974400
1983-10-19,32.187500,32.687500,32.156250,32.625000,12.960731,8290400
1983-10-20,32.593750,32.625000,32.406250,32.437500,12.886252,4566400
1983-10-21,32.406250,32.437500,31.437500,31.750000,12.613126,6221600
1983-10-24,31.375000,32.156250,31.375000,32.062500,12.737271,5966000
1983-10-25,32.218750,32.437500,32.062500,32.125000,12.762098,4722400
1983-10-26,32.156250,32.218750,31.875000,32.000000,12.712444,3911200
1983-10-27,31.968750,32.343750,31.843750,32.343750,12.849002,2808400
1983-10-28,32.281250,32.500000,31.781250,32.000000,12.712444,4423200
1983-10-31,32.093750,32.250000,31.500000,31.687500,12.588296,5766400
1983-11-01,31.812500,31.812500,31.250000,31.687500,12.588296,5652800
1983-11-02,31.375000,31.750000,31.375000,31.625000,12.658342,3785600
1983-11-03,31.625000,31.625000,30.875000,30.968750,12.395679,3690400
1983-11-04,30.812500,30.812500,30.437500,30.562500,12.233054,5898000
1983-11-07,30.531250,30.843750,30.500000,30.531250,12.220559,3214400
1983-11-08,30.468750,30.718750,30.468750,30.562500,12.233054,2603600
1983-11-09,30.593750,30.906250,30.593750,30.906250,12.370655,3435600
1983-11-10,31.000000,31.437500,31.000000,31.312500,12.533256,4663200
1983-11-11,31.343750,31.812500,31.281250,31.718750,12.695857,3139200
1983-11-14,31.781250,31.937500,31.750000,31.875000,12.758407,4122400
1983-11-15,31.625000,31.906250,31.000000,31.125000,12.458206,5417200
1983-11-16,31.156250,31.468750,30.906250,31.187500,12.483232,4215200
1983-11-17,31.031250,31.125000,30.718750,30.843750,12.345638,3265200
1983-11-18,30.875000,30.937500,30.500000,30.875000,12.358144,3272400
1983-11-21,30.781250,31.375000,30.781250,31.312500,12.533256,3113200
1983-11-22,31.375000,31.406250,30.656250,30.750000,12.308113,3940000
1983-11-23,30.812500,30.843750,30.000000,30.218750,12.095474,7134400
1983-11-25,30.281250,30.437500,30.218750,30.250000,12.107980,2195200
1983-11-28,30.250000,30.250000,29.562500,29.812500,11.932873,5398800
1983-11-29,29.750000,30.437500,29.656250,30.406250,12.170523,5111200
1983-11-30,30.375000,30.562500,29.343750,29.343750,11.745247,5902800
1983-12-01,29.437500,29.875000,29.406250,29.718750,11.895339,5565200
1983-12-02,29.687500,29.812500,29.406250,29.468750,11.795274,4311600
1983-12-05,29.468750,29.781250,29.281250,29.656250,11.870324,4595200
1983-12-06,29.687500,29.812500,29.406250,29.406250,11.770260,3024400
1983-12-07,29.406250,29.843750,29.406250,29.812500,11.932873,3106000
1983-12-08,29.687500,29.968750,29.625000,29.750000,11.907847,3460800
1983-12-09,30.250000,30.593750,30.156250,30.562500,12.233054,6666800
1983-12-12,30.656250,31.125000,30.562500,31.000000,12.408181,4791600
1983-12-13,30.843750,31.093750,30.500000,30.531250,12.220559,3968000
1983-12-14,30.656250,30.781250,30.156250,30.218750,12.095474,3424800
1983-12-15,30.218750,30.406250,29.875000,29.875000,11.957883,4560400
1983-12-16,30.000000,30.218750,29.906250,30.218750,12.095474,2564000
1983-12-19,30.218750,30.593750,30.125000,30.312500,12.132996,4327200
1983-12-20,30.375000,30.656250,30.281250,30.437500,12.183032,3340800
1983-12-21,30.593750,30.906250,30.531250,30.906250,12.370655,3394000
1983-12-22,30.906250,31.031250,30.625000,30.718750,12.295602,3562400
1983-12-23,30.656250,30.937500,30.656250,30.906250,12.370655,2418400
1983-12-27,31.093750,31.187500,31.000000,31.156250,12.470719,2281200
1983-12-28,31.156250,31.156250,30.875000,31.062500,12.433192,3076800
1983-12-29,31.156250,31.218750,30.750000,30.781250,12.320622,2369200
1983-12-30,30.687500,30.843750,30.500000,30.500000,12.208050,1685600
1984-01-03,30.562500,30.843750,30.406250,30.437500,12.183032,2900000
1984-01-04,30.468750,31.000000,30.437500,30.968750,12.395679,7947600
1984-01-05,31.125000,31.250000,30.656250,31.062500,12.433192,5163200
1984-01-06,30.937500,31.125000,30.750000,30.875000,12.358144,3783600
1984-01-09,30.812500,31.000000,30.625000,30.812500,12.333124,2970000
1984-01-10,30.875000,30.968750,30.500000,30.562500,12.233054,2874800
1984-01-11,30.531250,30.687500,30.468750,30.562500,12.233054,3289200
1984-01-12,30.625000,30.750000,30.312500,30.312500,12.132996,3669200
1984-01-13,30.531250,30.562500,29.562500,29.750000,11.907847,7045200
1984-01-16,29.875000,30.125000,29.750000,30.125000,12.057950,4808800
1984-01-17,30.093750,30.250000,29.968750,30.250000,12.107980,3514800
1984-01-18,30.250000,30.468750,29.750000,30.125000,12.057950,8161200
1984-01-19,30.187500,30.187500,29.562500,29.718750,11.895339,8690400
1984-01-20,29.718750,29.781250,29.250000,29.250000,11.707716,11137200
1984-01-23,29.187500,29.281250,29.000000,29.031250,11.620158,5330800
1984-01-24,29.125000,29.312500,29.093750,29.187500,11.682701,4270800
1984-01-25,29.375000,29.437500,28.750000,28.843750,11.545113,6306000
1984-01-26,28.937500,28.968750,28.500000,28.656250,11.470055,5615200
1984-01-27,28.718750,28.750000,28.156250,28.718750,11.495070,5994800
1984-01-30,28.718750,28.750000,28.281250,28.468750,11.395008,5214800
1984-01-31,28.531250,28.687500,28.312500,28.531250,11.420028,6588400
1984-02-01,28.562500,28.656250,28.312500,28.437500,11.382504,5110000
1984-02-02,28.406250,28.625000,28.187500,28.593750,11.445042,4818800
1984-02-03,28.500000,28.593750,27.687500,27.687500,11.175115,5983600
1984-02-06,27.500000,27.718750,27.125000,27.187500,10.973314,9872000
1984-02-07,27.406250,27.687500,27.125000,27.625000,11.149899,10717600
1984-02-08,27.687500,27.718750,26.875000,26.937500,10.872408,6317200
1984-02-09,26.937500,27.531250,26.625000,27.250000,10.998548,9473600
1984-02-10,27.406250,27.625000,27.343750,27.468750,11.086836,6504000
1984-02-13,27.531250,27.562500,27.000000,27.250000,10.998548,3921200
1984-02-14,27.375000,27.750000,27.281250,27.718750,11.187740,4584000
1984-02-15,27.781250,27.843750,27.375000,27.406250,11.061604,4580000
1984-02-16,27.437500,27.593750,27.156250,27.406250,11.061604,4580800
1984-02-17,27.437500,27.625000,27.281250,27.437500,11.074228,2900400
1984-02-21,27.375000,27.468750,27.156250,27.343750,11.036384,2636800
1984-02-22,27.281250,27.718750,27.156250,27.281250,11.011154,4498400
1984-02-23,27.218750,27.312500,26.750000,27.312500,11.023769,5884000
1984-02-24,27.312500,27.875000,27.312500,27.812500,11.225576,4172000
1984-02-27,27.812500,28.375000,27.687500,28.218750,11.389546,5832000
1984-02-28,28.125000,28.125000,27.468750,27.500000,11.099451,4964000
1984-02-29,27.656250,27.937500,27.343750,27.562500,11.124679,4468000
1984-03-01,27.437500,27.906250,27.437500,27.875000,11.250806,3251600
1984-03-02,28.000000,28.218750,27.906250,28.000000,11.301252,4018000
1984-03-05,27.875000,27.875000,27.593750,27.750000,11.200350,3117600
1984-03-06,27.812500,27.906250,27.281250,27.312500,11.023769,3474000
1984-03-07,27.000000,27.062500,26.656250,26.906250,10.859800,6280000
1984-03-08,26.906250,27.312500,26.906250,27.125000,10.948089,3597600
1984-03-09,26.968750,27.156250,26.843750,27.000000,10.897640,2918400
1984-03-12,27.156250,27.625000,27.125000,27.562500,11.124679,5823600
1984-03-13,27.687500,28.000000,27.593750,27.656250,11.162511,5728000
1984-03-14,27.656250,27.875000,27.593750,27.750000,11.200350,3962800
1984-03-15,27.843750,28.125000,27.781250,28.000000,11.301252,3818000
1984-03-16,28.562500,28.562500,28.187500,28.437500,11.477836,8440000
1984-03-19,28.125000,28.500000,28.125000,28.500000,11.503066,3270400
1984-03-20,28.531250,28.843750,28.375000,28.687500,11.578739,4964000
1984-03-21,28.718750,28.875000,28.500000,28.500000,11.503066,3659600
1984-03-22,28.500000,28.500000,28.093750,28.187500,11.376935,3525600
1984-03-23,28.187500,28.250000,27.875000,28.062500,11.326481,3346800
1984-03-26,28.031250,28.312500,27.937500,28.062500,11.326481,7260000
1984-03-27,28.187500,28.468750,28.156250,28.468750,11.490447,4947600
1984-03-28,28.468750,28.843750,28.406250,28.843750,11.641808,4180000
1984-03-29,28.875000,28.937500,28.437500,28.437500,11.477836,3491200
1984-03-30,28.468750,28.656250,28.406250,28.468750,11.490447,2353600
1984-04-02,28.562500,28.656250,27.750000,28.000000,11.301252,8516000
1984-04-03,27.781250,28.125000,27.593750,28.000000,11.301252,8392000
1984-04-04,27.812500,27.875000,27.656250,27.750000,11.200350,2849600
1984-04-05,27.781250,27.843750,27.093750,27.187500,10.973314,5447200
1984-04-06,27.312500,27.437500,26.937500,27.437500,11.074228,5184000
1984-04-09,27.500000,27.500000,27.093750,27.406250,11.061604,3781600
1984-04-10,27.500000,27.687500,27.437500,27.500000,11.099451,3242400
1984-04-11,27.562500,27.593750,27.187500,27.218750,10.985929,2686800
1984-04-12,27.218750,28.187500,26.875000,28.125000,11.351708,7118400
1984-04-13,28.093750,28.375000,27.781250,27.812500,11.225576,5392800
1984-04-16,27.718750,28.218750,27.656250,28.187500,11.376935,3082000
1984-04-17,28.250000,28.375000,28.000000,28.062500,11.326481,3726000
1984-04-18,27.968750,28.062500,27.625000,27.781250,11.212965,2882800
1984-04-19,27.718750,27.781250,27.531250,27.687500,11.175115,4112000
1984-04-23,27.781250,27.843750,27.406250,27.468750,11.086836,3345600
1984-04-24,27.437500,27.906250,27.375000,27.687500,11.175115,4416000
1984-04-25,27.718750,28.062500,27.656250,27.968750,11.288646,3597600
1984-04-26,27.968750,28.375000,27.968750,28.312500,11.427386,4360000
1984-04-27,28.187500,28.562500,28.156250,28.312500,11.427386,4088000
1984-04-30,28.437500,28.656250,28.187500,28.437500,11.477836,4488000
1984-05-01,28.500000,29.125000,28.500000,29.125000,11.755322,5852000
1984-05-02,29.062500,29.312500,29.000000,29.062500,11.730096,5348000
1984-05-03,29.093750,29.093750,28.750000,28.906250,11.667031,3007600
1984-05-04,28.656250,28.718750,28.125000,28.187500,11.471181,3581200
1984-05-07,28.187500,28.343750,28.093750,28.312500,11.522059,2858000
1984-05-08,28.312500,28.562500,28.187500,28.562500,11.623787,2907600
1984-05-09,28.562500,28.718750,28.125000,28.218750,11.483901,4296000
1984-05-10,28.218750,28.343750,27.906250,28.093750,11.433033,4156000
1984-05-11,27.968750,28.031250,27.625000,27.812500,11.318572,3233600
1984-05-14,27.687500,28.062500,27.625000,28.062500,11.420311,2620000
1984-05-15,28.093750,28.312500,28.062500,28.250000,11.496615,3570800
1984-05-16,28.218750,28.218750,27.937500,27.968750,11.382153,3562000
1984-05-17,27.906250,27.937500,27.406250,27.625000,11.242267,4363600
1984-05-18,27.625000,27.718750,27.156250,27.343750,11.127805,6192000
1984-05-21,27.312500,27.437500,27.062500,27.156250,11.051505,3666800
1984-05-22,27.125000,27.125000,26.875000,26.968750,10.975203,4760000
1984-05-23,27.031250,27.250000,26.937500,26.937500,10.962474,4228000
1984-05-24,26.968750,27.031250,26.531250,26.687500,10.860733,4656000
1984-05-25,26.750000,26.968750,26.687500,26.812500,10.911614,3700000
1984-05-29,26.781250,26.906250,26.437500,26.656250,10.848027,3008400
1984-05-30,26.531250,27.125000,26.406250,26.875000,10.937046,4721200
1984-05-31,26.906250,27.187500,26.875000,26.937500,10.962474,4687200
1984-06-01,26.937500,27.156250,26.812500,26.968750,10.975203,4840000
1984-06-04,27.218750,27.312500,27.000000,27.062500,11.013351,4656000
1984-06-05,26.906250,26.906250,26.250000,26.343750,10.720848,7876000
1984-06-06,26.281250,26.500000,25.843750,26.437500,10.759001,10852000
1984-06-07,26.312500,26.562500,26.187500,26.406250,10.746290,5044000
1984-06-08,26.375000,26.500000,26.156250,26.437500,10.759001,4424000
1984-06-11,26.375000,26.375000,26.031250,26.062500,10.606395,3668000
1984-06-12,26.062500,26.218750,25.937500,26.125000,10.631826,5092000
1984-06-13,26.281250,26.375000,26.062500,26.093750,10.619114,3366800
1984-06-14,26.000000,26.031250,25.125000,25.187500,10.250303,7984000
1984-06-15,25.250000,25.281250,24.781250,24.781250,10.084974,10028000
1984-06-18,24.843750,25.468750,24.750000,25.437500,10.352044,5676000
1984-06-19,25.531250,25.937500,25.468750,25.656250,10.441062,6048000
1984-06-20,25.500000,25.625000,25.406250,25.531250,10.390194,7052000
1984-06-21,26.750000,27.000000,26.343750,26.468750,10.771718,7544000
1984-06-22,26.375000,26.625000,26.281250,26.312500,10.708134,3634400
1984-06-25,26.500000,26.562500,26.343750,26.375000,10.733570,2998400
1984-06-26,26.281250,26.375000,25.781250,26.031250,10.593678,3797600
1984-06-27,26.031250,26.125000,25.687500,25.781250,10.491939,4452000
1984-06-28,25.781250,26.406250,25.750000,26.281250,10.695416,2909600
1984-06-29,26.312500,26.625000,26.281250,26.437500,10.759001,4548000
1984-07-02,26.437500,26.437500,26.187500,26.437500,10.759001,2414000
1984-07-03,26.531250,26.843750,26.531250,26.781250,10.898893,2196800
1984-07-05,26.812500,26.875000,26.562500,26.562500,10.809873,2097600
1984-07-06,26.437500,26.500000,26.156250,26.437500,10.759001,2085600
1984-07-09,26.531250,26.875000,26.343750,26.812500,10.911614,2818800
1984-07-10,26.781250,26.843750,26.562500,26.781250,10.898893,3209600
1984-07-11,26.625000,26.781250,26.312500,26.312500,10.708134,3590000
1984-07-12,26.312500,26.406250,26.031250,26.093750,10.619114,4304000
1984-07-13,26.250000,26.437500,26.000000,26.312500,10.708134,3420400
1984-07-16,26.437500,26.812500,26.125000,26.812500,10.911614,3702800
1984-07-17,26.781250,27.093750,26.687500,27.031250,11.000636,4188000
1984-07-18,26.968750,27.031250,26.781250,26.812500,10.911614,2499200
1984-07-19,26.843750,26.843750,26.562500,26.687500,10.860733,3580800
1984-07-20,26.625000,26.812500,26.375000,26.750000,10.886180,3240000
1984-07-23,26.375000,26.593750,26.281250,26.531250,10.797161,3722800
1984-07-24,26.593750,26.750000,26.281250,26.343750,10.720848,2840800
1984-07-25,26.375000,26.937500,26.125000,26.781250,10.898893,6364000
1984-07-26,26.781250,27.187500,26.687500,27.062500,11.013351,4008000
1984-07-27,27.093750,27.406250,26.968750,27.250000,11.089664,4236000
1984-07-30,27.187500,27.343750,27.062500,27.093750,11.026073,2441600
1984-07-31,27.250000,27.718750,27.218750,27.656250,11.254987,5120000
1984-08-01,27.750000,28.312500,27.718750,28.218750,11.483901,5872000
1984-08-02,28.375000,28.781250,28.375000,28.718750,11.687377,7364000
1984-08-03,29.312500,30.312500,29.250000,30.062500,12.234235,13036000
1984-08-06,30.000000,31.000000,30.000000,30.437500,12.386840,9964000
1984-08-07,30.000000,30.687500,30.000000,30.312500,12.335970,6848000
1984-08-08,30.125000,30.250000,29.562500,29.625000,12.166567,6900000
1984-08-09,29.656250,30.812500,29.625000,30.687500,12.602921,6516000
1984-08-10,31.062500,31.218750,30.187500,30.281250,12.436076,9204000
1984-08-13,30.156250,30.687500,30.000000,30.562500,12.551581,4660000
1984-08-14,30.687500,30.812500,30.187500,30.312500,12.448914,3234800
1984-08-15,30.281250,30.875000,30.250000,30.468750,12.513078,4476000
1984-08-16,30.562500,30.906250,30.562500,30.781250,12.641419,4156000
1984-08-17,30.812500,30.968750,30.625000,30.750000,12.628583,3680400
1984-08-20,30.781250,30.875000,30.625000,30.812500,12.654247,3445200
1984-08-21,30.937500,31.687500,30.875000,31.468750,12.923777,8992000
1984-08-22,31.500000,31.593750,31.000000,31.000000,12.731256,5812000
1984-08-23,31.031250,31.437500,30.968750,31.218750,12.821093,3980800
1984-08-24,31.281250,31.406250,31.062500,31.375000,12.885267,2719200
1984-08-27,31.000000,31.187500,30.906250,31.187500,12.808269,2558000
1984-08-28,31.250000,31.437500,31.093750,31.343750,12.872433,2413600
1984-08-29,31.375000,31.500000,31.062500,31.062500,12.756922,3103200
1984-08-30,31.187500,31.218750,30.843750,30.906250,12.692754,2182000
1984-08-31,30.750000,31.031250,30.750000,30.937500,12.705591,2196000
1984-09-04,30.750000,30.781250,30.468750,30.625000,12.577250,2562400
1984-09-05,30.500000,30.656250,30.406250,30.625000,12.577250,3408000
1984-09-06,30.781250,31.062500,30.718750,30.843750,12.667089,3726400
1984-09-07,30.968750,30.968750,30.312500,30.406250,12.487415,3119600
1984-09-10,30.250000,30.843750,30.218750,30.687500,12.602921,3843200
1984-09-11,30.687500,31.125000,30.562500,30.562500,12.551581,5728000
1984-09-12,30.625000,30.843750,30.500000,30.625000,12.577250,3160000
1984-09-13,30.812500,31.531250,30.656250,31.531250,12.949434,4432000
1984-09-14,31.718750,31.937500,31.562500,31.687500,13.013617,5784000
1984-09-17,31.562500,32.125000,31.531250,31.906250,13.103436,4524000
1984-09-18,31.843750,31.968750,31.625000,31.656250,13.000769,4284000
1984-09-19,31.593750,32.093750,31.250000,31.468750,12.923777,6392000
1984-09-20,31.406250,31.562500,31.281250,31.500000,12.936603,4904000
1984-09-21,31.406250,31.875000,30.906250,31.062500,12.756922,5564000
1984-09-24,31.093750,31.281250,30.906250,30.937500,12.705591,3347200
1984-09-25,30.968750,31.187500,30.687500,31.000000,12.731256,4528000
1984-09-26,31.031250,31.500000,31.000000,31.156250,12.795430,4132000
1984-09-27,31.312500,31.500000,31.312500,31.437500,12.910932,2852800
1984-09-28,31.375000,31.531250,31.000000,31.062500,12.756922,2836000
1984-10-01,30.937500,30.937500,30.562500,30.656250,12.590079,3288400
1984-10-02,30.687500,30.906250,30.437500,30.437500,12.500245,4056000
1984-10-03,30.468750,30.625000,30.125000,30.312500,12.448914,5104000
1984-10-04,30.437500,30.562500,30.250000,30.468750,12.513078,2888000
1984-10-05,30.593750,30.593750,30.281250,30.312500,12.448914,2298000
1984-10-08,30.218750,30.250000,30.062500,30.250000,12.423250,1736000
1984-10-09,30.500000,30.562500,30.125000,30.125000,12.371909,3671600
1984-10-10,30.218750,30.437500,29.687500,30.406250,12.487415,6940000
1984-10-11,30.437500,30.531250,30.031250,30.062500,12.346239,5528000
1984-10-12,30.187500,30.562500,30.156250,30.468750,12.513078,4800000
1984-10-15,30.375000,30.843750,30.343750,30.625000,12.577250,4300000
1984-10-16,30.593750,30.687500,30.125000,30.312500,12.448914,4616000
1984-10-17,30.156250,30.750000,30.156250,30.468750,12.513078,3079600
1984-10-18,30.500000,31.562500,30.437500,31.500000,12.936603,1384000
1984-10-19,31.937500,31.937500,30.937500,31.281250,12.846760,7480000
1984-10-22,31.250000,31.625000,31.218750,31.437500,12.910932,3840400
1984-10-23,31.531250,31.843750,31.500000,31.656250,13.000769,4880000
1984-10-24,31.562500,31.843750,31.562500,31.687500,13.013617,3421200
1984-10-25,31.687500,31.687500,31.218750,31.250000,12.833929,4264000
1984-10-26,31.000000,31.281250,30.937500,31.031250,12.744092,2568000
1984-10-29,31.062500,31.218750,31.031250,31.218750,12.821093,1527600
1984-10-30,31.281250,31.781250,31.281250,31.687500,13.013617,3962000
1984-10-31,31.375000,31.687500,31.156250,31.156250,12.907440,3506800
1984-11-01,31.437500,31.718750,31.312500,31.500000,13.049857,4800000
1984-11-02,31.500000,31.625000,31.437500,31.468750,13.036915,3092000
1984-11-05,31.468750,31.718750,30.937500,31.687500,13.127534,2358800
1984-11-06,31.656250,31.937500,31.625000,31.875000,13.205203,5080000
1984-11-07,31.750000,31.781250,31.343750,31.437500,13.023961,6672000
1984-11-08,31.250000,31.437500,31.062500,31.437500,13.023961,4204000
1984-11-09,31.343750,31.375000,30.812500,30.812500,12.765031,3776800
1984-11-12,30.812500,31.000000,30.687500,31.000000,12.842716,3130800
1984-11-13,30.937500,31.062500,30.625000,30.687500,12.713253,4440000
1984-11-14,30.687500,30.937500,30.500000,30.781250,12.752090,3951600
1984-11-15,30.750000,30.812500,30.500000,30.687500,12.713253,2830400
1984-11-16,30.781250,30.781250,30.281250,30.375000,12.583780,4472000
1984-11-19,30.406250,30.406250,29.875000,30.000000,12.428432,4292000
1984-11-20,30.062500,30.343750,30.031250,30.312500,12.557899,5440000
1984-11-21,30.281250,30.343750,29.906250,30.250000,12.532003,4252000
1984-11-23,30.375000,30.656250,30.281250,30.656250,12.700298,4092000
1984-11-26,30.718750,30.812500,30.531250,30.656250,12.700298,4052000
1984-11-27,30.781250,31.281250,30.687500,31.187500,12.920402,5268000
1984-11-28,31.218750,31.218750,30.750000,30.781250,12.752090,3790800
1984-11-29,30.718750,30.781250,30.406250,30.500000,12.635577,4136000
1984-11-30,30.406250,30.562500,30.187500,30.437500,12.609679,3326800
1984-12-03,30.312500,30.343750,29.875000,30.000000,12.428432,5212000
1984-12-04,30.062500,30.250000,30.000000,30.062500,12.454325,3988000
1984-12-05,30.062500,30.062500,29.343750,29.468750,12.208347,5104000
1984-12-06,29.437500,29.875000,29.312500,29.625000,12.273079,5696000
1984-12-07,29.625000,29.781250,29.125000,29.281250,12.130663,4060000
1984-12-10,29.281250,29.562500,29.000000,29.468750,12.208347,6844000
1984-12-11,29.593750,29.781250,29.437500,29.781250,12.337811,5140000
1984-12-12,29.781250,29.843750,29.593750,29.687500,12.298967,2748800
1984-12-13,29.687500,29.906250,29.375000,29.437500,12.195399,4588000
1984-12-14,29.468750,30.062500,29.468750,29.687500,12.298967,5464000
1984-12-17,29.437500,29.750000,29.281250,29.750000,12.324868,4244000
1984-12-18,30.062500,30.812500,30.000000,30.781250,12.752090,7976000
1984-12-19,30.750000,31.125000,30.593750,30.750000,12.739141,6568000
1984-12-20,30.812500,30.968750,30.531250,30.593750,12.674420,3992000
1984-12-21,30.593750,30.937500,30.000000,30.937500,12.816824,5472000
1984-12-24,30.843750,31.125000,30.812500,31.062500,12.868611,3016800
1984-12-26,30.937500,31.062500,30.906250,30.937500,12.816824,1673200
1984-12-27,30.937500,31.062500,30.687500,30.781250,12.752090,2020800
1984-12-28,30.781250,31.000000,30.687500,30.875000,12.790932,2286400
1984-12-31,30.968750,30.968750,30.718750,30.781250,12.752090,2739200
1985-01-02,30.593750,30.656250,30.187500,30.250000,12.532003,3490000
1985-01-03,30.093750,30.562500,29.968750,30.000000,12.428432,5552000
1985-01-04,30.000000,30.093750,29.750000,29.937500,12.402536,4028000
1985-01-07,30.093750,30.218750,29.937500,30.093750,12.467276,4672000
1985-01-08,30.031250,30.125000,29.812500,29.937500,12.402536,4492000
1985-01-09,29.968750,30.187500,29.875000,30.093750,12.467276,5244000
1985-01-10,29.968750,30.937500,29.906250,30.937500,12.816824,6560000
1985-01-11,30.906250,31.000000,30.531250,30.687500,12.713253,4456000
1985-01-14,30.687500,31.312500,30.125000,31.187500,12.920402,7772000
1985-01-15,31.312500,31.406250,31.031250,31.156250,12.907440,6504000
1985-01-16,31.218750,31.375000,30.906250,30.968750,12.829767,5440000
1985-01-17,31.093750,31.156250,30.750000,30.906250,12.803871,4280000
1985-01-18,30.906250,31.250000,30.906250,31.031250,12.855660,4652000
1985-01-21,31.187500,32.125000,31.093750,32.062500,13.282887,8524000
1985-01-22,32.312500,32.656250,32.281250,32.406250,13.425296,10156000
1985-01-23,32.375000,33.156250,32.312500,33.125000,13.723064,9080000
1985-01-24,33.156250,33.625000,33.093750,33.281250,13.787788,7304000
1985-01-25,33.281250,33.531250,33.156250,33.312500,13.800743,4848000
1985-01-28,33.375000,33.812500,33.312500,33.656250,13.943147,7748000
1985-01-29,33.625000,34.250000,33.437500,34.250000,14.189124,4516000
1985-01-30,34.375000,34.406250,34.031250,34.156250,14.150289,6252000
1985-01-31,34.062500,34.218750,33.812500,34.093750,14.124395,4864000
1985-02-01,33.906250,34.156250,33.843750,33.906250,14.046719,3321600
1985-02-04,33.750000,34.562500,33.750000,34.406250,14.253860,5384000
1985-02-05,34.406250,34.562500,34.000000,34.125000,14.137347,5064000
1985-02-06,33.812500,34.156250,33.750000,33.843750,14.134736,5188000
1985-02-07,33.968750,34.406250,33.968750,34.281250,14.317449,4236000
1985-02-08,34.312500,34.468750,34.187500,34.312500,14.330504,3395600
1985-02-11,34.312500,34.312500,33.187500,33.375000,13.938962,10056000
1985-02-12,32.875000,33.250000,32.812500,32.937500,13.756238,8888000
1985-02-13,32.937500,33.656250,32.937500,33.437500,13.965062,6312000
1985-02-14,33.562500,33.656250,33.000000,33.000000,13.782339,5372000
1985-02-15,33.062500,33.187500,32.687500,32.843750,13.717085,4260000
1985-02-19,32.875000,33.062500,32.812500,32.968750,13.769285,2928400
1985-02-20,33.000000,33.718750,32.968750,33.437500,13.965062,5824000
1985-02-21,33.375000,33.625000,33.250000,33.437500,13.965062,3353600
1985-02-22,33.406250,33.562500,33.031250,33.218750,13.873695,3678000
1985-02-25,33.187500,33.468750,33.031250,33.468750,13.978111,3060800
1985-02-26,33.343750,33.875000,33.312500,33.625000,14.043371,4600000
1985-02-27,33.531250,33.750000,33.187500,33.281250,13.899799,3470400
1985-02-28,33.187500,33.625000,33.187500,33.500000,13.991167,3529600
1985-03-01,33.625000,34.187500,33.500000,33.968750,14.186936,5532000
1985-03-04,34.062500,34.093750,33.593750,33.750000,14.095586,3560400
1985-03-05,33.843750,33.968750,33.656250,33.750000,14.095586,4040000
1985-03-06,33.781250,33.875000,33.187500,33.218750,13.873695,4120000
1985-03-07,33.093750,33.343750,32.500000,32.531250,13.586567,7028000
1985-03-08,32.625000,32.750000,32.281250,32.406250,13.534367,6892000
1985-03-11,32.468750,32.937500,32.437500,32.875000,13.730146,4204000
1985-03-12,32.750000,33.125000,32.750000,32.968750,13.769285,3518400
1985-03-13,32.875000,33.000000,32.343750,32.500000,13.573517,4772000
1985-03-14,32.375000,32.593750,32.187500,32.218750,13.456052,5088000
1985-03-15,32.250000,32.500000,32.000000,32.156250,13.429954,4788000
1985-03-18,32.156250,32.468750,32.000000,32.093750,13.403852,4824000
1985-03-19,32.156250,32.781250,32.062500,32.625000,13.625724,4148000
1985-03-20,32.343750,32.656250,32.250000,32.343750,13.508265,4476000
1985-03-21,32.250000,32.500000,32.031250,32.187500,13.443007,6208000
1985-03-22,32.156250,32.187500,31.937500,31.937500,13.338592,4788000
1985-03-25,32.000000,32.000000,31.125000,31.125000,12.999251,8228000
1985-03-26,31.093750,31.406250,31.031250,31.343750,13.090615,5616000
1985-03-27,31.406250,31.656250,31.375000,31.593750,13.195027,4396000
1985-03-28,31.750000,31.906250,31.593750,31.656250,13.221126,3973600
1985-03-29,31.718750,31.781250,31.406250,31.750000,13.260287,2780000
1985-04-01,31.750000,32.062500,31.718750,32.031250,13.377753,3363200
1985-04-02,32.093750,32.375000,31.875000,31.937500,13.338592,3796000
1985-04-03,31.875000,31.906250,31.562500,31.625000,13.208080,3312000
1985-04-04,31.625000,31.812500,31.375000,31.750000,13.260287,2147200
1985-04-08,31.718750,31.750000,30.968750,30.968750,12.933997,4876000
1985-04-09,31.093750,31.343750,31.062500,31.156250,13.012308,3878800
1985-04-10,31.375000,31.656250,31.250000,31.468750,13.142819,4064000
1985-04-11,31.625000,31.906250,31.468750,31.750000,13.260287,4940000
1985-04-12,31.781250,32.031250,31.718750,32.000000,13.364696,3808000
1985-04-15,31.968750,32.437500,31.968750,32.312500,13.495209,4132000
1985-04-16,32.343750,32.593750,32.125000,32.437500,13.547415,4660000
1985-04-17,32.500000,32.531250,32.312500,32.406250,13.534367,3606800
1985-04-18,32.500000,32.500000,31.843750,31.875000,13.312496,3995200
1985-04-19,31.906250,32.031250,31.718750,31.906250,13.325534,2958800
1985-04-22,32.000000,32.000000,31.687500,31.937500,13.338592,2596400
1985-04-23,31.875000,32.312500,31.812500,32.250000,13.469108,3876800
1985-04-24,32.281250,32.281250,31.812500,32.156250,13.429954,3285600
1985-04-25,32.062500,32.250000,32.031250,32.218750,13.456052,3944000
1985-04-26,32.187500,32.437500,31.781250,31.781250,13.273337,2798400
1985-04-29,31.718750,31.781250,31.531250,31.562500,13.181965,3251200
1985-04-30,31.593750,31.687500,31.375000,31.625000,13.208080,5120000
1985-05-01,31.593750,31.718750,31.281250,31.406250,13.116716,4540000
1985-05-02,31.468750,31.718750,31.187500,31.343750,13.090615,5036000
1985-05-03,31.312500,31.406250,31.156250,31.250000,13.166980,3082000
1985-05-06,31.250000,31.406250,31.187500,31.187500,13.140645,2317600
1985-05-07,31.281250,31.562500,31.250000,31.437500,13.245981,3091600
1985-05-08,31.437500,31.812500,31.343750,31.781250,13.390823,3702800
1985-05-09,31.843750,32.062500,31.750000,31.968750,13.469815,3913200
1985-05-10,32.218750,32.718750,32.125000,32.531250,13.706825,8956000
1985-05-13,32.562500,32.656250,32.437500,32.562500,13.719997,4628000
1985-05-14,32.656250,32.718750,31.937500,32.000000,13.482991,6204000
1985-05-15,31.968750,32.312500,31.937500,32.125000,13.535654,4140000
1985-05-16,32.187500,32.375000,32.125000,32.250000,13.588328,3924000
1985-05-17,32.187500,32.812500,32.156250,32.687500,13.772661,5360000
1985-05-20,33.000000,33.312500,32.843750,33.250000,14.009673,6864000
1985-05-21,33.156250,33.312500,33.093750,33.250000,14.009673,4840000
1985-05-22,33.187500,33.187500,32.968750,33.156250,13.970167,3428400
1985-05-23,33.093750,33.093750,32.812500,32.843750,13.838500,3316000
1985-05-24,32.812500,32.906250,32.687500,32.718750,13.785826,2700800
1985-05-28,32.843750,32.937500,32.437500,32.593750,13.733166,3684000
1985-05-29,32.531250,32.562500,32.312500,32.437500,13.667328,3756000
1985-05-30,32.375000,32.375000,31.812500,32.000000,13.482991,6664000
1985-05-31,31.812500,32.500000,31.812500,32.156250,13.548824,5480000
1985-06-03,32.343750,32.375000,32.062500,32.281250,13.601486,5040000
1985-06-04,32.312500,32.531250,32.187500,32.437500,13.667328,4704000
1985-06-05,32.593750,32.656250,32.125000,32.125000,13.535654,6576000
1985-06-06,32.062500,32.437500,31.906250,32.437500,13.667328,4768000
1985-06-07,32.468750,32.468750,31.812500,31.843750,13.417161,4728000
1985-06-10,31.843750,31.968750,31.718750,31.906250,13.443482,3453600
1985-06-11,32.000000,32.062500,31.500000,31.500000,13.272320,5688000
1985-06-12,31.437500,31.531250,30.156250,30.187500,12.719311,10212000
1985-06-13,29.968750,30.062500,29.562500,29.656250,12.495470,15040000
1985-06-14,29.875000,30.281250,29.843750,30.281250,12.758803,7008000
1985-06-17,30.125000,30.125000,29.812500,30.031250,12.653474,5264000
1985-06-18,30.000000,30.406250,29.781250,29.968750,12.627140,7276000
1985-06-19,29.968750,30.218750,29.812500,29.843750,12.574465,5072000
1985-06-20,29.843750,29.937500,29.343750,29.687500,12.508633,5592000
1985-06-21,29.625000,29.937500,29.593750,29.843750,12.574465,5460000
1985-06-24,29.812500,30.281250,29.687500,30.218750,12.732477,4500000
1985-06-25,30.437500,30.843750,30.343750,30.500000,12.850981,7004000
1985-06-26,30.562500,30.812500,30.500000,30.781250,12.969482,3616000
1985-06-27,30.937500,31.062500,30.781250,31.000000,13.061646,4600000
1985-06-28,31.093750,31.125000,30.875000,30.937500,13.035309,3282000
1985-07-01,30.937500,31.250000,30.750000,31.218750,13.153814,3560000
1985-07-02,31.218750,31.343750,31.062500,31.093750,13.101143,4256000
1985-07-03,31.093750,31.156250,30.812500,30.937500,13.035309,2667600
1985-07-05,31.062500,31.218750,31.031250,31.125000,13.114312,1475600
1985-07-08,31.125000,31.125000,30.812500,30.875000,13.008979,3168000
1985-07-09,30.781250,30.812500,30.125000,30.312500,12.771972,4792000
1985-07-10,30.281250,30.843750,30.000000,30.750000,12.956310,6748000
1985-07-11,30.750000,31.031250,30.718750,30.937500,13.035309,4160000
1985-07-12,30.906250,31.156250,30.812500,31.062500,13.087986,3947200
1985-07-15,31.062500,31.687500,30.843750,31.375000,13.219651,6228000
1985-07-16,31.531250,32.187500,31.375000,32.125000,13.535654,6404000
1985-07-17,32.500000,32.562500,32.250000,32.343750,13.627831,7520000
1985-07-18,32.125000,32.500000,32.093750,32.187500,13.561996,6908000
1985-07-19,32.218750,32.500000,32.187500,32.312500,13.614660,5524000
1985-07-22,32.281250,32.468750,32.156250,32.468750,13.680487,4300000
1985-07-23,32.437500,32.968750,32.250000,32.343750,13.627831,7516000
1985-07-24,32.343750,32.468750,31.906250,32.281250,13.601486,5852000
1985-07-25,32.281250,32.562500,32.156250,32.562500,13.719997,6152000
1985-07-26,32.562500,33.125000,32.531250,33.000000,13.904332,5680000
1985-07-29,33.000000,33.000000,32.343750,32.406250,13.654165,4064000
1985-07-30,32.343750,32.687500,32.281250,32.625000,13.746330,4556000
1985-07-31,32.687500,32.968750,32.625000,32.843750,13.838500,5528000
1985-08-01,32.937500,33.187500,32.906250,33.125000,13.957005,5440000
1985-08-02,33.062500,33.062500,32.843750,32.906250,13.864840,2667200
1985-08-05,32.843750,32.875000,32.625000,32.812500,13.825336,2681600
1985-08-06,32.875000,32.937500,32.281250,32.343750,13.627831,4280000
1985-08-07,32.281250,32.437500,32.250000,32.312500,13.614660,3816000
1985-08-08,32.125000,32.218750,31.812500,32.093750,13.638567,4468000
1985-08-09,32.093750,32.156250,31.812500,31.843750,13.532330,2764000
1985-08-12,31.781250,31.843750,31.656250,31.781250,13.505765,3920000
1985-08-13,31.750000,31.875000,31.437500,31.656250,13.452643,2983200
1985-08-14,31.718750,32.281250,31.687500,31.687500,13.465925,2174800
1985-08-15,31.750000,31.812500,31.437500,31.593750,13.426084,2894000
1985-08-16,31.500000,31.593750,31.375000,31.437500,13.359683,3217600
1985-08-19,31.437500,31.593750,31.437500,31.468750,13.372963,2046000
1985-08-20,31.687500,31.937500,31.468750,31.875000,13.545609,3700000
1985-08-21,31.937500,32.093750,31.906250,32.093750,13.638567,2836000
1985-08-22,32.093750,32.093750,31.593750,31.656250,13.452643,3159200
1985-08-23,31.718750,31.781250,31.593750,31.718750,13.479203,2554000
1985-08-26,31.656250,32.062500,31.593750,32.062500,13.625289,2447600
1985-08-27,32.156250,32.218750,31.937500,32.062500,13.625289,3147200
1985-08-28,32.125000,32.156250,31.875000,32.000000,13.598728,2384000
1985-08-29,32.000000,32.000000,31.812500,31.875000,13.545609,2020400
1985-08-30,31.875000,31.906250,31.625000,31.656250,13.452643,2500400
1985-09-03,31.656250,31.875000,31.625000,31.781250,13.505765,4076000
1985-09-04,31.812500,31.812500,31.625000,31.812500,13.519046,2949200
1985-09-05,31.875000,32.156250,31.750000,32.093750,13.638567,3952000
1985-09-06,32.156250,32.437500,32.156250,32.281250,13.718240,4240000
1985-09-09,32.375000,32.625000,32.312500,32.343750,13.744812,4432000
1985-09-10,32.375000,32.375000,31.906250,31.968750,13.585437,3779200
1985-09-11,31.906250,32.125000,31.750000,31.812500,13.519046,3344000
1985-09-12,31.843750,32.125000,31.687500,31.781250,13.505765,5552000
1985-09-13,31.875000,32.000000,31.531250,31.875000,13.545609,4892000
1985-09-16,31.968750,32.125000,31.875000,32.093750,13.638567,2749200
1985-09-17,32.093750,32.125000,31.625000,31.687500,13.465925,3924000
1985-09-18,31.687500,32.000000,31.625000,31.875000,13.545609,6544000
1985-09-19,31.750000,32.000000,31.625000,32.000000,13.598728,5972000
1985-09-20,31.906250,32.000000,31.593750,31.687500,13.465925,4360000
1985-09-23,32.062500,32.093750,31.906250,32.031250,13.612011,6540000
1985-09-24,31.968750,32.000000,31.562500,31.687500,13.465925,3752000
1985-09-25,31.718750,31.750000,30.937500,31.000000,13.173763,8548000
1985-09-26,30.937500,30.968750,30.562500,30.937500,13.147200,8500000
1985-09-30,31.000000,31.062500,30.750000,30.968750,13.160484,4220000
1985-10-01,31.000000,31.656250,30.968750,31.656250,13.452643,5560000
1985-10-02,31.718750,31.750000,31.093750,31.093750,13.213601,5920000
1985-10-03,31.093750,31.312500,30.937500,31.093750,13.213601,5600000
1985-10-04,30.750000,31.093750,30.718750,30.875000,13.120644,4040000
1985-10-07,30.843750,31.250000,30.781250,31.062500,13.200328,4400000
1985-10-08,31.125000,31.187500,30.875000,31.093750,13.213601,3343600
1985-10-09,31.093750,31.343750,31.062500,31.062500,13.200328,3050000
1985-10-10,31.093750,31.187500,30.937500,31.093750,13.213601,3544000
1985-10-11,31.125000,31.562500,30.906250,31.406250,13.346403,5520000
1985-10-14,31.468750,32.031250,31.343750,32.000000,13.598728,5536000
1985-10-15,32.093750,32.250000,31.750000,32.000000,13.598728,5412000
1985-10-16,32.000000,32.375000,31.875000,32.343750,13.744812,4640000
1985-10-17,32.312500,32.500000,32.062500,32.125000,13.651841,5400000
1985-10-18,32.187500,32.250000,31.906250,31.906250,13.558876,3583200
1985-10-21,31.937500,31.968750,31.812500,31.875000,13.545609,2540800
1985-10-22,31.937500,32.531250,31.906250,32.281250,13.718240,5016000
1985-10-23,32.375000,32.718750,32.343750,32.625000,13.864325,6900000
1985-10-24,32.718750,32.812500,32.062500,32.156250,13.665125,4760000
1985-10-25,32.093750,32.218750,31.875000,32.000000,13.598728,3100800
1985-10-28,31.875000,32.343750,31.875000,32.343750,13.744812,3061600
1985-10-29,32.406250,32.843750,32.375000,32.625000,13.864325,4184000
1985-10-30,32.750000,32.843750,32.562500,32.781250,13.930726,5880000
1985-10-31,32.687500,32.687500,32.343750,32.468750,13.797916,4600000
1985-11-01,32.406250,32.781250,32.406250,32.718750,13.904160,4520000
1985-11-04,32.750000,33.156250,32.625000,33.062500,14.050245,6920000
1985-11-05,33.125000,33.500000,33.062500,33.343750,14.169765,7316000
1985-11-06,33.218750,33.312500,32.812500,33.218750,14.234038,7916000
1985-11-07,33.000000,33.187500,32.906250,33.031250,14.153704,4160000
1985-11-08,33.031250,33.250000,32.937500,33.125000,14.193863,4724000
1985-11-11,33.218750,33.718750,33.156250,33.656250,14.421504,6648000
1985-11-12,33.718750,34.093750,33.687500,33.843750,14.501845,9420000
1985-11-13,33.906250,33.937500,33.656250,33.750000,14.461676,5616000
1985-11-14,33.718750,34.250000,33.687500,34.156250,14.635760,5372000
1985-11-15,34.093750,34.593750,34.093750,34.187500,14.649138,8264000
1985-11-18,34.218750,34.656250,34.156250,34.625000,14.836610,4720000
1985-11-19,34.750000,34.812500,34.312500,34.562500,14.809825,6596000
1985-11-20,34.531250,34.781250,34.468750,34.750000,14.890182,3935600
1985-11-21,34.875000,35.062500,34.750000,35.062500,15.024074,6856000
1985-11-22,35.031250,35.125000,34.812500,34.875000,14.943722,4280000
1985-11-25,34.875000,34.875000,34.593750,34.750000,14.890182,2474000
1985-11-26,34.781250,34.937500,34.687500,34.750000,14.890182,2822000
1985-11-27,34.781250,35.125000,34.750000,35.062500,15.024074,4280000
1985-11-29,35.187500,35.187500,34.812500,34.937500,14.970521,2055200
1985-12-02,34.937500,34.968750,34.437500,34.468750,14.769650,2686000
1985-12-03,34.437500,34.656250,34.406250,34.656250,14.849993,3202800
1985-12-04,34.718750,35.468750,34.656250,35.468750,15.198150,4848000
1985-12-05,35.437500,35.718750,35.156250,35.187500,15.077641,7620000
1985-12-06,35.125000,35.437500,35.062500,35.437500,15.184759,6552000
1985-12-09,35.593750,36.218750,35.531250,36.156250,15.492737,6648000
1985-12-10,36.156250,37.000000,36.062500,36.656250,15.706992,7760000
1985-12-11,36.656250,37.343750,36.656250,37.250000,15.961398,7940000
1985-12-12,37.218750,37.343750,36.750000,37.156250,15.921232,5600000
1985-12-13,37.312500,37.875000,37.281250,37.562500,16.095304,7560000
1985-12-16,37.593750,38.375000,37.500000,38.062500,16.309555,6320000
1985-12-17,38.281250,38.625000,37.875000,38.125000,16.336338,7140000
1985-12-18,38.125000,38.468750,37.906250,38.218750,16.376505,6100000
1985-12-19,38.156250,38.500000,38.093750,38.437500,16.470238,4400000
1985-12-20,38.625000,39.156250,38.437500,38.562500,16.523802,8512000
1985-12-23,38.500000,38.781250,38.343750,38.500000,16.497030,4880000
1985-12-24,38.468750,38.656250,37.812500,38.187500,16.363113,4040000
1985-12-26,38.218750,38.437500,38.031250,38.312500,16.416677,2248000
1985-12-27,38.468750,38.906250,38.437500,38.843750,16.644320,2884000
1985-12-30,39.062500,39.625000,39.000000,39.562500,16.952286,3812000
1985-12-31,39.687500,39.687500,38.750000,38.875000,16.657703,3696400
1986-01-02,38.687500,38.718750,37.906250,38.000000,16.282770,7218400
1986-01-03,38.093750,38.593750,38.093750,38.593750,16.537197,4239200
1986-01-06,38.656250,38.718750,38.281250,38.593750,16.537197,3208800
1986-01-07,38.718750,39.125000,38.593750,38.906250,16.671089,5775600
1986-01-08,39.000000,39.000000,36.750000,37.218750,15.948025,7839600
1986-01-09,37.062500,37.593750,36.812500,37.593750,16.108702,8873600
1986-01-10,37.718750,37.750000,37.000000,37.125000,15.907839,5160800
1986-01-13,37.062500,37.406250,36.968750,37.250000,15.961398,4582800
1986-01-14,37.437500,37.468750,37.187500,37.312500,15.988188,3540400
1986-01-15,37.375000,38.187500,37.312500,38.156250,16.349726,5574400
1986-01-16,38.250000,39.125000,38.156250,39.000000,16.711269,8058400
1986-01-17,39.000000,39.062500,37.500000,37.718750,16.162256,10022800
1986-01-20,37.437500,37.500000,37.062500,37.343750,16.001575,5762000
1986-01-21,37.437500,37.593750,37.125000,37.375000,16.014973,5398400
1986-01-22,37.343750,37.500000,35.750000,36.062500,15.452567,6143200
1986-01-23,36.062500,37.000000,36.031250,37.000000,15.854279,5410800
1986-01-24,37.031250,37.625000,36.968750,37.500000,16.068533,5643600
1986-01-27,37.750000,37.812500,37.062500,37.406250,16.028353,4503200
1986-01-28,37.437500,37.937500,37.250000,37.937500,16.255993,4463200
1986-01-29,37.937500,38.406250,37.593750,37.750000,16.175646,6634800
1986-01-30,37.687500,37.781250,37.156250,37.375000,16.014973,3823600
1986-01-31,37.343750,38.375000,37.343750,37.875000,16.229214,5692000
1986-02-03,37.968750,38.656250,37.906250,38.656250,16.563967,5548400
1986-02-04,38.750000,38.875000,37.937500,38.500000,16.497030,6923600
1986-02-05,38.437500,38.750000,38.031250,38.718750,16.590761,4111200
1986-02-06,38.812500,39.000000,38.500000,38.750000,16.604149,5418400
1986-02-07,38.125000,39.312500,37.750000,38.937500,16.803745,7371200
1986-02-10,38.968750,39.468750,38.843750,39.312500,16.965576,5606800
1986-02-11,39.156250,39.562500,39.000000,39.187500,16.911634,5821200
1986-02-12,39.187500,39.312500,38.437500,38.750000,16.722826,6938000
1986-02-13,38.718750,38.968750,38.375000,38.906250,16.790249,5012000
1986-02-14,38.937500,39.468750,38.781250,39.062500,16.857693,6955200
1986-02-18,39.218750,39.937500,39.000000,39.718750,17.140886,7409600
1986-02-19,39.656250,40.093750,39.281250,39.375000,16.992550,6572000
1986-02-20,39.281250,39.781250,39.281250,39.781250,17.167871,5216800
1986-02-21,40.062500,40.250000,39.781250,39.937500,17.235302,7176400
1986-02-24,39.875000,40.000000,39.437500,39.718750,17.140886,6880800
1986-02-25,39.500000,39.656250,39.125000,39.375000,16.992550,4901600
1986-02-26,39.375000,39.781250,39.343750,39.562500,17.073454,4518000
1986-02-27,39.093750,39.562500,38.625000,38.968750,16.817226,11134400
1986-02-28,39.187500,39.187500,37.500000,37.718750,16.277781,12986800
1986-03-03,37.593750,38.125000,37.531250,37.812500,16.318232,10221200
1986-03-04,38.000000,38.281250,37.281250,37.437500,16.156410,7472400
1986-03-05,37.000000,37.093750,36.625000,37.093750,16.008068,11906000
1986-03-06,37.250000,37.281250,36.312500,36.687500,15.832743,13033200
1986-03-07,36.500000,36.812500,36.125000,36.500000,15.751818,8574000
1986-03-10,36.625000,37.125000,36.562500,37.125000,16.021547,6250800
1986-03-11,37.343750,38.031250,37.250000,38.000000,16.399147,7794000
1986-03-12,38.000000,38.156250,37.218750,37.250000,16.075487,9223200
1986-03-13,37.093750,37.718750,36.937500,37.625000,16.237331,8339600
1986-03-14,37.687500,37.875000,37.000000,37.593750,16.223837,10049600
1986-03-17,37.437500,37.750000,37.375000,37.718750,16.277781,7710800
1986-03-18,37.718750,38.375000,37.687500,38.093750,16.439621,7266800
1986-03-19,38.093750,38.093750,37.562500,37.906250,16.358709,5218400
1986-03-20,37.937500,38.187500,37.468750,37.531250,16.196859,5932000
1986-03-21,37.625000,37.718750,37.125000,37.250000,16.075487,9095200
1986-03-24,37.500000,37.500000,36.625000,37.218750,16.062019,6375200
1986-03-25,37.187500,37.187500,36.812500,37.000000,15.967596,4632000
1986-03-26,36.875000,36.968750,36.687500,36.906250,15.927145,5964000
1986-03-27,37.125000,37.750000,37.031250,37.281250,16.088972,8763200
1986-03-31,37.437500,38.281250,37.406250,37.875000,16.345213,7724000
1986-04-01,37.968750,38.000000,37.281250,37.281250,16.088972,8824000
1986-04-02,37.000000,37.781250,37.000000,37.750000,16.291256,7728000
1986-04-03,37.843750,38.218750,37.250000,37.406250,16.142908,7644000
1986-04-04,37.406250,37.531250,37.031250,37.062500,15.994569,7172000
1986-04-07,37.062500,37.562500,36.843750,37.375000,16.129436,6400000
1986-04-08,37.625000,38.000000,37.437500,38.000000,16.399147,6768000
1986-04-09,38.156250,38.156250,37.093750,37.312500,16.102468,6616000
1986-04-10,37.375000,37.875000,37.031250,37.562500,16.210348,5872000
1986-04-11,37.750000,38.093750,37.312500,37.437500,16.156410,8896000
1986-04-14,37.812500,38.156250,37.281250,38.093750,16.439621,4416000
1986-04-15,38.000000,38.406250,37.875000,38.156250,16.466591,7012000
1986-04-16,38.437500,38.812500,38.312500,38.687500,16.695848,7488000
1986-04-17,38.625000,38.906250,38.531250,38.656250,16.682364,6956000
1986-04-18,38.687500,38.718750,38.125000,38.156250,16.466591,5840000
1986-04-21,38.218750,38.718750,38.062500,38.718750,16.709341,5760000
1986-04-22,38.718750,38.781250,38.062500,38.250000,16.507046,4760000
1986-04-23,38.125000,38.812500,38.031250,38.812500,16.749802,4120000
1986-04-24,38.937500,39.625000,38.875000,39.406250,17.006033,8796000
1986-04-25,39.750000,40.093750,39.625000,39.875000,17.208330,6568000
1986-04-28,39.968750,40.343750,39.625000,40.343750,17.410622,5252000
1986-04-29,40.437500,40.468750,39.562500,39.843750,17.194841,6080000
1986-04-30,39.875000,39.937500,39.062500,39.062500,16.857693,4560000
1986-05-01,39.000000,39.375000,38.937500,39.218750,16.925125,4680000
1986-05-02,39.250000,39.312500,38.406250,38.531250,16.628424,5040000
1986-05-05,38.625000,38.968750,38.625000,38.906250,16.790249,4120000
1986-05-06,38.968750,38.968750,38.375000,38.562500,16.641903,5360000
1986-05-07,38.312500,38.375000,37.500000,37.812500,16.318232,8740000
1986-05-08,37.593750,37.625000,37.156250,37.250000,16.193258,6360000
1986-05-09,37.156250,37.562500,37.031250,37.437500,16.274767,4640000
1986-05-12,37.468750,37.875000,37.437500,37.500000,16.301939,3923200
1986-05-13,37.531250,37.593750,37.187500,37.218750,16.179670,5720000
1986-05-14,37.218750,37.281250,36.750000,37.031250,16.098158,6832000
1986-05-15,36.937500,37.031250,36.343750,36.343750,15.799293,5920000
1986-05-16,36.312500,36.406250,36.156250,36.218750,15.744957,5816000
1986-05-19,36.312500,36.312500,35.937500,36.031250,15.663440,5264000
1986-05-20,36.312500,36.593750,36.062500,36.562500,15.894389,4056000
1986-05-21,36.593750,36.656250,36.062500,36.125000,15.704199,4840000
1986-05-22,36.218750,36.281250,35.562500,35.843750,15.581927,9320000
1986-05-23,35.968750,36.562500,35.906250,35.968750,15.636272,6668000
1986-05-27,36.187500,36.750000,35.968750,36.750000,15.975905,5420000
1986-05-28,37.000000,38.125000,36.968750,37.843750,16.451372,14840000
1986-05-29,37.656250,38.406250,37.562500,38.218750,16.614399,7260000
1986-05-30,38.000000,38.656250,38.000000,38.093750,16.560047,7840000
1986-06-02,38.187500,38.375000,37.937500,38.062500,16.546465,5120000
1986-06-03,38.093750,38.187500,37.875000,38.187500,16.600822,4672000
1986-06-04,38.187500,38.218750,37.375000,37.500000,16.301939,5800000
1986-06-05,37.593750,37.718750,37.343750,37.687500,16.383451,3867600
1986-06-06,37.625000,37.750000,37.250000,37.468750,16.288353,3348800
1986-06-09,37.250000,37.250000,36.625000,36.687500,15.948739,6196000
1986-06-10,36.687500,37.187500,36.656250,37.093750,16.125343,5140000
1986-06-11,37.156250,37.375000,37.062500,37.281250,16.206839,4360000
1986-06-12,37.250000,37.281250,36.937500,37.000000,16.084572,3163200
1986-06-13,37.187500,37.468750,37.000000,37.406250,16.261189,3710000
1986-06-16,37.468750,37.468750,37.031250,37.125000,16.138912,3631200
1986-06-17,37.156250,37.187500,36.625000,36.718750,15.962321,3884000
1986-06-18,36.718750,36.750000,36.031250,36.593750,15.907970,5844000
1986-06-19,36.468750,36.750000,36.250000,36.250000,15.758534,5524000
1986-06-20,36.312500,36.875000,36.156250,36.875000,16.030241,6536000
1986-06-23,36.718750,36.750000,36.125000,36.281250,15.772122,4280000
1986-06-24,36.406250,36.968750,36.187500,36.625000,15.921562,4820000
1986-06-25,36.718750,37.125000,36.687500,36.875000,16.030241,4440000
1986-06-26,36.906250,36.906250,36.656250,36.687500,15.948739,3215200
1986-06-27,36.781250,36.843750,36.656250,36.750000,15.975905,2749600
1986-06-30,36.750000,36.875000,36.562500,36.625000,15.921562,3998000
1986-07-01,36.625000,37.156250,36.593750,37.156250,16.152502,6996000
1986-07-02,37.156250,37.531250,37.062500,37.375000,16.247599,6292000
1986-07-03,37.500000,37.531250,37.062500,37.250000,16.193258,3876000
1986-07-07,37.000000,37.031250,36.250000,36.312500,15.785716,5020000
1986-07-08,35.875000,36.156250,35.750000,36.156250,15.717781,7844000
1986-07-09,36.062500,36.187500,35.875000,36.062500,15.677038,5200000
1986-07-10,36.062500,36.468750,35.312500,36.437500,15.840051,7180000
1986-07-11,36.250000,36.406250,35.750000,35.781250,15.554761,8932000
1986-07-14,35.281250,35.343750,34.812500,34.812500,15.133646,8912000
1986-07-15,34.625000,34.656250,33.875000,33.937500,14.753248,14480000
1986-07-16,33.968750,34.031250,33.187500,33.281250,14.467973,12260000
1986-07-17,33.125000,33.500000,32.937500,33.000000,14.345709,9492000
1986-07-18,33.031250,33.375000,32.468750,32.937500,14.318538,9728000
1986-07-21,32.687500,33.093750,32.687500,32.968750,14.332120,5456000
1986-07-22,32.937500,33.468750,32.875000,33.406250,14.522314,6344000
1986-07-23,33.375000,33.500000,33.156250,33.281250,14.467973,4600000
1986-07-24,33.375000,33.406250,33.125000,33.281250,14.467973,4800000
1986-07-25,33.343750,33.750000,33.312500,33.531250,14.576647,3540800
1986-07-28,33.562500,33.718750,33.000000,33.093750,14.386458,5924000
1986-07-29,33.125000,33.187500,32.718750,32.812500,14.264194,4420000
1986-07-30,32.781250,33.312500,32.562500,33.062500,14.372878,5080000
1986-07-31,33.062500,33.312500,33.031250,33.125000,14.400052,4152000
1986-08-01,33.156250,33.343750,32.843750,32.843750,14.277778,3043200
1986-08-04,32.687500,32.968750,32.531250,32.906250,14.304944,6076000
1986-08-05,32.937500,32.968750,32.687500,32.718750,14.223436,4600000
1986-08-06,32.687500,32.875000,32.406250,32.781250,14.250614,6468000
1986-08-07,32.562500,32.968750,32.531250,32.750000,14.357479,4776000
1986-08-08,32.687500,32.906250,32.437500,32.500000,14.247869,3627600
1986-08-11,32.437500,32.906250,32.312500,32.750000,14.357479,6320000
1986-08-12,32.843750,33.187500,32.656250,33.125000,14.521874,6308000
1986-08-13,33.250000,33.593750,33.125000,33.500000,14.686263,7300000
1986-08-14,33.468750,33.812500,33.437500,33.562500,14.713667,5368000
1986-08-15,33.625000,33.625000,33.250000,33.281250,14.590370,4280000
1986-08-18,33.406250,33.937500,33.281250,33.843750,14.836955,5760000
1986-08-19,33.937500,34.437500,33.781250,34.187500,14.987663,6560000
1986-08-20,34.218750,34.875000,34.187500,34.812500,15.261675,6280000
1986-08-21,34.906250,35.125000,34.312500,34.500000,15.124667,6640000
1986-08-22,34.500000,34.531250,34.343750,34.500000,15.124667,3053600
1986-08-25,34.750000,35.000000,34.500000,34.750000,15.234277,5840000
1986-08-26,34.750000,35.312500,34.718750,35.281250,15.467162,7432000
1986-08-27,35.343750,35.500000,35.125000,35.281250,15.467162,6240000
1986-08-28,34.937500,35.093750,34.875000,35.000000,15.343863,4880000
1986-08-29,34.968750,35.000000,34.500000,34.687500,15.206863,3550400
1986-09-02,34.718750,34.718750,33.875000,34.000000,14.905462,7720000
1986-09-03,33.875000,34.093750,33.781250,34.031250,14.919169,6480000
1986-09-04,34.093750,34.875000,34.000000,34.843750,15.275367,6520000
1986-09-05,34.875000,35.250000,34.625000,35.093750,15.384953,10440000
1986-09-08,35.250000,35.968750,35.218750,35.937500,15.754851,10480000
1986-09-09,36.250000,36.375000,35.875000,35.968750,15.768553,9000000
1986-09-10,36.031250,36.125000,35.718750,36.031250,15.795951,7040000
1986-09-11,35.625000,35.718750,34.687500,34.812500,15.261675,11440000
1986-09-12,34.812500,34.968750,34.062500,34.343750,15.056161,17480000
1986-09-15,34.500000,34.625000,34.000000,34.250000,15.015068,8760000
1986-09-16,34.187500,34.625000,33.906250,34.562500,15.152062,5640000
1986-09-17,34.656250,34.906250,34.406250,34.406250,15.083567,5400000
1986-09-18,34.218750,34.750000,34.187500,34.593750,15.165760,6000000
1986-09-19,34.375000,34.562500,34.187500,34.218750,15.001352,6680000
1986-09-22,34.312500,34.656250,34.281250,34.656250,15.193167,5880000
1986-09-23,34.656250,34.843750,34.593750,34.812500,15.261675,5640000
1986-09-24,34.750000,34.843750,34.281250,34.375000,15.069858,7240000
1986-09-25,34.375000,34.406250,33.562500,33.937500,14.878061,5888000
1986-09-26,33.781250,34.156250,33.750000,33.875000,14.850664,4400000
1986-09-29,33.562500,33.812500,33.281250,33.562500,14.713667,7000000
1986-09-30,33.625000,33.968750,33.562500,33.625000,14.741072,7000000
1986-10-01,33.718750,33.875000,33.156250,33.250000,14.576668,5000000
1986-10-02,33.156250,33.343750,33.062500,33.250000,14.576668,4560000
1986-10-03,33.250000,33.312500,32.656250,32.718750,14.343764,8016000
1986-10-06,32.812500,33.406250,32.750000,33.375000,14.631463,3977600
1986-10-07,33.375000,33.406250,32.031250,32.031250,14.042371,13480000
1986-10-08,31.625000,31.875000,31.562500,31.875000,13.973868,13000000
1986-10-09,31.875000,31.968750,30.437500,30.500000,13.371079,12320000
1986-10-10,30.593750,31.125000,30.593750,30.906250,13.549177,9720000
1986-10-13,31.125000,31.312500,30.468750,30.500000,13.371079,6400000
1986-10-14,30.375000,30.750000,29.937500,30.218750,13.247779,12560000
1986-10-15,30.125000,30.750000,30.093750,30.750000,13.480676,8920000
1986-10-16,30.843750,30.843750,30.218750,30.281250,13.275171,8880000
1986-10-17,30.187500,30.593750,30.125000,30.468750,13.357377,7760000
1986-10-20,30.218750,30.312500,29.968750,30.062500,13.179283,5920000
1986-10-21,30.218750,30.343750,30.062500,30.343750,13.302585,6760000
1986-10-22,30.343750,30.375000,30.031250,30.093750,13.192976,5120000
1986-10-23,30.156250,30.625000,30.156250,30.375000,13.316277,6880000
1986-10-24,30.468750,30.562500,30.312500,30.343750,13.302585,6000000
1986-10-27,30.281250,30.531250,30.000000,30.531250,13.384779,4760000
1986-10-28,30.531250,30.593750,30.156250,30.187500,13.234084,4840000
1986-10-29,30.093750,30.437500,30.062500,30.218750,13.247779,4120000
1986-10-30,30.656250,30.750000,30.343750,30.500000,13.371079,6800000
1986-10-31,30.531250,30.937500,30.437500,30.906250,13.549177,4640000
1986-11-03,31.000000,31.593750,30.937500,31.593750,13.850577,4920000
1986-11-04,31.375000,31.625000,31.187500,31.468750,13.795774,6640000
1986-11-05,31.156250,31.187500,30.625000,30.781250,13.613337,8400000
1986-11-06,30.500000,30.500000,29.812500,30.343750,13.419862,10320000
1986-11-07,30.218750,30.468750,30.000000,30.375000,13.433679,4400000
1986-11-10,30.375000,30.812500,30.312500,30.781250,13.613337,3992800
1986-11-11,30.812500,31.062500,30.718750,30.937500,13.682442,3005600
1986-11-12,31.062500,31.093750,30.468750,30.687500,13.571876,4520000
1986-11-13,30.718750,30.750000,29.968750,29.968750,13.254008,4880000
1986-11-14,30.062500,30.375000,29.906250,30.343750,13.419862,4800000
1986-11-17,30.156250,30.906250,30.156250,30.500000,13.488951,4760000
1986-11-18,30.531250,30.781250,30.062500,30.125000,13.323110,6960000
1986-11-19,30.093750,30.750000,30.031250,30.750000,13.599524,6640000
1986-11-20,30.968750,30.968750,30.437500,30.875000,13.654811,6800000
1986-11-21,30.812500,31.343750,30.656250,30.812500,13.627163,8360000
1986-11-24,30.906250,31.312500,30.812500,31.156250,13.779190,6383200
1986-11-25,31.218750,31.875000,31.031250,31.781250,14.055607,7560000
1986-11-26,31.750000,31.968750,31.500000,31.500000,13.931211,4000000
1986-11-28,31.750000,31.812500,31.625000,31.781250,14.055607,2908000
1986-12-01,31.625000,31.843750,31.312500,31.843750,14.083244,4840000
1986-12-02,31.968750,32.468750,31.875000,32.468750,14.359660,11680000
1986-12-03,32.468750,32.531250,32.156250,32.156250,14.221453,7520000
1986-12-04,32.218750,32.312500,31.906250,31.937500,14.124708,5320000
1986-12-05,32.000000,32.125000,31.562500,31.656250,14.000319,5160000
1986-12-08,31.718750,32.187500,31.437500,31.937500,14.124708,6120000
1986-12-09,32.000000,32.031250,31.625000,31.718750,14.027963,4000000
1986-12-10,31.750000,32.250000,31.687500,32.000000,14.152345,5680000
1986-12-11,32.093750,32.343750,31.937500,32.000000,14.152345,8720000
1986-12-12,32.000000,32.062500,31.593750,31.625000,13.986505,4120000
1986-12-15,31.375000,31.906250,31.343750,31.906250,14.110890,5600000
1986-12-16,31.875000,32.125000,31.750000,32.031250,14.166169,6240000
1986-12-17,31.875000,32.031250,31.593750,31.687500,14.014140,4600000
1986-12-18,31.656250,31.750000,31.281250,31.343750,13.862112,6400000
1986-12-19,31.250000,31.468750,31.062500,31.281250,13.834475,11320000
1986-12-22,31.125000,31.250000,30.281250,30.781250,13.613337,6520000
1986-12-23,30.562500,30.625000,30.093750,30.125000,13.323110,9680000
1986-12-24,30.187500,30.625000,30.125000,30.500000,13.488951,4120000
1986-12-26,30.437500,30.562500,30.437500,30.500000,13.488951,1527600
1986-12-29,30.437500,30.500000,30.062500,30.156250,13.336922,4048000
1986-12-30,30.125000,30.406250,30.062500,30.218750,13.364570,4840000
1986-12-31,30.281250,30.468750,30.000000,30.000000,13.267827,6036000
1987-01-02,30.250000,30.625000,30.218750,30.500000,13.488951,2740000
1987-01-05,30.687500,31.000000,30.656250,30.906250,13.668624,7040000
1987-01-06,30.968750,31.093750,30.656250,30.750000,13.599524,7840000
1987-01-07,30.687500,31.000000,30.531250,30.875000,13.654811,6720000
1987-01-08,30.812500,30.843750,30.343750,30.718750,13.585697,8960000
1987-01-09,30.500000,30.656250,30.375000,30.562500,13.516598,6880000
1987-01-12,30.000000,30.281250,30.000000,30.093750,13.309287,10040000
1987-01-13,29.500000,29.687500,29.000000,29.125000,12.880850,15880000
1987-01-14,29.031250,29.687500,28.937500,29.656250,13.115799,12760000
1987-01-15,29.718750,30.343750,29.687500,30.000000,13.267827,10960000
1987-01-16,30.156250,30.281250,29.875000,30.000000,13.267827,10600000
1987-01-19,29.906250,31.312500,29.750000,31.312500,13.848292,10960000
1987-01-20,31.500000,31.812500,30.500000,30.687500,13.571876,13080000
1987-01-21,30.562500,31.218750,30.437500,30.687500,13.571876,10760000
1987-01-22,30.687500,32.000000,30.656250,31.843750,14.083244,10120000
1987-01-23,31.906250,32.468750,31.000000,31.562500,13.958858,15880000
1987-01-26,31.500000,31.968750,31.187500,31.812500,14.069424,7640000
1987-01-27,31.968750,32.437500,31.968750,32.343750,14.304370,8360000
1987-01-28,32.500000,32.562500,32.125000,32.500000,14.373482,9040000
1987-01-29,32.687500,32.718750,31.875000,32.156250,14.221453,8720000
1987-01-30,32.156250,32.281250,31.875000,32.187500,14.235279,5760000
1987-02-02,32.062500,33.125000,32.000000,33.062500,14.622243,8000000
1987-02-03,33.187500,33.593750,33.156250,33.250000,14.705177,9880000
1987-02-04,33.375000,33.781250,32.875000,33.781250,14.940132,9200000
1987-02-05,33.562500,34.375000,33.562500,34.218750,15.257832,12720000
1987-02-06,34.218750,34.281250,33.875000,33.937500,15.132422,6480000
1987-02-09,33.875000,33.968750,33.125000,33.437500,14.909462,6720000
1987-02-10,33.375000,33.875000,32.875000,33.343750,14.867665,7400000
1987-02-11,33.343750,33.625000,33.187500,33.500000,14.937338,5240000
1987-02-12,33.750000,33.750000,33.156250,33.156250,14.784060,6920000
1987-02-13,33.156250,33.687500,33.062500,33.625000,14.993078,5600000
1987-02-17,33.593750,34.656250,33.562500,34.593750,15.425034,9200000
1987-02-18,34.750000,34.875000,34.281250,34.500000,15.383230,7640000
1987-02-19,34.500000,34.906250,34.375000,34.781250,15.508629,5760000
1987-02-20,34.781250,34.937500,34.531250,34.906250,15.564371,8120000
1987-02-23,34.937500,36.031250,34.687500,35.843750,15.982388,11560000
1987-02-24,35.781250,36.062500,35.593750,35.750000,15.940584,8040000
1987-02-25,35.687500,35.875000,35.437500,35.437500,15.801261,5000000
1987-02-26,35.250000,35.406250,34.843750,34.843750,15.536495,7320000
1987-02-27,35.031250,35.156250,34.812500,34.875000,15.550439,4120000
1987-03-02,34.875000,35.000000,34.562500,34.625000,15.438972,4160000
1987-03-03,34.437500,34.718750,34.406250,34.531250,15.397163,3944400
1987-03-04,34.593750,35.343750,34.562500,34.968750,15.592242,7200000
1987-03-05,35.156250,35.468750,35.000000,35.093750,15.647977,5280000
1987-03-06,35.093750,35.125000,34.750000,34.843750,15.536495,3825600
1987-03-09,34.687500,34.718750,34.468750,34.718750,15.480765,5280000
1987-03-10,34.937500,35.718750,34.687500,35.718750,15.926656,7400000
1987-03-11,36.062500,36.093750,35.375000,35.437500,15.801261,9320000
1987-03-12,35.437500,36.281250,35.218750,36.062500,16.079927,8760000
1987-03-13,36.187500,36.500000,36.156250,36.218750,16.149609,7520000
1987-03-16,36.093750,36.250000,35.781250,36.156250,16.121731,3978400
1987-03-17,36.093750,36.781250,36.093750,36.781250,16.400421,7760000
1987-03-18,36.968750,37.000000,36.281250,36.562500,16.302872,7560000
1987-03-19,36.500000,36.843750,36.468750,36.750000,16.386486,4320000
1987-03-20,36.906250,37.312500,36.843750,37.156250,16.567631,8680000
1987-03-23,37.250000,37.562500,37.125000,37.437500,16.693033,8720000
1987-03-24,37.468750,38.218750,37.312500,38.218750,17.041389,6720000
1987-03-25,38.218750,39.125000,38.031250,38.906250,17.347939,8332000
1987-03-26,39.125000,39.156250,38.468750,38.500000,17.166792,7940000
1987-03-27,38.500000,38.531250,37.625000,37.687500,16.804508,7064000
1987-03-30,36.500000,38.187500,36.468750,38.093750,16.985651,12880000
1987-03-31,38.312500,38.343750,37.375000,37.531250,16.734827,10540000
1987-04-01,37.250000,38.000000,37.250000,37.781250,16.846313,10600000
1987-04-02,37.843750,37.843750,36.875000,37.000000,16.497957,9592000
1987-04-03,36.812500,37.687500,36.406250,37.375000,16.665171,13124000
1987-04-06,37.531250,37.593750,37.218750,37.343750,16.651226,7052000
1987-04-07,37.281250,37.531250,36.625000,36.625000,16.330740,8360000
1987-04-08,36.812500,37.062500,36.531250,36.812500,16.414347,6776000
1987-04-09,36.812500,36.875000,35.875000,36.000000,16.052067,8760000
1987-04-10,35.750000,36.406250,35.656250,36.250000,16.163538,9240000
1987-04-13,36.906250,37.562500,36.687500,36.906250,16.456156,13200000
1987-04-14,37.187500,37.718750,36.625000,37.031250,16.511892,16680000
1987-04-15,37.750000,37.968750,37.250000,37.718750,16.818445,12160000
1987-04-16,37.812500,38.062500,37.468750,37.500000,16.720894,11880000
1987-04-20,37.562500,37.656250,37.187500,37.500000,16.720894,7240000
1987-04-21,37.250000,39.500000,37.125000,39.250000,17.501207,10760000
1987-04-22,39.000000,39.250000,38.468750,38.562500,17.194666,12040000
1987-04-23,38.625000,39.125000,38.281250,38.562500,17.194666,9520000
1987-04-24,38.312500,38.531250,37.875000,37.937500,16.915977,7212000
1987-04-27,37.625000,39.000000,37.375000,38.562500,17.194666,13200000
1987-04-28,38.875000,39.156250,38.656250,38.812500,17.306124,11760000
1987-04-29,39.000000,39.906250,38.968750,39.656250,17.682352,12960000
1987-04-30,39.625000,40.375000,39.437500,40.031250,17.849569,13080000
1987-05-01,40.000000,40.593750,39.781250,40.156250,17.905296,9520000
1987-05-04,40.031250,40.750000,39.937500,40.750000,18.170040,6240000
1987-05-05,41.093750,41.906250,41.062500,41.718750,18.601999,11160000
1987-05-06,41.718750,41.906250,41.500000,41.687500,18.588068,8720000
1987-05-07,41.437500,41.687500,40.968750,41.218750,18.501102,6600000
1987-05-08,41.375000,41.468750,40.812500,40.937500,18.374855,5716000
1987-05-11,41.250000,41.843750,40.750000,40.750000,18.290703,9080000
1987-05-12,40.656250,41.531250,40.562500,41.343750,18.557211,7960000
1987-05-13,41.375000,41.750000,41.125000,41.562500,18.655382,6920000
1987-05-14,41.812500,41.843750,41.250000,41.281250,18.529154,5360000
1987-05-15,40.875000,41.343750,40.156250,40.156250,18.024193,7960000
1987-05-18,39.937500,40.312500,39.281250,40.250000,18.066278,10040000
1987-05-19,40.375000,40.437500,38.906250,39.187500,17.589369,10560000
1987-05-20,39.125000,39.656250,38.750000,39.156250,17.575352,11240000
1987-05-21,39.562500,39.687500,39.218750,39.312500,17.645489,6760000
1987-05-22,39.562500,39.812500,39.031250,39.156250,17.575352,4120000
1987-05-26,39.625000,40.187500,39.562500,40.156250,18.024193,5720000
1987-05-27,40.062500,40.593750,40.000000,40.250000,18.066278,6880000
1987-05-28,40.343750,40.687500,39.812500,40.656250,18.248619,5600000
1987-05-29,40.812500,40.968750,40.000000,40.000000,17.954065,4920000
1987-06-01,40.250000,40.343750,39.812500,39.906250,17.911987,5320000
1987-06-02,39.875000,39.937500,39.312500,39.312500,17.645489,7400000
1987-06-03,39.500000,40.093750,39.468750,40.062500,17.982126,6600000
1987-06-04,40.031250,40.343750,39.906250,40.343750,18.108353,4320000
1987-06-05,40.187500,40.312500,39.718750,40.000000,17.954065,4200000
1987-06-08,39.937500,40.468750,39.687500,40.312500,18.094339,4800000
1987-06-09,40.406250,40.406250,39.812500,39.968750,17.940039,5240000
1987-06-10,40.156250,40.375000,39.000000,39.437500,17.701591,7560000
1987-06-11,39.750000,39.781250,39.250000,39.406250,17.687551,6240000
1987-06-12,39.750000,39.843750,39.062500,39.156250,17.575352,5600000
1987-06-15,39.562500,40.031250,39.500000,39.906250,17.911987,6080000
1987-06-16,39.906250,40.562500,39.843750,40.500000,18.178501,6640000
1987-06-17,40.562500,40.625000,40.062500,40.343750,18.108353,4840000
1987-06-18,40.156250,40.500000,40.031250,40.218750,18.052263,4440000
1987-06-19,40.187500,40.531250,40.093750,40.343750,18.108353,9440000
1987-06-22,40.500000,40.875000,40.468750,40.812500,18.318764,7080000
1987-06-23,40.937500,41.250000,40.625000,41.218750,18.501102,8680000
1987-06-24,41.187500,41.906250,41.156250,41.531250,18.641367,9680000
1987-06-25,41.843750,42.156250,41.750000,41.968750,18.837744,7720000
1987-06-26,41.750000,41.937500,41.531250,41.625000,18.683453,5120000
1987-06-29,41.437500,41.625000,41.250000,41.343750,18.557211,4480000
1987-06-30,41.406250,41.437500,40.625000,40.625000,18.234604,6800000
1987-07-01,40.718750,41.156250,40.687500,41.000000,18.402914,6160000
1987-07-02,41.125000,41.281250,41.000000,41.062500,18.430975,4800000
1987-07-06,41.375000,41.406250,41.031250,41.281250,18.529154,5800000
1987-07-07,41.156250,41.500000,40.968750,40.968750,18.388893,5240000
1987-07-08,41.281250,41.718750,41.125000,41.687500,18.711498,6320000
1987-07-09,41.468750,41.812500,41.437500,41.562500,18.655382,5320000
1987-07-10,41.656250,41.812500,41.375000,41.750000,18.739553,4400000
1987-07-13,41.812500,42.468750,41.781250,42.468750,19.062164,9440000
1987-07-14,42.468750,42.468750,41.625000,41.875000,18.795664,9520000
1987-07-15,41.781250,42.375000,41.656250,42.000000,18.851770,9040000
1987-07-16,42.156250,42.187500,41.843750,42.031250,18.865795,4480000
1987-07-17,42.125000,42.125000,41.687500,41.750000,18.739553,6640000
1987-07-20,41.375000,41.468750,41.000000,41.156250,18.473045,4760000
1987-07-21,40.937500,41.156250,40.500000,40.687500,18.262657,6360000
1987-07-22,40.687500,40.718750,40.312500,40.343750,18.108353,5760000
1987-07-23,40.562500,40.562500,39.781250,40.031250,17.968088,6640000
1987-07-24,40.031250,40.375000,40.031250,40.312500,18.094339,3544800
1987-07-27,40.343750,40.656250,40.218750,40.531250,18.192528,3615600
1987-07-28,40.687500,40.718750,40.031250,40.312500,18.094339,4880000
1987-07-29,40.218750,40.437500,39.906250,40.375000,18.122377,5360000
1987-07-30,40.281250,40.625000,40.156250,40.593750,18.220570,6920000
1987-07-31,40.500000,40.750000,40.187500,40.250000,18.066278,4840000
1987-08-03,39.875000,40.218750,39.687500,39.812500,17.869913,8200000
1987-08-04,39.843750,40.000000,39.625000,39.843750,17.883924,6672000
1987-08-05,39.968750,40.250000,39.937500,40.062500,17.982126,9740000
1987-08-06,40.062500,40.812500,39.781250,40.750000,18.417120,9120000
1987-08-07,40.781250,41.406250,40.750000,41.093750,18.572483,9520000
1987-08-10,41.156250,41.687500,41.125000,41.687500,18.840830,6520000
1987-08-11,41.812500,42.406250,41.781250,42.250000,19.095060,12800000
1987-08-12,42.250000,43.031250,42.156250,42.593750,19.250418,13120000
1987-08-13,42.656250,43.500000,42.593750,43.343750,19.589373,10320000
1987-08-14,43.000000,43.750000,43.000000,43.312500,19.575237,8440000
1987-08-17,43.375000,43.687500,43.312500,43.625000,19.716484,6040000
1987-08-18,43.375000,43.468750,42.750000,43.218750,19.532887,9720000
1987-08-19,43.125000,43.312500,42.656250,43.156250,19.504639,7640000
1987-08-20,43.312500,43.812500,43.281250,43.687500,19.744743,7520000
1987-08-21,43.750000,43.968750,43.625000,43.687500,19.744743,9040000
1987-08-24,43.656250,43.781250,43.281250,43.656250,19.730612,6552000
1987-08-25,43.687500,43.718750,42.750000,43.000000,19.434019,8140000
1987-08-26,42.000000,42.375000,41.687500,41.968750,18.967947,16032000
1987-08-27,41.750000,42.093750,41.468750,41.562500,18.784323,9316000
1987-08-28,41.531250,42.000000,41.312500,41.625000,18.812586,7488000
1987-08-31,41.656250,42.375000,41.625000,42.093750,19.024443,7144000
1987-09-01,42.156250,42.343750,40.562500,40.718750,18.403000,8880000
1987-09-02,40.687500,41.031250,40.312500,40.625000,18.360632,11852000
1987-09-03,40.812500,40.875000,40.062500,40.406250,18.261763,8904000
1987-09-04,40.562500,40.687500,40.156250,40.187500,18.162910,5900000
1987-09-08,40.031250,40.125000,38.968750,39.437500,17.823938,11840000
1987-09-09,39.187500,39.531250,38.750000,39.312500,17.767447,14440000
1987-09-10,39.562500,39.593750,39.281250,39.437500,17.823938,7600000
1987-09-11,39.500000,40.343750,39.468750,40.281250,18.205267,9280000
1987-09-14,40.562500,40.687500,40.312500,40.500000,18.304142,5240000
1987-09-15,40.562500,40.562500,39.250000,39.375000,17.795683,9480000
1987-09-16,39.156250,39.968750,39.000000,39.156250,17.696831,9520000
1987-09-17,39.437500,39.656250,39.031250,39.468750,17.838062,8120000
1987-09-18,39.562500,39.625000,38.781250,38.843750,17.555590,9040000
1987-09-21,39.000000,39.125000,37.437500,37.625000,17.004768,10960000
1987-09-22,37.656250,38.937500,37.312500,38.937500,17.597958,11640000
1987-09-23,38.781250,39.000000,38.218750,38.562500,17.428474,9840000
1987-09-24,38.406250,39.531250,38.406250,38.968750,17.612087,8240000
1987-09-25,39.000000,39.156250,38.750000,39.000000,17.626202,4240000
1987-09-28,39.250000,39.562500,37.875000,38.187500,17.258995,9040000
1987-09-29,38.125000,38.437500,37.375000,37.625000,17.004768,10520000
1987-09-30,37.312500,37.968750,37.125000,37.687500,17.033018,12280000
1987-10-01,37.812500,38.687500,37.750000,38.656250,17.470842,7633600
1987-10-02,38.750000,39.218750,38.687500,38.812500,17.541470,7474000
1987-10-05,38.875000,39.312500,38.625000,39.125000,17.682695,6177200
1987-10-06,38.937500,39.093750,37.750000,37.750000,17.061266,8176800
1987-10-07,37.750000,38.250000,37.500000,38.187500,17.258995,8158000
1987-10-08,38.156250,38.218750,37.500000,37.875000,17.117760,7352800
1987-10-09,37.750000,37.906250,36.750000,36.843750,16.651678,9444000
1987-10-12,36.750000,37.812500,36.375000,37.375000,16.891781,7489200
1987-10-13,37.812500,37.875000,36.250000,37.187500,16.807035,12819200
1987-10-14,36.687500,36.843750,36.031250,36.312500,16.411575,11688400
1987-10-15,35.843750,36.437500,35.000000,35.031250,15.832502,15695600
1987-10-16,35.250000,35.312500,33.000000,33.750000,15.253450,18660000
1987-10-19,33.750000,34.500000,25.000000,25.812500,11.666066,25497600
1987-10-20,28.750000,30.500000,27.000000,28.750000,12.993671,28200000
1987-10-21,30.750000,31.375000,30.000000,30.687500,13.869340,21546400
1987-10-22,29.125000,30.625000,27.875000,30.000000,13.558618,15951200
1987-10-23,29.625000,30.687500,29.500000,30.187500,13.643361,8382400
1987-10-26,29.250000,29.250000,28.000000,28.000000,12.654707,9984000
1987-10-27,29.500000,29.656250,28.750000,29.500000,13.332642,9948000
1987-10-28,29.500000,30.000000,28.500000,29.500000,13.332642,10938000
1987-10-29,29.687500,30.750000,29.562500,30.062500,13.586864,8864000
1987-10-30,30.968750,31.250000,30.437500,30.625000,13.841086,9060800
1987-11-02,30.250000,31.218750,30.250000,31.125000,14.067070,6396000
1987-11-03,30.687500,30.750000,29.500000,30.468750,13.770472,7730400
1987-11-04,30.187500,30.625000,29.875000,30.156250,13.629243,7196400
1987-11-05,29.875000,31.156250,29.781250,30.937500,14.111009,8557600
1987-11-06,30.937500,31.125000,29.750000,29.875000,13.626382,6662800
1987-11-09,29.750000,29.937500,29.500000,29.531250,13.469599,8006400
1987-11-10,29.000000,29.875000,28.781250,29.437500,13.426826,7840000
1987-11-11,29.750000,30.031250,29.562500,29.812500,13.597878,5131200
1987-11-12,30.500000,30.875000,30.281250,30.562500,13.939966,8118400
1987-11-13,30.531250,30.656250,30.312500,30.406250,13.868694,5799200
1987-11-16,30.750000,30.812500,29.437500,30.000000,13.683406,6982400
1987-11-17,29.750000,29.812500,29.062500,29.437500,13.426826,8258800
1987-11-18,29.500000,29.875000,29.062500,29.593750,13.498109,6212000
1987-11-19,29.500000,29.718750,28.906250,28.906250,13.184526,6654400
1987-11-20,28.750000,29.468750,28.687500,29.437500,13.426826,9713600
1987-11-23,29.281250,29.437500,29.062500,29.375000,13.398331,3806400
1987-11-24,29.500000,29.875000,29.468750,29.625000,13.512355,6392000
1987-11-25,29.593750,29.718750,29.343750,29.406250,13.412578,4684400
1987-11-27,29.125000,29.250000,28.593750,28.718750,13.099001,3690000
1987-11-30,28.062500,28.093750,27.500000,27.687500,12.628638,11209200
1987-12-01,28.125000,28.218750,27.750000,27.812500,12.685650,6446800
1987-12-02,27.750000,28.031250,27.562500,27.625000,12.600133,5389600
1987-12-03,27.625000,27.718750,26.625000,26.625000,12.144011,9447200
1987-12-04,26.437500,26.937500,26.250000,26.937500,12.286554,8549200
1987-12-07,27.062500,27.375000,26.937500,27.375000,12.486101,5898800
1987-12-08,27.375000,27.875000,27.093750,27.875000,12.714158,6196800
1987-12-09,27.750000,28.687500,27.750000,28.500000,12.999226,8101600
1987-12-10,27.937500,28.625000,27.625000,27.750000,12.657146,9562800
1987-12-11,27.750000,27.906250,27.312500,27.531250,12.557371,5655200
1987-12-14,27.593750,28.937500,27.562500,28.781250,13.127516,6790000
1987-12-15,28.843750,29.250000,28.562500,29.000000,13.227283,9329600
1987-12-16,29.000000,29.812500,28.937500,29.718750,13.555114,8934400
1987-12-17,29.750000,29.875000,28.750000,28.875000,13.170275,7298800
1987-12-18,28.875000,29.562500,28.812500,29.312500,13.369826,11195600
1987-12-21,29.281250,29.875000,29.218750,29.562500,13.483854,6200800
1987-12-22,29.250000,29.593750,29.125000,29.562500,13.483854,4868000
1987-12-23,29.718750,30.093750,29.687500,29.875000,13.626382,6585600
1987-12-24,29.906250,29.968750,29.750000,29.968750,13.669145,2521200
1987-12-28,29.250000,29.406250,28.781250,28.937500,13.198776,4347200
1987-12-29,29.062500,29.156250,28.875000,29.000000,13.227283,2718400
1987-12-30,29.093750,29.437500,29.093750,29.250000,13.341317,4195200
1987-12-31,28.875000,29.093750,28.750000,28.875000,13.170275,4660000
1988-01-04,29.250000,30.312500,29.187500,30.187500,13.768924,7340400
1988-01-05,30.625000,30.875000,30.406250,30.468750,13.897202,8688800
1988-01-06,30.500000,30.812500,30.312500,30.718750,14.011230,6308400
1988-01-07,30.437500,31.000000,30.281250,30.843750,14.068246,5721200
1988-01-08,30.750000,30.937500,28.718750,28.718750,13.099001,8448000
1988-01-11,29.062500,29.500000,28.625000,29.437500,13.426826,7140000
1988-01-12,29.375000,29.437500,28.312500,28.812500,13.141766,9424000
1988-01-13,28.625000,29.562500,28.343750,29.031250,13.241531,8698400
1988-01-14,28.906250,29.343750,28.625000,28.968750,13.213038,5075200
1988-01-15,29.593750,30.062500,29.593750,29.750000,13.569369,11207200
1988-01-18,29.718750,29.937500,29.250000,29.437500,13.426826,5132400
1988-01-19,28.750000,28.875000,27.875000,27.937500,12.742659,14757200
1988-01-20,27.500000,27.843750,27.156250,27.593750,12.585877,16963200
1988-01-21,27.687500,28.000000,27.250000,27.750000,12.657146,10004800
1988-01-22,27.843750,27.937500,27.406250,27.625000,12.600133,5402800
1988-01-25,27.687500,28.312500,27.625000,28.312500,12.913711,6748800
1988-01-26,28.187500,28.375000,27.875000,27.968750,12.756923,4551600
1988-01-27,28.031250,28.687500,27.875000,28.187500,12.856691,8015200
1988-01-28,28.375000,28.625000,28.250000,28.437500,12.970716,4917600
1988-01-29,28.531250,28.593750,27.625000,28.093750,12.813940,6840000
1988-02-01,28.187500,28.375000,27.500000,27.500000,12.543118,7513600
1988-02-02,27.406250,27.656250,27.281250,27.468750,12.528860,9602800
1988-02-03,27.468750,27.937500,27.062500,27.250000,12.429086,10897600
1988-02-04,27.250000,27.312500,26.875000,27.156250,12.512603,7369600
1988-02-05,27.187500,27.375000,26.937500,27.000000,12.440602,4600000
1988-02-08,26.812500,27.093750,26.718750,26.937500,12.411812,7340800
1988-02-09,27.000000,27.312500,26.812500,27.281250,12.570197,5775600
1988-02-10,27.375000,27.937500,27.375000,27.906250,12.858176,8548000
1988-02-11,27.906250,28.093750,27.625000,27.812500,12.814976,5933600
1988-02-12,27.812500,28.218750,27.750000,28.000000,12.901364,5264000
1988-02-16,28.156250,28.437500,28.125000,28.437500,13.102948,5753600
1988-02-17,28.406250,28.562500,28.000000,28.187500,12.987761,7418800
1988-02-18,28.187500,28.437500,28.031250,28.125000,12.958969,5976400
1988-02-19,28.125000,28.343750,28.031250,28.343750,13.059762,5718000
1988-02-22,28.281250,28.906250,28.281250,28.812500,13.275743,7545600
1988-02-23,28.843750,28.968750,28.593750,28.843750,13.290136,7410000
1988-02-24,28.906250,29.187500,28.687500,29.031250,13.376524,6877600
1988-02-25,29.062500,29.468750,28.531250,28.625000,13.189344,9516000
1988-02-26,28.687500,28.937500,28.531250,28.937500,13.333334,5234400
1988-02-29,29.062500,29.437500,28.968750,29.375000,13.534921,5640000
1988-03-01,29.468750,29.593750,29.062500,29.250000,13.477325,7891200
1988-03-02,29.437500,29.593750,29.218750,29.312500,13.506129,5844800
1988-03-03,29.250000,29.312500,28.937500,29.125000,13.419730,4320000
1988-03-04,29.062500,29.375000,28.812500,29.218750,13.462921,5000000
1988-03-07,29.093750,29.375000,29.031250,29.312500,13.506129,3560800
1988-03-08,29.437500,29.656250,29.312500,29.406250,13.549314,5848800
1988-03-09,29.406250,29.437500,29.062500,29.156250,13.434124,4480000
1988-03-10,29.062500,29.125000,28.406250,28.437500,13.102948,5760800
1988-03-11,28.562500,28.875000,28.093750,28.875000,13.304542,7193200
1988-03-14,28.750000,28.937500,28.625000,28.875000,13.304542,3960800
1988-03-15,28.781250,28.843750,28.406250,28.500000,13.131745,5356800
1988-03-16,28.500000,28.843750,28.343750,28.812500,13.275743,4513600
1988-03-17,28.812500,28.875000,28.437500,28.718750,13.232539,7108000
1988-03-18,28.656250,28.656250,28.312500,28.562500,13.160554,8597200
1988-03-21,28.375000,28.500000,28.187500,28.437500,13.102948,4312800
1988-03-22,28.468750,28.562500,28.281250,28.281250,13.030963,3692400
1988-03-23,28.250000,28.343750,27.812500,27.906250,12.858176,5366000
1988-03-24,27.562500,27.625000,27.343750,27.500000,12.670992,7140000
1988-03-25,27.406250,27.593750,26.625000,26.750000,12.325423,7529200
1988-03-28,26.687500,27.093750,26.062500,27.031250,12.455007,8745200
1988-03-29,27.187500,27.187500,26.468750,26.468750,12.195825,7596400
1988-03-30,26.625000,26.656250,26.187500,26.281250,12.109436,8540000
1988-03-31,26.156250,27.125000,26.125000,26.906250,12.397405,7008000
1988-04-04,26.875000,27.250000,26.687500,26.875000,12.383012,5990400
1988-04-05,26.968750,27.062500,26.406250,26.875000,12.383012,6127200
1988-04-06,26.968750,27.437500,26.437500,27.406250,12.627789,7516400
1988-04-07,27.406250,27.562500,27.031250,27.312500,12.584599,6264400
1988-04-08,27.375000,28.156250,27.343750,27.906250,12.858176,6968000
1988-04-11,28.093750,28.406250,27.968750,28.343750,13.059762,5992000
1988-04-12,28.343750,28.531250,28.312500,28.406250,13.088558,5351200
1988-04-13,28.718750,29.125000,28.562500,29.031250,13.376524,10383600
1988-04-14,28.562500,28.937500,27.812500,27.843750,12.829371,11407200
1988-04-15,27.937500,28.593750,27.750000,28.531250,13.146150,11184800
1988-04-18,28.406250,28.625000,28.312500,28.500000,13.131745,5560000
1988-04-19,28.625000,29.000000,28.250000,28.281250,13.030963,6997200
1988-04-20,28.281250,28.468750,28.000000,28.218750,13.002170,6674000
1988-04-21,28.312500,28.531250,27.875000,28.093750,12.944571,7722400
1988-04-22,28.187500,28.562500,28.093750,28.437500,13.102948,4400000
1988-04-25,28.562500,28.656250,28.375000,28.468750,13.117351,4823200
1988-04-26,28.500000,28.687500,28.343750,28.562500,13.160554,5254800
1988-04-27,28.593750,28.625000,28.281250,28.500000,13.131745,3780400
1988-04-28,28.375000,28.375000,28.156250,28.281250,13.030963,3207600
1988-04-29,28.250000,28.437500,28.156250,28.343750,13.059762,3066400
1988-05-02,28.406250,28.593750,28.281250,28.531250,13.146150,4179600
1988-05-03,28.593750,28.781250,28.312500,28.656250,13.203747,3411200
1988-05-04,28.687500,28.687500,28.312500,28.312500,13.045360,4738400
1988-05-05,27.875000,27.906250,27.718750,27.812500,12.940667,4675600
1988-05-06,27.812500,27.968750,27.531250,27.625000,12.853432,3067600
1988-05-09,27.625000,27.718750,27.468750,27.625000,12.853432,3192000
1988-05-10,27.750000,27.875000,27.500000,27.718750,12.897051,3698800
1988-05-11,27.468750,27.468750,27.093750,27.187500,12.649871,6393200
1988-05-12,27.218750,27.343750,27.156250,27.187500,12.649871,3239200
1988-05-13,27.312500,27.593750,27.281250,27.593750,12.838882,3054000
1988-05-16,27.625000,27.937500,27.468750,27.906250,12.984294,2901200
1988-05-17,28.062500,28.187500,27.500000,27.531250,12.809809,5092800
1988-05-18,27.562500,27.656250,27.125000,27.218750,12.664412,4882000
1988-05-19,27.218750,27.656250,27.156250,27.625000,12.853432,6066800
1988-05-20,27.656250,27.687500,27.343750,27.375000,12.737110,4041600
1988-05-23,27.437500,27.468750,27.031250,27.187500,12.649871,3647600
1988-05-24,27.250000,27.375000,27.156250,27.312500,12.708031,3603600
1988-05-25,27.375000,27.437500,27.125000,27.125000,12.620790,4079200
1988-05-26,27.187500,27.312500,27.031250,27.062500,12.591715,3227200
1988-05-27,27.031250,27.093750,26.875000,27.000000,12.562628,2108000
1988-05-31,27.062500,28.250000,27.031250,28.125000,13.086072,4849600
1988-06-01,28.250000,28.625000,28.093750,28.281250,13.158773,8707200
1988-06-02,28.281250,28.406250,27.937500,28.156250,13.100612,4360000
1988-06-03,28.218750,28.468750,28.000000,28.312500,13.173313,3345600
1988-06-06,28.406250,28.593750,28.250000,28.593750,13.304172,4240000
1988-06-07,28.562500,28.812500,28.406250,28.437500,13.231466,6927600
1988-06-08,28.531250,29.218750,28.500000,29.156250,13.565894,8447600
1988-06-09,29.093750,29.281250,28.812500,28.843750,13.420493,6520000
1988-06-10,28.968750,29.343750,28.875000,29.000000,13.493197,5142400
1988-06-13,29.093750,29.343750,28.937500,29.250000,13.609513,4115600
1988-06-14,29.750000,29.937500,29.562500,29.687500,13.813067,9561600
1988-06-15,29.625000,29.906250,29.625000,29.718750,13.827613,5475600
1988-06-16,29.437500,29.593750,29.281250,29.281250,13.624043,4766800
1988-06-17,29.312500,29.375000,28.937500,29.375000,13.667678,9338800
1988-06-20,29.218750,29.406250,29.156250,29.281250,13.624043,3746000
1988-06-21,29.468750,30.093750,29.375000,30.062500,13.987556,8454400
1988-06-22,30.750000,30.906250,30.656250,30.750000,14.307446,16360400
1988-06-23,30.750000,31.468750,30.687500,31.437500,14.627325,11714000
1988-06-24,31.562500,31.562500,31.187500,31.281250,14.554615,6746800
1988-06-27,31.312500,31.562500,31.187500,31.250000,14.540085,6786800
1988-06-28,31.281250,31.937500,31.250000,31.750000,14.772719,7354400
1988-06-29,31.937500,32.093750,31.593750,31.750000,14.772719,8623600
1988-06-30,31.875000,31.937500,31.687500,31.843750,14.816329,6336400
1988-07-01,31.937500,31.937500,31.437500,31.656250,14.729101,4240000
1988-07-05,31.593750,32.312500,31.500000,32.312500,15.034442,5349200
1988-07-06,32.281250,32.375000,31.500000,31.718750,14.758181,8117200
1988-07-07,31.656250,31.968750,31.593750,31.906250,14.845428,8262800
1988-07-08,31.812500,32.062500,31.562500,31.593750,14.700017,5797600
1988-07-11,31.687500,31.843750,31.593750,31.687500,14.743638,3033600
1988-07-12,31.781250,31.843750,31.093750,31.312500,14.569160,6585600
1988-07-13,31.343750,31.406250,30.875000,31.312500,14.569160,6727600
1988-07-14,31.343750,31.437500,31.156250,31.187500,14.511003,5150800
1988-07-15,31.375000,31.625000,31.250000,31.625000,14.714566,7890800
1988-07-18,31.406250,31.562500,31.218750,31.281250,14.554615,6892000
1988-07-19,31.281250,31.343750,30.781250,31.000000,14.423760,6014000
1988-07-20,31.156250,31.187500,30.843750,31.000000,14.423760,4856800
1988-07-21,30.875000,30.906250,30.375000,30.437500,14.162039,4772800
1988-07-22,30.375000,30.406250,30.000000,30.031250,13.973016,7274800
1988-07-25,30.156250,30.593750,30.062500,30.593750,14.234737,4532000
1988-07-26,30.625000,30.843750,30.593750,30.656250,14.263815,5232000
1988-07-27,30.718750,30.781250,30.187500,30.281250,14.089333,5170400
1988-07-28,30.437500,30.968750,30.312500,30.937500,14.394681,4847600
1988-07-29,31.125000,31.562500,31.062500,31.437500,14.627325,7335200
1988-08-01,31.500000,31.625000,31.343750,31.562500,14.685482,4344400
1988-08-02,31.625000,31.718750,31.156250,31.437500,14.627325,5353600
1988-08-03,31.437500,31.625000,31.375000,31.437500,14.627325,7685600
1988-08-04,31.375000,31.375000,31.000000,31.062500,14.580384,4455200
1988-08-05,30.906250,31.062500,30.875000,30.968750,14.536372,2884000
1988-08-08,30.937500,31.093750,30.781250,30.781250,14.448361,2588000
1988-08-09,30.906250,30.906250,30.406250,30.406250,14.272349,6506000
1988-08-10,30.312500,30.406250,29.718750,29.718750,13.949636,8146000
1988-08-11,29.843750,29.906250,29.343750,29.750000,13.964307,7612000
1988-08-12,29.656250,29.687500,29.468750,29.500000,13.846967,3742000
1988-08-15,29.406250,29.468750,28.750000,28.781250,13.509590,6656000
1988-08-16,28.750000,29.187500,28.656250,28.937500,13.582923,8816000
1988-08-17,28.937500,29.093750,28.437500,28.656250,13.450915,5870800
1988-08-18,28.687500,28.875000,28.531250,28.656250,13.450915,3633600
1988-08-19,28.718750,28.750000,28.125000,28.187500,13.230886,5279600
1988-08-22,28.250000,28.281250,27.687500,27.687500,12.996192,4479200
1988-08-23,27.781250,27.937500,27.593750,27.718750,13.010863,4774800
1988-08-24,27.843750,28.218750,27.812500,28.187500,13.230886,5272800
1988-08-25,27.937500,28.031250,27.687500,27.906250,13.098876,4920000
1988-08-26,27.906250,28.187500,27.875000,28.062500,13.172211,3076000
1988-08-29,28.187500,28.500000,28.187500,28.343750,13.304232,3469600
1988-08-30,28.406250,28.437500,28.156250,28.218750,13.245560,3587200
1988-08-31,28.343750,28.375000,27.687500,27.875000,13.084202,3728800
1988-09-01,27.781250,27.781250,27.375000,27.562500,12.937520,5952400
1988-09-02,27.906250,28.687500,27.906250,28.500000,13.377571,6259600
1988-09-06,28.437500,28.468750,28.093750,28.218750,13.245560,3832800
1988-09-07,28.312500,28.312500,27.906250,27.937500,13.113539,3678000
1988-09-08,27.906250,28.281250,27.843750,28.031250,13.157549,4192800
1988-09-09,28.000000,28.812500,27.812500,28.593750,13.421576,7888000
1988-09-12,28.718750,28.843750,28.343750,28.406250,13.333564,5224000
1988-09-13,28.187500,28.750000,28.125000,28.750000,13.494919,5270000
1988-09-14,28.937500,28.968750,28.375000,28.656250,13.450915,7358800
1988-09-15,28.718750,28.843750,28.437500,28.437500,13.348232,3588000
1988-09-16,28.375000,28.750000,28.343750,28.562500,13.406916,9426000
1988-09-19,28.437500,28.531250,27.937500,28.187500,13.230886,6198000
1988-09-20,28.156250,28.343750,28.093750,28.187500,13.230886,2929200
1988-09-21,28.250000,28.406250,28.125000,28.312500,13.289561,2695600
1988-09-22,28.281250,28.468750,28.000000,28.000000,13.142881,5102400
1988-09-23,28.000000,28.343750,27.937500,28.218750,13.245560,3603600
1988-09-26,28.250000,28.406250,28.062500,28.062500,13.172211,3405200
1988-09-27,28.093750,28.406250,27.843750,28.312500,13.289561,4819600
1988-09-28,28.250000,28.531250,28.250000,28.468750,13.362907,3982800
1988-09-29,28.500000,28.875000,28.437500,28.843750,13.538924,5429600
1988-09-30,28.843750,29.125000,28.687500,28.843750,13.538924,6477200
1988-10-03,28.781250,28.812500,28.500000,28.718750,13.480242,4172000
1988-10-04,28.718750,28.843750,28.593750,28.625000,13.436248,3340000
1988-10-05,28.531250,28.593750,28.187500,28.468750,13.362907,4524400
1988-10-06,28.343750,28.531250,28.343750,28.500000,13.377571,3113200
1988-10-07,28.812500,29.062500,28.687500,29.000000,13.612270,7892400
1988-10-10,29.000000,29.125000,28.875000,29.031250,13.626933,3346000
1988-10-11,29.062500,29.687500,29.031250,29.687500,13.934964,6417200
1988-10-12,29.437500,29.625000,29.375000,29.375000,13.788292,7264400
1988-10-13,29.468750,29.937500,29.437500,29.656250,13.920299,6099600
1988-10-14,29.968750,30.062500,29.843750,29.937500,14.052319,8980000
1988-10-17,29.906250,30.468750,29.843750,30.281250,14.213661,4368000
1988-10-18,30.312500,31.093750,30.281250,31.093750,14.595052,7079200
1988-10-19,31.062500,31.187500,30.125000,30.593750,14.360353,8982400
1988-10-20,30.656250,31.218750,30.593750,31.218750,14.653721,6826800
1988-10-21,31.156250,31.156250,30.906250,31.093750,14.595052,7736800
1988-10-24,31.156250,31.156250,30.781250,30.781250,14.448361,4093200
1988-10-25,30.812500,30.875000,30.562500,30.718750,14.419024,4112000
1988-10-26,30.625000,30.625000,30.375000,30.406250,14.272349,3657200
1988-10-27,30.312500,30.312500,29.875000,30.062500,14.110991,5396800
1988-10-28,30.187500,30.312500,30.093750,30.187500,14.169667,3808800
1988-10-31,30.062500,30.718750,30.062500,30.656250,14.389688,5066800
1988-11-01,30.718750,31.093750,30.625000,31.000000,14.551045,5109600
1988-11-02,30.906250,30.968750,30.437500,30.718750,14.419024,4096000
1988-11-03,30.718750,30.718750,30.531250,30.562500,14.345690,3634400
1988-11-04,30.093750,30.343750,30.062500,30.062500,14.239116,6867200
1988-11-07,30.000000,30.031250,29.656250,29.781250,14.105904,5756800
1988-11-08,29.906250,30.156250,29.843750,29.937500,14.179912,4466400
1988-11-09,29.875000,30.000000,29.625000,29.968750,14.194714,5564400
1988-11-10,29.937500,30.093750,29.906250,29.937500,14.179912,4514000
1988-11-11,29.750000,29.812500,29.093750,29.156250,13.809868,5540800
1988-11-14,29.312500,29.375000,29.093750,29.281250,13.869065,5311600
1988-11-15,29.312500,29.531250,29.250000,29.375000,13.913485,4088000
1988-11-16,29.375000,29.375000,28.625000,28.875000,13.676656,7426000
1988-11-17,28.937500,29.000000,28.718750,28.875000,13.676656,4945200
1988-11-18,28.968750,29.031250,28.843750,28.937500,13.706251,4562000
1988-11-21,28.875000,28.906250,28.531250,28.906250,13.691457,4057600
1988-11-22,28.875000,29.312500,28.843750,29.250000,13.854273,4103200
1988-11-23,29.312500,29.625000,29.250000,29.500000,13.972691,3122400
1988-11-25,29.187500,29.187500,29.000000,29.000000,13.735866,2644000
1988-11-28,29.062500,29.937500,29.062500,29.718750,14.076296,5970400
1988-11-29,29.843750,29.937500,29.406250,29.843750,14.135502,6780800
1988-11-30,29.812500,29.937500,29.562500,29.625000,14.031896,5083600
1988-12-01,29.593750,29.687500,29.437500,29.562500,14.002294,3590800
1988-12-02,29.406250,29.843750,29.406250,29.812500,14.120709,5431200
1988-12-05,29.875000,30.406250,29.875000,30.218750,14.313126,5518000
1988-12-06,30.218750,30.531250,30.125000,30.531250,14.461144,5074000
1988-12-07,30.468750,30.687500,30.218750,30.250000,14.327924,5619200
1988-12-08,30.156250,30.343750,29.843750,29.843750,14.135502,3638400
1988-12-09,29.906250,30.187500,29.906250,30.093750,14.253918,4513200
1988-12-12,30.125000,30.468750,30.031250,30.125000,14.268724,3583200
1988-12-13,30.062500,30.187500,29.875000,30.187500,14.298320,3838400
1988-12-14,30.093750,30.437500,30.062500,30.125000,14.268724,4783200
1988-12-15,30.343750,30.406250,30.062500,30.250000,14.327924,3701600
1988-12-16,30.312500,30.468750,30.281250,30.312500,14.357528,8028400
1988-12-19,30.312500,30.812500,30.281250,30.687500,14.535146,5688000
1988-12-20,30.968750,31.031250,30.750000,30.812500,14.594357,8422400
1988-12-21,30.781250,30.906250,30.687500,30.750000,14.564758,4829600
1988-12-22,30.718750,30.812500,30.593750,30.625000,14.505548,3188000
1988-12-23,30.750000,30.875000,30.687500,30.843750,14.609151,1851600
1988-12-27,30.750000,30.968750,30.656250,30.781250,14.579548,2300000
1988-12-28,30.750000,30.781250,30.468750,30.625000,14.505548,2332800
1988-12-29,30.625000,31.000000,30.625000,30.812500,14.594357,3085200
1988-12-30,30.875000,30.906250,30.406250,30.468750,14.431536,2365600
1989-01-03,30.468750,30.562500,30.156250,30.250000,14.327924,5776000
1989-01-04,30.375000,30.656250,30.312500,30.625000,14.505548,5089600
1989-01-05,30.625000,30.781250,30.500000,30.562500,14.475945,5778400
1989-01-06,30.625000,30.687500,30.343750,30.468750,14.431536,5104000
1989-01-09,30.406250,30.593750,30.375000,30.500000,14.446339,4604400
1989-01-10,30.531250,30.625000,30.218750,30.281250,14.342720,4294800
1989-01-11,30.281250,30.562500,30.187500,30.562500,14.475945,3848800
1989-01-12,30.625000,31.031250,30.562500,30.781250,14.579548,7927600
1989-01-13,30.781250,30.937500,30.593750,30.843750,14.609151,4678000
1989-01-16,30.906250,31.281250,30.843750,31.062500,14.712770,4996000
1989-01-17,30.968750,31.125000,30.875000,30.968750,14.668358,4710800
1989-01-18,30.968750,31.250000,30.531250,31.250000,14.801581,7882400
1989-01-19,31.218750,31.343750,30.937500,31.062500,14.712770,6982400
1989-01-20,31.000000,31.093750,30.875000,30.906250,14.638753,4065200
1989-01-23,30.875000,31.031250,30.531250,30.593750,14.490741,3827600
1989-01-24,30.593750,31.156250,30.531250,31.062500,14.712770,5570800
1989-01-25,31.062500,31.093750,30.750000,30.812500,14.594357,5668800
1989-01-26,30.781250,31.750000,30.781250,31.500000,14.919984,10243600
1989-01-27,31.687500,31.968750,31.593750,31.718750,15.023600,11902000
1989-01-30,31.843750,32.312500,31.812500,32.187500,15.245623,8241600
1989-01-31,32.187500,32.718750,31.843750,32.656250,15.467643,9513600
1989-02-01,32.437500,32.718750,32.312500,32.406250,15.349232,8673600
1989-02-02,32.187500,32.468750,31.968750,32.093750,15.331315,6789200
1989-02-03,32.000000,32.218750,31.718750,31.937500,15.256679,6214400
1989-02-06,31.812500,31.968750,31.562500,31.656250,15.122331,4803600
1989-02-07,31.562500,32.156250,31.562500,31.906250,15.241756,6187200
1989-02-08,32.031250,32.093750,31.718750,31.750000,15.167110,6115200
1989-02-09,31.593750,31.875000,31.500000,31.593750,15.092472,6344000
1989-02-10,31.437500,31.656250,31.250000,31.250000,14.928257,7702400
1989-02-13,31.437500,31.562500,31.187500,31.500000,15.047682,5232800
1989-02-14,31.656250,31.687500,31.187500,31.187500,14.898399,4462400
1989-02-15,31.218750,31.781250,31.218750,31.750000,15.167110,6428800
1989-02-16,31.718750,31.718750,31.250000,31.468750,15.032757,5086400
1989-02-17,31.468750,31.656250,31.312500,31.312500,14.958109,5346800
1989-02-21,31.406250,31.500000,31.250000,31.375000,14.987978,4401200
1989-02-22,31.312500,31.375000,30.812500,30.843750,14.734184,5408000
1989-02-23,30.687500,30.906250,30.656250,30.843750,14.734184,6268800
1989-02-24,30.843750,30.875000,30.281250,30.281250,14.465477,6991600
1989-02-27,30.312500,30.468750,30.156250,30.406250,14.525188,7054400
1989-02-28,30.437500,30.562500,30.343750,30.375000,14.510266,4885600
1989-03-01,30.531250,30.593750,29.781250,29.968750,14.316198,5998400
1989-03-02,29.937500,30.218750,29.937500,30.125000,14.390841,5352000
1989-03-03,30.156250,30.250000,30.031250,30.218750,14.435622,3786400
1989-03-06,30.343750,30.406250,30.156250,30.375000,14.510266,5311200
1989-03-07,30.250000,30.281250,29.843750,29.968750,14.316198,7507200
1989-03-08,29.906250,30.156250,29.875000,29.906250,14.286345,5387200
1989-03-09,29.906250,29.968750,29.531250,29.656250,14.166913,5651600
1989-03-10,29.562500,29.625000,29.281250,29.562500,14.122135,7144400
1989-03-13,29.531250,29.906250,29.531250,29.718750,14.196772,5710400
1989-03-14,29.812500,29.843750,29.406250,29.468750,14.077350,4679600
1989-03-15,29.437500,29.687500,29.250000,29.250000,13.972852,6606000
1989-03-16,29.343750,29.687500,29.312500,29.531250,14.107198,9067600
1989-03-17,28.906250,29.125000,27.843750,28.125000,13.435431,18744400
1989-03-20,27.781250,27.843750,27.250000,27.375000,13.077154,15914400
1989-03-21,27.593750,27.625000,27.437500,27.531250,13.151794,13825200
1989-03-22,27.062500,27.343750,26.906250,27.312500,13.047301,10378800
1989-03-23,27.437500,27.562500,27.125000,27.406250,13.092089,8062000
1989-03-27,27.375000,27.593750,27.250000,27.531250,13.151794,5455200
1989-03-28,27.656250,27.718750,27.343750,27.500000,13.136865,4989600
1989-03-29,27.437500,27.593750,27.281250,27.406250,13.092089,4898400
1989-03-30,27.406250,27.437500,27.062500,27.187500,12.987585,6609600
1989-03-31,27.250000,27.375000,27.250000,27.281250,13.032367,4478800
1989-04-03,27.312500,27.375000,27.125000,27.125000,12.957727,5124000
1989-04-04,27.000000,27.125000,26.562500,26.781250,12.793521,9346800
1989-04-05,26.781250,27.000000,26.781250,26.937500,12.868155,5808000
1989-04-06,26.843750,27.062500,26.781250,27.000000,12.898017,4009600
1989-04-07,26.937500,27.562500,26.937500,27.437500,13.107011,6426800
1989-04-10,27.375000,27.562500,27.375000,27.500000,13.136865,3378400
1989-04-11,27.562500,27.843750,27.500000,27.781250,13.271226,4747600
1989-04-12,27.968750,28.062500,27.718750,27.781250,13.271226,4037600
1989-04-13,27.687500,27.750000,27.218750,27.312500,13.047301,3826800
1989-04-14,27.625000,28.000000,27.625000,27.718750,13.241358,7160800
1989-04-17,27.687500,27.937500,27.687500,27.843750,13.301078,3648800
1989-04-18,28.062500,28.281250,28.031250,28.250000,13.495144,6229600
1989-04-19,28.125000,28.281250,28.031250,28.093750,13.420499,5820400
1989-04-20,28.156250,28.218750,27.750000,28.093750,13.420499,4931600
1989-04-21,28.125000,28.375000,28.031250,28.375000,13.554858,6157600
1989-04-24,28.375000,28.593750,28.281250,28.375000,13.554858,5777200
1989-04-25,28.500000,28.781250,28.343750,28.625000,13.674280,8021200
1989-04-26,28.625000,28.687500,28.375000,28.625000,13.674280,5206400
1989-04-27,28.656250,28.937500,28.562500,28.656250,13.689211,7433600
1989-04-28,28.656250,28.656250,28.500000,28.531250,13.629496,4438000
1989-05-01,28.250000,28.406250,28.218750,28.343750,13.539929,4713200
1989-05-02,28.406250,28.437500,28.093750,28.093750,13.420499,3744000
1989-05-03,28.062500,28.125000,27.875000,27.875000,13.316003,5728800
1989-05-04,27.625000,27.781250,27.562500,27.656250,13.356457,3936000
1989-05-05,27.812500,27.843750,27.281250,27.343750,13.205531,5777200
1989-05-08,27.281250,27.437500,27.156250,27.375000,13.220624,5288000
1989-05-09,27.343750,27.531250,27.281250,27.437500,13.250807,6089600
1989-05-10,27.500000,27.562500,27.406250,27.406250,13.235721,5157600
1989-05-11,27.468750,27.468750,27.250000,27.281250,13.175345,4770400
1989-05-12,27.750000,27.812500,27.562500,27.687500,13.371543,6883600
1989-05-15,27.718750,28.218750,27.656250,28.187500,13.613011,8061200
1989-05-16,28.125000,28.281250,27.812500,27.843750,13.447004,8015200
1989-05-17,27.843750,27.968750,27.562500,27.875000,13.462090,7227600
1989-05-18,27.687500,28.125000,27.656250,28.000000,13.522463,6972000
1989-05-19,28.062500,28.125000,27.718750,27.781250,13.416826,11465200
1989-05-22,27.906250,27.968750,27.312500,27.468750,13.265899,7728000
1989-05-23,27.312500,27.468750,27.281250,27.375000,13.220624,8030400
1989-05-24,27.375000,27.531250,27.343750,27.437500,13.250807,6724000
1989-05-25,27.375000,27.562500,27.375000,27.406250,13.235721,3919200
1989-05-26,27.406250,27.500000,27.312500,27.375000,13.220624,3366400
1989-05-30,27.406250,27.437500,26.875000,27.062500,13.069712,6532400
1989-05-31,27.031250,27.531250,26.968750,27.406250,13.235721,6944400
1989-06-01,27.375000,27.687500,27.375000,27.500000,13.280993,5605600
1989-06-02,27.625000,27.718750,27.406250,27.531250,13.296082,6460800
1989-06-05,27.531250,27.531250,27.187500,27.250000,13.160251,5078800
1989-06-06,27.281250,27.437500,27.156250,27.406250,13.235721,7084400
1989-06-07,27.437500,27.593750,27.281250,27.375000,13.220624,4569200
1989-06-08,27.406250,27.406250,27.187500,27.312500,13.190442,5085600
1989-06-09,27.250000,27.375000,27.093750,27.093750,13.084793,5567200
1989-06-12,26.875000,27.250000,26.875000,27.218750,13.145165,7675200
1989-06-13,27.250000,27.906250,27.125000,27.750000,13.401737,9296000
1989-06-14,27.812500,27.875000,27.406250,27.593750,13.326269,4780800
1989-06-15,27.593750,27.625000,27.125000,27.343750,13.205531,6276400
1989-06-16,27.218750,27.406250,27.093750,27.375000,13.220624,10901200
1989-06-19,27.406250,27.625000,27.406250,27.593750,13.326269,4937600
1989-06-20,27.562500,27.812500,27.343750,27.375000,13.220624,4722000
1989-06-21,27.468750,27.593750,27.343750,27.437500,13.250807,5136400
1989-06-22,27.406250,27.468750,27.125000,27.281250,13.175345,6168400
1989-06-23,27.500000,27.781250,27.406250,27.718750,13.386628,8511600
1989-06-26,27.812500,28.187500,27.718750,28.000000,13.522463,6836400
1989-06-27,28.125000,28.625000,28.093750,28.593750,13.809213,9717200
1989-06-28,28.562500,28.781250,28.281250,28.468750,13.748846,6776800
1989-06-29,28.281250,28.312500,27.812500,27.875000,13.462090,6438000
1989-06-30,27.937500,28.031250,27.406250,27.968750,13.507370,7298800
1989-07-03,28.125000,28.125000,27.937500,28.062500,13.552642,2451200
1989-07-05,27.937500,28.187500,27.812500,28.000000,13.522463,4124400
1989-07-06,28.093750,28.093750,27.843750,27.906250,13.477195,3357200
1989-07-07,27.968750,28.187500,27.812500,28.031250,13.537553,4863200
1989-07-10,28.093750,28.750000,28.062500,28.656250,13.839396,7008400
1989-07-11,28.875000,28.968750,28.406250,28.468750,13.748846,6970000
1989-07-12,28.406250,28.781250,28.343750,28.687500,13.854489,4613600
1989-07-13,28.687500,28.812500,28.562500,28.718750,13.869579,4674400
1989-07-14,28.687500,28.750000,28.406250,28.687500,13.854489,5793200
1989-07-17,28.625000,29.125000,28.625000,29.000000,14.005409,5684800
1989-07-18,29.031250,29.187500,28.625000,28.687500,13.854489,6050400
1989-07-19,28.812500,28.875000,28.531250,28.593750,13.809213,5478400
1989-07-20,28.500000,28.656250,28.187500,28.187500,13.613011,5055200
1989-07-21,28.125000,28.593750,28.125000,28.531250,13.779024,6610800
1989-07-24,28.468750,28.531250,28.343750,28.375000,13.703571,3789600
1989-07-25,28.406250,28.593750,28.125000,28.187500,13.613011,4400800
1989-07-26,27.843750,28.156250,27.656250,28.125000,13.582833,8783600
1989-07-27,28.125000,28.250000,27.968750,28.250000,13.643197,6232400
1989-07-28,28.312500,28.562500,28.281250,28.343750,13.688480,4750800
1989-07-31,28.406250,28.812500,28.406250,28.750000,13.884671,5461200
1989-08-01,28.875000,29.125000,28.625000,28.656250,13.839396,7968000
1989-08-02,28.687500,28.750000,28.406250,28.500000,13.763942,6328400
1989-08-03,28.187500,28.500000,28.156250,28.437500,13.881095,8900000
1989-08-04,28.343750,28.937500,28.312500,28.875000,14.094647,9625600
1989-08-07,29.125000,29.406250,28.937500,29.343750,14.323450,8838000
1989-08-08,29.468750,29.843750,29.437500,29.562500,14.430232,10592800
1989-08-09,29.500000,29.781250,29.281250,29.281250,14.292939,6479200
1989-08-10,29.218750,29.562500,29.031250,29.375000,14.338708,5542000
1989-08-11,29.500000,29.562500,28.718750,28.875000,14.094647,7165200
1989-08-14,28.750000,29.125000,28.687500,29.031250,14.170912,5942400
1989-08-15,29.125000,29.125000,28.843750,29.062500,14.186164,4409600
1989-08-16,29.062500,29.093750,28.781250,28.875000,14.094647,4097600
1989-08-17,28.875000,28.937500,28.593750,28.687500,14.003119,4374800
1989-08-18,28.687500,28.875000,28.687500,28.781250,14.048884,5214800
1989-08-21,28.750000,28.843750,28.250000,28.250000,13.789558,4914000
1989-08-22,28.281250,28.468750,28.125000,28.406250,13.865831,6304000
1989-08-23,28.468750,28.531250,28.187500,28.500000,13.911596,4057600
1989-08-24,28.468750,29.031250,28.312500,29.000000,14.155658,10243200
1989-08-25,29.000000,29.125000,28.906250,29.031250,14.170912,5590400
1989-08-28,29.000000,29.531250,28.843750,29.500000,14.399722,6726400
1989-08-29,29.437500,29.593750,29.000000,29.093750,14.201425,5335200
1989-08-30,29.125000,29.375000,29.031250,29.218750,14.262428,6039200
1989-08-31,29.312500,29.406250,29.218750,29.281250,14.292939,3756000
1989-09-01,29.218750,29.562500,29.218750,29.343750,14.323450,4199200
1989-09-05,29.375000,29.687500,29.343750,29.437500,14.369219,6833200
1989-09-06,29.406250,29.406250,29.000000,29.187500,14.247178,4422400
1989-09-07,29.250000,29.250000,28.968750,29.062500,14.186164,4564800
1989-09-08,28.968750,29.093750,28.750000,29.000000,14.155658,4693600
1989-09-11,28.968750,29.093750,28.843750,29.062500,14.186164,3786400
1989-09-12,29.031250,29.312500,29.031250,29.218750,14.262428,4316800
1989-09-13,29.250000,29.375000,28.843750,28.843750,14.079382,6668000
1989-09-14,28.843750,28.968750,28.750000,28.937500,14.125144,4278000
1989-09-15,28.906250,29.062500,28.781250,28.875000,14.094647,8215200
1989-09-18,28.906250,29.031250,28.843750,29.031250,14.170912,3597600
1989-09-19,29.093750,29.125000,29.000000,29.000000,14.155658,4152000
1989-09-20,29.000000,29.093750,28.937500,29.000000,14.155658,3857600
1989-09-21,29.000000,29.312500,29.000000,29.031250,14.170912,4774000
1989-09-22,29.093750,29.218750,29.031250,29.125000,14.216668,2908000
1989-09-25,29.187500,29.468750,29.031250,29.062500,14.186164,4562000
1989-09-26,29.187500,29.437500,29.156250,29.375000,14.338708,5478800
1989-09-27,27.750000,28.125000,27.750000,27.875000,13.606515,22626000
1989-09-28,27.781250,27.812500,26.937500,27.250000,13.301443,15702800
1989-09-29,27.250000,27.343750,27.156250,27.312500,13.331951,8686000
1989-10-02,27.343750,27.437500,27.093750,27.156250,13.255676,6179600
1989-10-03,27.031250,27.062500,26.406250,26.500000,12.935349,11879200
1989-10-04,26.500000,27.062500,26.500000,27.062500,13.209913,12170000
1989-10-05,27.187500,27.281250,26.750000,26.875000,13.118394,6962000
1989-10-06,26.875000,27.031250,26.781250,26.875000,13.118394,5562800
1989-10-09,26.937500,27.312500,26.937500,27.312500,13.331951,3172000
1989-10-10,27.312500,27.343750,26.968750,27.062500,13.209913,4258000
1989-10-11,27.000000,27.062500,26.875000,26.937500,13.148890,4696400
1989-10-12,26.906250,26.937500,26.812500,26.906250,13.133645,4170400
1989-10-13,26.843750,27.000000,24.968750,25.500000,12.447219,9716800
1989-10-16,24.625000,26.937500,24.437500,25.750000,12.569249,21450800
1989-10-17,25.500000,25.718750,25.125000,25.562500,12.477722,11628400
1989-10-18,25.437500,25.750000,25.375000,25.437500,12.416706,6253200
1989-10-19,25.875000,26.343750,25.781250,26.031250,12.706532,8906400
1989-10-20,26.031250,26.156250,25.875000,26.062500,12.721786,7726400
1989-10-23,26.062500,26.187500,25.843750,25.875000,12.630263,5800000
1989-10-24,25.812500,26.125000,25.250000,25.750000,12.569249,8082000
1989-10-25,25.437500,25.687500,25.437500,25.468750,12.431962,4377200
1989-10-26,25.281250,25.437500,25.125000,25.187500,12.294682,6823600
1989-10-27,25.062500,25.218750,24.875000,24.968750,12.187899,8436400
1989-10-30,25.125000,25.187500,24.843750,24.875000,12.142133,4741600
1989-10-31,25.000000,25.343750,24.968750,25.062500,12.233665,7036000
1989-11-01,25.062500,25.093750,24.906250,25.000000,12.203152,7224400
1989-11-02,24.781250,24.906250,24.187500,24.468750,12.090124,10778000
1989-11-03,24.468750,24.718750,24.468750,24.625000,12.167329,4481600
1989-11-06,24.531250,24.531250,24.125000,24.156250,11.935720,8018400
1989-11-07,24.125000,24.437500,24.062500,24.343750,12.028364,5996400
1989-11-08,24.406250,24.500000,24.187500,24.187500,11.951161,6315200
1989-11-09,24.218750,24.375000,24.125000,24.343750,12.028364,6111600
1989-11-10,24.468750,24.656250,24.406250,24.531250,12.121010,5310400
1989-11-13,24.593750,24.718750,24.437500,24.562500,12.136444,5713600
1989-11-14,24.687500,24.812500,24.437500,24.500000,12.105560,6759600
1989-11-15,24.593750,24.625000,24.281250,24.468750,12.090124,5221200
1989-11-16,24.500000,24.562500,24.000000,24.281250,11.997486,7245200
1989-11-17,24.250000,24.937500,24.187500,24.781250,12.244534,9109200
1989-11-20,24.781250,24.843750,24.500000,24.687500,12.198210,4998800
1989-11-21,24.750000,24.937500,24.625000,24.875000,12.290857,4511600
1989-11-22,24.906250,25.125000,24.843750,25.031250,12.368060,4517600
1989-11-24,25.062500,25.187500,25.062500,25.093750,12.398946,2555200
1989-11-27,25.125000,25.187500,24.562500,24.843750,12.275412,4981600
1989-11-28,24.781250,24.843750,24.625000,24.718750,12.213656,4630800
1989-11-29,24.625000,24.656250,24.375000,24.437500,12.074688,3826000
1989-11-30,24.375000,24.531250,24.218750,24.406250,12.059245,4005200
1989-12-01,24.406250,24.531250,24.218750,24.281250,11.997486,5736800
1989-12-04,24.343750,24.875000,24.343750,24.812500,12.259975,8107600
1989-12-05,25.437500,25.468750,24.906250,24.906250,12.306293,8866800
1989-12-06,24.750000,24.812500,24.625000,24.656250,12.182770,5335200
1989-12-07,24.718750,24.812500,24.406250,24.500000,12.105560,5524800
1989-12-08,24.500000,24.531250,24.125000,24.218750,11.966601,4910400
1989-12-11,24.156250,24.187500,23.875000,24.031250,11.873959,6948800
1989-12-12,24.031250,24.250000,23.906250,24.250000,11.982047,8408400
1989-12-13,24.218750,24.343750,23.906250,23.968750,11.843075,5335600
1989-12-14,23.781250,23.875000,23.750000,23.781250,11.750434,5546000
1989-12-15,23.812500,23.812500,23.500000,23.750000,11.734988,12173200
1989-12-18,23.656250,23.812500,23.343750,23.406250,11.565146,7727600
1989-12-19,23.406250,23.812500,23.343750,23.687500,11.704109,8968800
1989-12-20,23.718750,23.781250,23.468750,23.656250,11.688669,6065200
1989-12-21,23.625000,23.843750,23.593750,23.781250,11.750434,7221600
1989-12-22,23.812500,23.937500,23.781250,23.843750,11.781313,4020400
1989-12-26,23.781250,23.875000,23.562500,23.625000,11.673223,2728800
1989-12-27,23.687500,23.843750,23.625000,23.687500,11.704109,4662800
1989-12-28,23.718750,23.781250,23.500000,23.531250,11.626903,4769200
1989-12-29,23.562500,23.656250,23.500000,23.531250,11.626903,6549600
1990-01-02,23.687500,24.531250,23.625000,24.500000,12.105560,7041600
1990-01-03,24.687500,24.875000,24.593750,24.718750,12.213656,9464000
1990-01-04,24.750000,25.093750,24.718750,25.000000,12.352612,9674800
1990-01-05,24.968750,25.406250,24.875000,24.937500,12.321739,7570000
1990-01-08,24.812500,25.218750,24.812500,25.093750,12.398946,4625200
1990-01-09,25.125000,25.312500,24.843750,24.843750,12.275412,7048000
1990-01-10,24.875000,25.000000,24.656250,24.750000,12.229096,5945600
1990-01-11,24.875000,25.093750,24.843750,24.968750,12.337177,5905600
1990-01-12,24.656250,24.812500,24.406250,24.468750,12.090124,5390800
1990-01-15,24.406250,24.593750,24.312500,24.531250,12.121010,4035600
1990-01-16,24.375000,25.093750,24.375000,25.031250,12.368060,8220400
1990-01-17,25.093750,25.218750,24.593750,24.718750,12.213656,8926000
1990-01-18,24.500000,24.906250,24.406250,24.875000,12.290857,6926400
1990-01-19,24.937500,24.968750,24.625000,24.656250,12.182770,6594800
1990-01-22,24.687500,24.781250,24.125000,24.156250,11.935720,6882800
1990-01-23,24.250000,24.562500,24.156250,24.187500,11.951161,5922800
1990-01-24,23.937500,24.468750,23.875000,24.375000,12.043810,9820400
1990-01-25,24.468750,24.468750,23.750000,23.968750,11.843075,6792400
1990-01-26,24.031250,24.312500,23.781250,24.218750,11.966601,7345600
1990-01-29,24.343750,24.437500,23.875000,24.312500,12.012928,5153600
1990-01-30,24.343750,24.406250,23.937500,24.312500,12.012928,8646800
1990-01-31,24.500000,24.656250,24.406250,24.656250,12.182770,8452000
1990-02-01,24.656250,24.937500,24.437500,24.437500,12.074688,6903600
1990-02-02,24.468750,24.687500,24.468750,24.593750,12.151890,6064400
1990-02-05,24.406250,24.968750,24.375000,24.906250,12.459545,5299200
1990-02-06,24.906250,25.343750,24.656250,25.250000,12.631513,10808000
1990-02-07,25.187500,25.937500,25.156250,25.781250,12.897275,12057600
1990-02-08,25.906250,25.968750,25.468750,25.687500,12.850372,7932000
1990-02-09,25.718750,25.812500,25.500000,25.625000,12.819115,5061600
1990-02-12,25.593750,25.593750,25.156250,25.281250,12.647147,4766400
1990-02-13,25.468750,25.812500,25.312500,25.812500,12.912911,7168400
1990-02-14,25.843750,26.062500,25.812500,25.937500,12.975444,6006800
1990-02-15,26.031250,26.156250,25.937500,25.937500,12.975444,5704000
1990-02-16,26.125000,26.125000,25.843750,25.875000,12.944177,8805600
1990-02-20,25.656250,25.781250,25.562500,25.718750,12.866013,5599600
1990-02-21,25.562500,26.281250,25.500000,26.218750,13.116139,8096400
1990-02-22,26.250000,26.375000,25.812500,25.812500,12.912911,9185600
1990-02-23,25.687500,25.968750,25.500000,25.656250,12.834746,6251600
1990-02-26,25.750000,26.031250,25.625000,26.000000,13.006710,5486000
1990-02-27,26.031250,26.375000,25.906250,25.937500,12.975444,6890800
1990-02-28,25.906250,26.156250,25.781250,25.968750,12.991068,5761200
1990-03-01,25.937500,26.093750,25.843750,26.000000,13.006710,4490800
1990-03-02,26.000000,26.343750,26.000000,26.218750,13.116139,5690000
1990-03-05,26.218750,26.468750,26.156250,26.250000,13.131768,5509200
1990-03-06,26.312500,26.437500,26.062500,26.437500,13.225570,5100800
1990-03-07,26.500000,26.562500,26.312500,26.375000,13.194310,6158400
1990-03-08,26.500000,26.843750,26.500000,26.750000,13.381893,6947600
1990-03-09,26.750000,26.843750,26.562500,26.625000,13.319361,7003200
1990-03-12,26.625000,26.937500,26.562500,26.937500,13.475693,6051200
1990-03-13,26.875000,27.062500,26.562500,26.562500,13.288098,8300800
1990-03-14,26.718750,26.750000,26.406250,26.562500,13.288098,4990800
1990-03-15,26.656250,26.843750,26.625000,26.750000,13.381893,5328000
1990-03-16,26.937500,27.187500,26.843750,27.156250,13.585135,10296400
1990-03-19,27.031250,27.281250,26.843750,27.250000,13.632029,6428800
1990-03-20,27.218750,27.343750,26.968750,27.000000,13.506961,7406400
1990-03-21,27.125000,27.125000,26.781250,26.812500,13.413162,3389200
1990-03-22,26.750000,26.875000,26.375000,26.625000,13.319361,4801200
1990-03-23,26.500000,26.531250,26.218750,26.250000,13.131768,4597600
1990-03-26,26.375000,26.437500,26.031250,26.031250,13.022343,3350000
1990-03-27,25.906250,26.187500,25.843750,26.125000,13.069242,5292800
1990-03-28,26.062500,26.468750,25.937500,26.468750,13.241199,5824400
1990-03-29,26.500000,26.718750,26.437500,26.500000,13.256839,5656800
1990-03-30,26.593750,26.687500,26.406250,26.531250,13.272469,5704000
1990-04-02,26.281250,26.468750,26.250000,26.468750,13.241199,5193200
1990-04-03,26.500000,26.687500,26.500000,26.656250,13.335000,4201600
1990-04-04,26.656250,26.937500,26.468750,26.625000,13.319361,6864800
1990-04-05,26.687500,26.718750,26.468750,26.531250,13.272469,3473600
1990-04-06,26.562500,26.593750,26.312500,26.468750,13.241199,3009200
1990-04-09,26.406250,26.468750,26.312500,26.375000,13.194310,3131200
1990-04-10,26.312500,26.593750,26.281250,26.468750,13.241199,3739200
1990-04-11,26.531250,26.625000,26.468750,26.593750,13.303738,2580800
1990-04-12,26.781250,27.000000,26.750000,26.781250,13.397539,3686400
1990-04-16,27.500000,27.812500,27.500000,27.718750,13.866517,16482800
1990-04-17,27.625000,27.812500,27.468750,27.781250,13.897795,7657600
1990-04-18,27.718750,27.718750,27.375000,27.468750,13.741459,6124000
1990-04-19,27.375000,27.562500,27.281250,27.281250,13.647657,6110000
1990-04-20,27.343750,27.375000,27.062500,27.343750,13.678926,6626000
1990-04-23,27.250000,27.375000,27.156250,27.343750,13.678926,5400800
1990-04-24,27.406250,27.593750,27.218750,27.218750,13.616395,5226400
1990-04-25,27.312500,27.531250,27.281250,27.343750,13.678926,4693600
1990-04-26,27.468750,27.500000,27.125000,27.187500,13.600760,5529200
1990-04-27,27.250000,27.250000,26.843750,26.843750,13.428797,3926400
1990-04-30,26.750000,27.312500,26.750000,27.250000,13.632029,6451600
1990-05-01,27.375000,27.406250,26.968750,27.000000,13.506961,4664800
1990-05-02,27.000000,27.281250,27.000000,27.281250,13.647657,4866400
1990-05-03,27.375000,27.531250,27.281250,27.312500,13.663298,6674800
1990-05-04,27.156250,27.656250,27.062500,27.625000,13.974404,6049200
1990-05-07,27.625000,27.843750,27.562500,27.625000,13.974404,5220800
1990-05-08,27.625000,27.750000,27.593750,27.687500,14.006014,4962000
1990-05-09,27.687500,27.812500,27.593750,27.812500,14.069247,4860000
1990-05-10,27.843750,28.218750,27.812500,28.093750,14.211519,7253200
1990-05-11,28.406250,28.625000,28.250000,28.500000,14.417027,10189200
1990-05-14,28.531250,28.875000,28.500000,28.562500,14.448639,9242400
1990-05-15,28.468750,28.906250,28.437500,28.906250,14.622530,5944000
1990-05-16,28.812500,28.937500,28.656250,28.843750,14.590912,7046000
1990-05-17,28.968750,29.062500,28.781250,29.031250,14.685764,6090400
1990-05-18,28.968750,29.062500,28.812500,28.843750,14.590912,7080800
1990-05-21,28.781250,29.343750,28.781250,29.250000,14.796417,6942400
1990-05-22,29.375000,29.437500,29.156250,29.437500,14.891275,7734400
1990-05-23,29.375000,29.687500,29.312500,29.687500,15.017738,6812400
1990-05-24,29.687500,29.718750,29.468750,29.687500,15.017738,5781200
1990-05-25,29.406250,29.500000,29.031250,29.062500,14.701573,4594800
1990-05-29,29.250000,29.968750,29.187500,29.937500,15.144197,7840400
1990-05-30,30.000000,30.531250,29.906250,30.218750,15.286469,11428000
1990-05-31,29.937500,30.218750,29.875000,30.000000,15.175821,7963600
1990-06-01,30.125000,30.187500,29.750000,29.875000,15.112582,6168000
1990-06-04,29.875000,30.218750,29.812500,30.093750,15.223241,5193200
1990-06-05,30.125000,30.468750,30.031250,30.187500,15.270664,9407600
1990-06-06,30.093750,30.562500,30.093750,30.156250,15.254854,6174000
1990-06-07,30.312500,30.375000,29.937500,30.156250,15.254854,5949600
1990-06-08,30.218750,30.218750,29.656250,29.687500,15.017738,5725200
1990-06-11,29.656250,30.062500,29.656250,29.968750,15.160013,4326800
1990-06-12,30.031250,30.218750,29.812500,30.062500,15.207437,5504800
1990-06-13,30.125000,30.531250,30.062500,30.343750,15.349714,8964000
1990-06-14,30.312500,30.468750,30.031250,30.218750,15.286469,6793200
1990-06-15,30.093750,30.312500,30.031250,30.093750,15.223241,8447600
1990-06-18,30.062500,30.187500,29.656250,29.656250,15.001926,5968000
1990-06-19,29.718750,29.781250,29.468750,29.687500,15.017738,5782400
1990-06-20,29.687500,29.781250,29.312500,29.500000,14.922882,4044800
1990-06-21,29.500000,29.781250,29.375000,29.781250,15.065156,4004800
1990-06-22,29.750000,29.875000,29.062500,29.062500,14.701573,4800400
1990-06-25,29.156250,29.312500,29.125000,29.156250,14.748996,4504800
1990-06-26,29.406250,29.500000,29.125000,29.187500,14.764805,5017600
1990-06-27,29.218750,29.531250,29.187500,29.500000,14.922882,4606800
1990-06-28,29.562500,29.593750,29.375000,29.406250,14.875472,3215200
1990-06-29,29.406250,29.531250,29.343750,29.375000,14.859657,3414800
1990-07-02,29.375000,29.687500,29.343750,29.625000,14.986118,3664000
1990-07-03,29.656250,29.687500,29.406250,29.406250,14.875472,2336400
1990-07-05,29.375000,29.406250,29.218750,29.343750,14.843858,3399200
1990-07-06,29.281250,29.625000,29.250000,29.500000,14.922882,2834400
1990-07-09,29.531250,29.812500,29.468750,29.750000,15.049357,3667200
1990-07-10,29.812500,29.937500,29.437500,29.437500,14.891275,4976000
1990-07-11,29.531250,29.812500,29.468750,29.781250,15.065156,4100000
1990-07-12,29.750000,30.093750,29.687500,30.000000,15.175821,6945600
1990-07-13,30.156250,30.531250,30.062500,30.250000,15.302278,8621600
1990-07-16,30.500000,30.781250,30.312500,30.593750,15.476173,8924400
1990-07-17,30.625000,30.625000,29.968750,30.187500,15.270664,6742800
1990-07-18,30.218750,30.406250,29.968750,29.968750,15.160013,6736400
1990-07-19,29.906250,30.031250,29.687500,30.000000,15.175821,5743200
1990-07-20,30.031250,30.062500,29.375000,29.406250,14.875472,7034400
1990-07-23,29.437500,29.437500,28.531250,28.968750,14.654151,8573200
1990-07-24,28.968750,29.000000,28.406250,28.687500,14.511875,6158000
1990-07-25,28.625000,28.875000,28.562500,28.687500,14.511875,5458800
1990-07-26,28.656250,28.656250,28.062500,28.281250,14.306367,5483600
1990-07-27,28.187500,28.187500,27.656250,27.843750,14.085057,7385200
1990-07-30,27.687500,28.093750,27.625000,28.031250,14.179905,5922800
1990-07-31,28.093750,28.218750,27.656250,27.875000,14.100867,5477200
1990-08-01,27.968750,28.093750,27.656250,27.906250,14.116680,6841200
1990-08-02,27.250000,27.687500,27.250000,27.437500,13.879548,7474800
1990-08-03,27.312500,27.375000,25.937500,27.031250,13.674051,14196800
1990-08-06,25.968750,26.093750,25.625000,25.968750,13.285239,9140000
1990-08-07,26.156250,26.250000,25.625000,25.750000,13.173335,8947200
1990-08-08,25.750000,25.968750,25.718750,25.781250,13.189314,7539200
1990-08-09,25.875000,25.968750,25.750000,25.812500,13.205307,5054800
1990-08-10,25.812500,25.906250,25.375000,25.500000,13.045428,5794000
1990-08-13,25.375000,26.000000,25.250000,25.937500,13.269256,6331200
1990-08-14,25.906250,26.281250,25.781250,26.093750,13.349185,6623600
1990-08-15,26.281250,26.312500,26.125000,26.250000,13.429125,6059600
1990-08-16,26.062500,26.437500,25.937500,25.937500,13.269256,8125600
1990-08-17,25.750000,25.843750,25.187500,25.343750,12.965499,10562400
1990-08-20,25.500000,25.687500,25.468750,25.562500,13.077403,4955200
1990-08-21,25.156250,25.437500,24.937500,25.125000,12.853590,9559600
1990-08-22,25.187500,25.250000,24.718750,24.750000,12.661747,7892000
1990-08-23,24.187500,24.593750,24.125000,24.218750,12.389968,9709600
1990-08-24,24.625000,25.250000,24.468750,25.093750,12.837598,8158400
1990-08-27,25.750000,26.093750,25.687500,26.093750,13.349185,6300400
1990-08-28,25.968750,26.031250,25.843750,25.906250,13.253262,3872400
1990-08-29,25.875000,26.093750,25.687500,25.968750,13.285239,4578800
1990-08-30,25.968750,26.031250,25.343750,25.437500,13.013462,4320400
1990-08-31,25.406250,25.468750,25.093750,25.468750,13.029446,3541600
1990-09-04,25.250000,25.656250,25.187500,25.625000,13.109384,4802000
1990-09-05,25.718750,25.968750,25.562500,25.625000,13.109384,5810400
1990-09-06,25.718750,25.875000,25.375000,25.593750,13.093390,5388000
1990-09-07,25.468750,26.375000,25.468750,26.375000,13.493073,6538800
1990-09-10,26.625000,26.906250,26.375000,26.468750,13.541031,6437600
1990-09-11,26.593750,26.937500,26.468750,26.875000,13.748874,5752800
1990-09-12,27.093750,27.093750,26.781250,26.968750,13.796829,4771600
1990-09-13,26.937500,26.937500,26.187500,26.250000,13.429125,4308000
1990-09-14,26.218750,26.250000,25.906250,26.093750,13.349185,5390400
1990-09-17,26.062500,26.437500,26.031250,26.281250,13.445110,3579600
1990-09-18,26.312500,26.906250,26.281250,26.812500,13.716891,6796800
1990-09-19,26.968750,27.312500,26.875000,27.093750,13.860770,8756400
1990-09-20,27.031250,27.250000,26.656250,26.968750,13.796829,4854000
1990-09-21,26.906250,26.968750,26.375000,26.687500,13.652943,8846000
1990-09-24,26.562500,26.562500,26.125000,26.250000,13.429125,7974800
1990-09-25,26.312500,26.625000,26.218750,26.593750,13.604982,6181200
1990-09-26,26.625000,26.687500,26.062500,26.343750,13.477087,6977600
1990-09-27,26.437500,26.656250,25.718750,26.093750,13.349185,6756400
1990-09-28,25.781250,26.781250,25.718750,26.593750,13.604982,7900400
1990-10-01,26.781250,27.375000,26.781250,27.250000,13.940711,7405200
1990-10-02,27.375000,27.593750,27.062500,27.062500,13.844781,7572400
1990-10-03,27.062500,27.250000,26.781250,26.843750,13.732873,4406800
1990-10-04,26.843750,27.062500,26.593750,26.968750,13.796829,4648000
1990-10-05,26.625000,27.250000,26.500000,27.062500,13.844781,6280000
1990-10-08,27.187500,27.375000,27.156250,27.375000,14.004658,3605200
1990-10-09,27.093750,27.156250,26.343750,26.343750,13.477087,5674400
1990-10-10,26.406250,26.656250,25.718750,25.875000,13.237281,9034400
1990-10-11,25.937500,25.968750,24.937500,25.250000,12.917540,12455200
1990-10-12,25.437500,25.500000,24.875000,25.062500,12.821616,9232400
1990-10-15,25.156250,25.218750,24.062500,24.812500,12.693716,12485600
1990-10-16,24.843750,25.093750,24.562500,24.843750,12.709702,6760800
1990-10-17,24.875000,25.406250,24.843750,25.187500,12.885568,5321200
1990-10-18,25.500000,26.343750,25.437500,26.343750,13.477087,7466000
1990-10-19,26.312500,27.250000,26.156250,26.906250,13.764846,10602400
1990-10-22,26.906250,27.187500,26.625000,26.937500,13.780838,7673200
1990-10-23,26.843750,27.062500,26.656250,26.687500,13.652943,5082800
1990-10-24,26.687500,27.250000,26.687500,27.156250,13.892745,6477600
1990-10-25,27.250000,27.312500,26.656250,27.031250,13.828807,6368000
1990-10-26,26.843750,26.875000,26.625000,26.718750,13.668939,4984400
1990-10-29,26.625000,26.968750,26.281250,26.500000,13.557018,5254400
1990-10-30,26.531250,26.718750,26.218750,26.593750,13.604982,6556000
1990-10-31,26.625000,26.656250,26.187500,26.375000,13.493073,5810000
1990-11-01,26.343750,26.843750,26.218750,26.812500,13.716891,4935600
1990-11-02,26.812500,27.156250,26.812500,27.093750,13.860770,7161200
1990-11-05,26.843750,27.031250,26.625000,26.968750,13.952604,4834800
1990-11-06,26.968750,27.250000,26.906250,26.968750,13.952604,6374000
1990-11-07,27.000000,27.062500,26.562500,26.625000,13.774755,5603200
1990-11-08,26.625000,26.906250,26.562500,26.875000,13.904101,6476800
1990-11-09,27.125000,27.562500,26.968750,27.562500,14.259794,9096800
1990-11-12,27.718750,28.312500,27.687500,28.250000,14.615471,14173200
1990-11-13,28.250000,28.375000,28.000000,28.000000,14.486134,8526000
1990-11-14,28.125000,28.500000,28.125000,28.375000,14.680147,7875600
1990-11-15,28.312500,28.406250,28.125000,28.156250,14.566968,6158800
1990-11-16,28.250000,28.531250,28.000000,28.406250,14.696316,9078800
1990-11-19,28.531250,28.718750,28.500000,28.687500,14.841819,7443200
1990-11-20,28.687500,28.781250,28.312500,28.343750,14.663978,8001200
1990-11-21,28.312500,28.531250,28.093750,28.531250,14.760983,5251600
1990-11-23,28.468750,28.562500,28.156250,28.156250,14.566968,1862000
1990-11-26,28.000000,28.562500,27.906250,28.468750,14.728651,4661600
1990-11-27,28.468750,28.531250,28.156250,28.375000,14.680147,6126000
1990-11-28,28.250000,28.468750,28.093750,28.093750,14.534636,5276800
1990-11-29,28.125000,28.218750,27.906250,28.000000,14.486134,4782800
1990-11-30,27.906250,28.625000,27.812500,28.406250,14.696316,7217600
1990-12-03,28.625000,28.625000,28.250000,28.343750,14.663978,6280800
1990-12-04,28.343750,28.750000,28.250000,28.687500,14.841819,5831600
1990-12-05,28.531250,28.718750,28.437500,28.656250,14.825662,5938000
1990-12-06,28.968750,29.000000,27.812500,27.875000,14.421467,13558400
1990-12-07,27.875000,28.218750,27.687500,28.125000,14.550815,7637600
1990-12-10,28.062500,28.437500,28.031250,28.343750,14.663978,4695200
1990-12-11,28.250000,28.281250,28.093750,28.218750,14.599314,3991600
1990-12-12,28.218750,28.625000,28.156250,28.593750,14.793328,5887600
1990-12-13,28.593750,28.656250,28.218750,28.218750,14.599314,4372400
1990-12-14,28.000000,28.125000,27.750000,27.812500,14.389123,5740800
1990-12-17,27.718750,27.937500,27.656250,27.875000,14.421467,3819600
1990-12-18,27.875000,28.375000,27.875000,28.375000,14.680147,6467200
1990-12-19,28.250000,28.500000,28.031250,28.187500,14.583138,9855600
1990-12-20,28.062500,28.656250,28.062500,28.437500,14.712477,7584000
1990-12-21,28.500000,28.593750,28.343750,28.468750,14.728651,8338400
1990-12-24,28.468750,28.562500,28.437500,28.468750,14.728651,1365200
1990-12-26,28.500000,28.562500,28.375000,28.375000,14.680147,1587200
1990-12-27,28.312500,28.468750,28.250000,28.406250,14.696316,2856400
1990-12-28,28.406250,28.468750,28.312500,28.343750,14.663978,2912800
1990-12-31,28.343750,28.375000,28.218750,28.250000,14.615471,1845200
1991-01-02,28.218750,28.437500,28.031250,28.031250,14.502299,4150800
1991-01-03,28.093750,28.468750,28.062500,28.125000,14.550815,5229600
1991-01-04,28.187500,28.250000,27.968750,28.031250,14.502299,4340400
1991-01-07,27.843750,27.968750,27.500000,27.562500,14.259794,4757600
1991-01-08,27.593750,27.593750,27.187500,27.250000,14.098115,6862000
1991-01-09,27.437500,27.687500,26.687500,26.718750,13.823270,8312000
1991-01-10,26.906250,27.093750,26.812500,27.093750,14.017273,3848000
1991-01-11,26.968750,27.062500,26.937500,27.031250,13.984943,2434800
1991-01-14,26.718750,26.781250,26.375000,26.687500,13.807096,6986000
1991-01-15,26.718750,26.937500,26.687500,26.875000,13.904101,4672400
1991-01-16,26.812500,27.312500,26.656250,27.281250,14.114277,6324000
1991-01-17,28.750000,29.031250,28.562500,28.937500,14.971164,17321600
1991-01-18,28.812500,29.562500,28.718750,29.406250,15.213683,18370000
1991-01-21,29.187500,30.031250,29.156250,29.906250,15.472351,8806000
1991-01-22,29.843750,29.906250,29.437500,29.500000,15.262175,7854800
1991-01-23,29.468750,30.031250,29.468750,29.812500,15.423858,8844000
1991-01-24,30.000000,30.406250,29.968750,30.250000,15.650198,11364800
1991-01-25,30.281250,30.656250,30.125000,30.656250,15.860379,9764400
1991-01-28,30.625000,31.250000,30.593750,31.062500,16.070560,9913200
1991-01-29,31.031250,31.343750,30.750000,31.125000,16.102892,7796800
1991-01-30,31.187500,31.750000,31.156250,31.750000,16.426241,10097200
1991-01-31,31.656250,31.781250,31.562500,31.687500,16.393906,6873200
1991-02-01,31.625000,31.906250,31.406250,31.718750,16.410072,7676400
1991-02-04,31.562500,31.906250,31.406250,31.843750,16.633377,6212400
1991-02-05,31.812500,32.125000,31.750000,32.125000,16.780283,8708400
1991-02-06,32.031250,32.500000,32.000000,32.468750,16.959831,9678400
1991-02-07,32.500000,32.750000,32.093750,32.125000,16.780283,10128000
1991-02-08,32.218750,32.468750,32.062500,32.375000,16.910872,7006800
1991-02-11,32.468750,33.125000,32.406250,33.093750,17.286312,7461200
1991-02-12,32.875000,33.468750,32.875000,33.187500,17.335274,9489600
1991-02-13,33.093750,33.750000,33.062500,33.656250,17.580128,7695200
1991-02-14,33.718750,34.062500,33.468750,33.750000,17.629095,9941600
1991-02-15,33.875000,34.468750,33.843750,34.343750,17.939234,10955600
1991-02-19,34.312500,34.937500,34.250000,34.875000,18.216726,9112400
1991-02-20,34.562500,34.687500,34.468750,34.468750,18.004530,7416800
1991-02-21,34.500000,34.562500,33.875000,33.875000,17.694386,6262000
1991-02-22,33.906250,34.250000,33.156250,33.312500,17.400568,9536400
1991-02-25,33.562500,33.781250,33.031250,33.406250,17.449535,7578800
1991-02-26,33.187500,33.250000,32.437500,32.437500,16.943520,8908400
1991-02-27,32.500000,32.718750,32.031250,32.718750,17.090431,8164800
1991-02-28,32.812500,32.875000,31.875000,32.187500,16.812937,8634000
1991-03-01,32.062500,32.875000,32.031250,32.750000,17.106745,7432400
1991-03-04,32.812500,33.125000,32.468750,32.656250,17.057777,4758400
1991-03-05,32.656250,33.750000,32.468750,33.375000,17.433216,9935600
1991-03-06,33.593750,33.718750,33.156250,33.218750,17.351603,8124000
1991-03-07,33.187500,33.437500,32.906250,33.125000,17.302626,4770400
1991-03-08,33.281250,33.406250,32.750000,32.812500,17.139389,5936000
1991-03-11,32.500000,32.625000,32.187500,32.281250,16.861900,7217600
1991-03-12,32.218750,32.312500,31.625000,31.750000,16.584402,8627200
1991-03-13,31.750000,32.406250,31.687500,32.281250,16.861900,6017600
1991-03-14,32.312500,32.687500,31.625000,32.031250,16.731316,7779600
1991-03-15,31.937500,31.937500,31.562500,31.656250,16.535437,10766000
1991-03-18,31.593750,32.031250,31.562500,31.968750,16.698669,5965200
1991-03-19,29.687500,29.750000,28.750000,28.781250,15.033698,25338400
1991-03-20,28.750000,28.843750,28.375000,28.531250,14.903111,16028400
1991-03-21,28.687500,28.750000,27.750000,27.968750,14.609297,12931200
1991-03-22,28.000000,28.156250,27.812500,27.906250,14.576657,11433200
1991-03-25,27.968750,28.406250,27.937500,28.375000,14.821498,6387600
1991-03-26,28.375000,28.656250,28.343750,28.468750,14.870468,5503200
1991-03-27,28.593750,28.656250,28.125000,28.218750,14.739886,6818800
1991-03-28,28.500000,28.593750,28.218750,28.468750,14.870468,6475200
1991-04-01,28.468750,28.562500,27.968750,28.062500,14.658262,5692000
1991-04-02,28.125000,28.375000,27.781250,28.312500,14.788848,9072400
1991-04-03,28.343750,28.562500,28.250000,28.281250,14.772536,7363600
1991-04-04,28.406250,28.687500,28.031250,28.375000,14.821498,7753200
1991-04-05,28.531250,28.625000,28.125000,28.156250,14.707229,6080400
1991-04-08,28.093750,28.375000,28.000000,28.250000,14.756200,3860400
1991-04-09,28.187500,28.343750,27.750000,27.812500,14.527672,5395600
1991-04-10,27.843750,27.906250,27.500000,27.812500,14.527672,7698800
1991-04-11,27.781250,27.968750,27.531250,27.656250,14.446059,8858800
1991-04-12,27.750000,27.750000,27.031250,27.125000,14.168563,14222000
1991-04-15,27.062500,27.093750,26.406250,26.718750,13.956371,12107200
1991-04-16,26.750000,27.312500,26.687500,27.312500,14.266502,8346800
1991-04-17,27.406250,27.687500,27.312500,27.468750,14.348124,8356000
1991-04-18,27.500000,27.687500,27.343750,27.437500,14.331798,5855200
1991-04-19,27.312500,27.562500,27.250000,27.375000,14.299150,8437200
1991-04-22,27.187500,27.343750,27.031250,27.125000,14.168563,6281600
1991-04-23,27.250000,27.281250,26.968750,27.093750,14.152242,3728400
1991-04-24,27.093750,27.218750,27.000000,27.062500,14.135918,5768400
1991-04-25,27.093750,27.281250,26.906250,27.000000,14.103272,4485600
1991-04-26,27.000000,27.062500,26.812500,26.843750,14.021662,4094000
1991-04-29,26.937500,26.968750,26.156250,26.218750,13.695195,7418000
1991-04-30,26.375000,26.375000,25.531250,25.750000,13.450346,13152800
1991-05-01,25.625000,26.125000,25.531250,26.000000,13.580934,7776800
1991-05-02,25.937500,26.500000,25.937500,26.468750,13.825782,6088400
1991-05-03,26.375000,26.625000,25.500000,25.906250,13.531960,12892400
1991-05-06,25.593750,25.906250,25.593750,25.843750,13.658810,4376000
1991-05-07,25.843750,25.875000,25.468750,25.468750,13.460607,5144400
1991-05-08,25.531250,26.000000,25.437500,25.937500,13.708360,5536000
1991-05-09,26.062500,26.468750,26.031250,26.468750,13.989133,6174000
1991-05-10,26.468750,26.500000,25.750000,25.843750,13.658810,5457600
1991-05-13,25.906250,26.500000,25.812500,26.468750,13.989133,5138400
1991-05-14,26.375000,26.562500,26.156250,26.500000,14.005643,7864800
1991-05-15,26.250000,26.281250,25.312500,25.687500,13.576223,10705600
1991-05-16,25.937500,26.062500,25.750000,26.031250,13.757902,5453200
1991-05-17,25.906250,26.156250,25.875000,25.937500,13.708360,8452400
1991-05-20,26.031250,26.062500,25.781250,25.812500,13.642292,3162800
1991-05-21,25.906250,26.062500,25.125000,25.375000,13.411057,6700800
1991-05-22,25.562500,26.156250,25.500000,26.156250,13.823967,8968400
1991-05-23,26.125000,26.156250,25.937500,26.156250,13.823967,5525200
1991-05-24,26.156250,26.281250,26.125000,26.250000,13.873514,3820400
1991-05-28,26.312500,26.343750,25.906250,26.281250,13.890038,5766800
1991-05-29,26.156250,26.156250,25.937500,26.031250,13.757902,6608800
1991-05-30,25.906250,26.281250,25.906250,26.093750,13.790931,5716400
1991-05-31,26.093750,26.625000,25.937500,26.531250,14.022154,7060000
1991-06-03,26.500000,26.843750,26.437500,26.593750,14.055192,5287200
1991-06-04,26.406250,26.500000,26.156250,26.250000,13.873514,4880400
1991-06-05,26.343750,26.375000,25.781250,25.812500,13.642292,5948800
1991-06-06,25.781250,25.906250,25.500000,25.750000,13.609257,5416800
1991-06-07,25.718750,25.750000,25.343750,25.500000,13.477125,7041600
1991-06-10,25.593750,25.687500,25.531250,25.593750,13.526677,3941200
1991-06-11,25.687500,25.875000,25.531250,25.562500,13.510151,4547600
1991-06-12,25.468750,25.500000,25.156250,25.375000,13.411057,7518800
1991-06-13,25.343750,25.343750,25.031250,25.156250,13.295452,7584400
1991-06-14,25.343750,25.406250,24.968750,25.093750,13.262424,9448000
1991-06-17,24.906250,25.000000,24.875000,24.875000,13.146807,652800
1991-06-18,24.937500,25.250000,24.937500,25.218750,13.328485,6945600
1991-06-19,25.062500,25.312500,25.000000,25.250000,13.345003,8331200
1991-06-20,24.687500,24.812500,24.281250,24.781250,13.097258,16344000
1991-06-21,24.812500,25.000000,24.781250,24.906250,13.163320,12577200
1991-06-24,24.781250,24.906250,24.562500,24.593750,12.998162,9382400
1991-06-25,24.656250,24.906250,24.562500,24.843750,13.130287,6861200
1991-06-26,24.781250,24.843750,24.531250,24.656250,13.031197,6804000
1991-06-27,24.687500,24.687500,24.343750,24.406250,12.899058,7252400
1991-06-28,24.312500,24.437500,24.156250,24.281250,12.833006,7086400
1991-07-01,24.406250,24.656250,24.343750,24.593750,12.998162,5378400
1991-07-02,24.562500,24.843750,24.531250,24.781250,13.097258,4838400
1991-07-03,24.687500,24.718750,24.531250,24.531250,12.965134,3868400
1991-07-05,24.531250,24.812500,24.468750,24.656250,13.031197,3140000
1991-07-08,24.500000,25.125000,24.437500,25.125000,13.278940,5562000
1991-07-09,25.093750,25.218750,24.812500,24.875000,13.146807,5046800
1991-07-10,24.968750,25.093750,24.625000,24.687500,13.047707,5210000
1991-07-11,24.718750,24.750000,24.500000,24.562500,12.981648,4749200
1991-07-12,24.750000,24.937500,24.562500,24.843750,13.130287,5621600
1991-07-15,24.875000,24.968750,24.812500,24.812500,13.113770,3411200
1991-07-16,24.875000,24.875000,24.000000,24.156250,12.766929,8803200
1991-07-17,24.062500,24.218750,24.031250,24.062500,12.717392,6188800
1991-07-18,24.156250,24.593750,23.906250,24.562500,12.981648,9436800
1991-07-19,25.000000,25.218750,24.625000,25.125000,13.278940,10291600
1991-07-22,25.250000,25.531250,25.218750,25.500000,13.477125,7309600
1991-07-23,25.687500,25.750000,25.156250,25.156250,13.295452,5252800
1991-07-24,25.187500,25.343750,25.000000,25.187500,13.311967,4326400
1991-07-25,25.312500,25.406250,25.125000,25.125000,13.278940,3378000
1991-07-26,25.156250,25.250000,25.031250,25.125000,13.278940,2560800
1991-07-29,25.125000,25.343750,25.093750,25.343750,13.394545,3324400
1991-07-30,25.437500,25.500000,25.093750,25.406250,13.427589,4320400
1991-07-31,25.468750,25.531250,25.281250,25.312500,13.378032,3488400
1991-08-01,25.250000,25.437500,25.187500,25.312500,13.378032,3612000
1991-08-02,25.375000,25.406250,25.062500,25.093750,13.262424,3568800
1991-08-05,25.093750,25.312500,25.093750,25.250000,13.345003,4984800
1991-08-06,25.062500,25.187500,24.906250,25.093750,13.423234,5603600
1991-08-07,25.093750,25.125000,24.750000,24.750000,13.239358,4641200
1991-08-08,24.781250,24.937500,24.750000,24.812500,13.272782,4236800
1991-08-09,24.812500,24.906250,24.687500,24.718750,13.222632,3362000
1991-08-12,24.718750,24.875000,24.656250,24.656250,13.189205,3134000
1991-08-13,24.750000,24.968750,24.593750,24.750000,13.239358,5090800
1991-08-14,24.843750,24.843750,24.593750,24.625000,13.172486,4486000
1991-08-15,24.625000,24.750000,24.531250,24.593750,13.155769,3213200
1991-08-16,24.593750,24.656250,24.125000,24.125000,12.905029,6723600
1991-08-19,23.312500,23.906250,23.000000,23.750000,12.704431,12080400
1991-08-20,24.062500,24.062500,23.781250,23.937500,12.804724,6522800
1991-08-21,24.031250,24.093750,23.500000,23.906250,12.788010,11312400
1991-08-22,23.906250,24.093750,23.531250,23.593750,12.620849,8662000
1991-08-23,23.593750,24.031250,23.593750,23.718750,12.687718,6816400
1991-08-26,23.781250,23.906250,23.687500,23.781250,12.721148,3581200
1991-08-27,23.812500,23.906250,23.656250,23.812500,12.737866,5034400
1991-08-28,23.781250,23.812500,23.562500,23.625000,12.637562,6466800
1991-08-29,23.687500,23.968750,23.500000,23.875000,12.771295,8977200
1991-08-30,23.937500,24.281250,23.937500,24.218750,12.955174,5368400
1991-09-03,24.437500,24.718750,24.406250,24.500000,13.105620,6633600
1991-09-04,24.593750,24.812500,24.406250,24.656250,13.189205,6405600
1991-09-05,24.656250,24.781250,24.406250,24.562500,13.139060,3978000
1991-09-06,24.562500,24.906250,24.437500,24.843750,13.289495,5224400
1991-09-09,24.875000,25.281250,24.875000,25.250000,13.506815,4731600
1991-09-10,25.312500,25.312500,24.812500,24.906250,13.322931,6790400
1991-09-11,25.000000,25.343750,24.906250,25.343750,13.556962,6351600
1991-09-12,25.593750,26.000000,25.562500,26.000000,13.908006,8956400
1991-09-13,25.906250,25.937500,25.375000,25.718750,13.757560,7562000
1991-09-16,25.718750,26.093750,25.718750,25.906250,13.857860,7364400
1991-09-17,25.843750,26.218750,25.812500,26.218750,14.025016,5577200
1991-09-18,26.125000,26.375000,26.125000,26.343750,14.091890,5658400
1991-09-19,26.343750,26.593750,26.187500,26.218750,14.025016,6975200
1991-09-20,26.218750,26.281250,26.000000,26.062500,13.941434,7539200
1991-09-23,26.062500,26.156250,26.031250,26.156250,13.991588,3130400
1991-09-24,26.218750,26.468750,26.031250,26.468750,14.158753,5996800
1991-09-25,26.406250,26.437500,26.187500,26.250000,14.041732,3209200
1991-09-26,26.125000,26.437500,26.062500,26.218750,14.025016,3786800
1991-09-27,26.156250,26.343750,25.500000,25.562500,13.673967,6364400
1991-09-30,25.593750,26.062500,25.312500,25.906250,13.857860,4936400
1991-10-01,25.906250,25.937500,25.625000,25.656250,13.724133,2809200
1991-10-02,25.625000,25.625000,25.187500,25.281250,13.523531,4178800
1991-10-03,25.218750,25.250000,24.750000,24.750000,13.239358,5180000
1991-10-04,24.781250,24.906250,24.531250,24.562500,13.139060,5280800
1991-10-07,24.593750,24.843750,24.562500,24.718750,13.222632,5110400
1991-10-08,24.781250,24.843750,24.406250,24.500000,13.105620,5755200
1991-10-09,24.437500,24.562500,24.187500,24.312500,13.005324,7638000
1991-10-10,24.406250,24.968750,24.250000,24.937500,13.339650,5668800
1991-10-11,25.000000,25.125000,24.875000,24.968750,13.356360,3574400
1991-10-14,24.812500,25.406250,24.781250,25.312500,13.540240,3164000
1991-10-15,25.468750,26.187500,24.937500,26.062500,13.941434,12134400
1991-10-16,25.937500,25.937500,25.343750,25.406250,13.590406,8103600
1991-10-17,25.250000,25.312500,24.843750,24.968750,13.356360,6527600
1991-10-18,25.000000,25.093750,24.906250,25.093750,13.423234,5262800
1991-10-21,25.062500,25.250000,24.968750,25.062500,13.406519,3765200
1991-10-22,25.062500,25.125000,24.625000,24.625000,13.172486,4621600
1991-10-23,24.656250,24.687500,24.312500,24.625000,13.172486,6324000
1991-10-24,24.500000,24.781250,24.406250,24.562500,13.139060,3886400
1991-10-25,24.562500,24.656250,24.375000,24.500000,13.105620,3980400
1991-10-28,24.562500,24.656250,24.500000,24.562500,13.139060,3588800
1991-10-29,24.593750,24.843750,24.375000,24.718750,13.222632,4721600
1991-10-30,24.750000,25.062500,24.718750,25.062500,13.406519,6108400
1991-10-31,25.031250,25.093750,24.562500,24.562500,13.139060,4530000
1991-11-01,24.593750,24.843750,24.437500,24.593750,13.155769,8552000
1991-11-04,24.250000,24.437500,24.156250,24.250000,13.133438,4563600
1991-11-05,24.312500,24.437500,24.156250,24.156250,13.082649,4686400
1991-11-06,24.187500,24.312500,24.093750,24.156250,13.082649,4031200
1991-11-07,24.593750,25.000000,24.562500,24.968750,13.522692,7596800
1991-11-08,25.250000,25.343750,25.000000,25.062500,13.573468,5540000
1991-11-11,25.031250,25.187500,24.968750,25.031250,13.556542,2657200
1991-11-12,25.062500,25.156250,24.781250,24.843750,13.454992,4600000
1991-11-13,24.656250,24.781250,24.593750,24.718750,13.387294,3690400
1991-11-14,24.781250,25.031250,24.593750,25.000000,13.539623,4410000
1991-11-15,25.000000,25.031250,24.000000,24.062500,13.031887,7829200
1991-11-18,24.218750,24.437500,24.062500,24.312500,13.167284,6846000
1991-11-19,24.156250,24.187500,23.750000,24.125000,13.065737,8497200
1991-11-20,24.250000,24.343750,23.843750,23.875000,12.930334,5392800
1991-11-21,23.781250,24.187500,23.781250,23.843750,12.913412,6108000
1991-11-22,23.843750,24.000000,23.656250,23.687500,12.828794,5471200
1991-11-25,23.750000,23.906250,23.656250,23.781250,12.879562,4254000
1991-11-26,23.906250,24.531250,23.656250,24.468750,13.251898,7790800
1991-11-27,24.156250,24.281250,23.531250,23.562500,12.761091,7215600
1991-11-29,23.468750,23.468750,23.093750,23.125000,12.524156,6569600
1991-12-02,22.781250,23.093750,22.656250,23.062500,12.490294,9391200
1991-12-03,22.937500,23.031250,22.750000,22.812500,12.354903,6254400
1991-12-04,22.843750,22.875000,22.500000,22.500000,12.185656,9360000
1991-12-05,22.531250,22.781250,22.531250,22.562500,12.219509,7571200
1991-12-06,22.500000,22.562500,22.250000,22.250000,12.050256,10786400
1991-12-09,22.343750,22.437500,21.156250,21.281250,11.525601,15580400
1991-12-10,21.343750,21.625000,20.875000,21.562500,11.677922,20028000
1991-12-11,21.750000,21.968750,21.406250,21.937500,11.881014,10360800
1991-12-12,22.125000,22.312500,22.000000,22.156250,11.999494,8372400
1991-12-13,22.187500,22.218750,21.812500,22.000000,11.914866,7117200
1991-12-16,21.937500,22.000000,21.687500,21.718750,11.762546,5168400
1991-12-17,21.687500,21.750000,21.312500,21.375000,11.576371,5928000
1991-12-18,21.375000,21.718750,21.218750,21.562500,11.677922,7624000
1991-12-19,21.406250,21.468750,21.125000,21.218750,11.491747,7609600
1991-12-20,21.500000,21.562500,21.250000,21.437500,11.610215,12893200
1991-12-23,21.468750,22.125000,21.375000,22.062500,11.948711,9367200
1991-12-24,22.062500,22.500000,21.968750,22.062500,11.948711,6876800
1991-12-26,22.062500,22.218750,21.875000,22.062500,11.948711,4915200
1991-12-27,22.093750,22.406250,22.093750,22.343750,12.101031,6164000
1991-12-30,22.437500,22.687500,22.281250,22.593750,12.236436,7784800
1991-12-31,22.531250,22.781250,22.218750,22.250000,12.050256,7626000
1992-01-02,22.250000,22.656250,22.218750,22.562500,12.219509,7123600
1992-01-03,22.562500,22.781250,22.500000,22.593750,12.236436,5802400
1992-01-06,22.750000,23.281250,22.718750,23.062500,12.490294,8794000
1992-01-07,23.000000,23.687500,22.968750,23.656250,12.811862,7892000
1992-01-08,23.500000,23.750000,23.062500,23.093750,12.507227,10063600
1992-01-09,23.156250,23.562500,22.812500,22.812500,12.354903,8160400
1992-01-10,22.843750,23.125000,22.656250,22.718750,12.304126,6446000
1992-01-13,22.687500,22.718750,22.437500,22.562500,12.219509,5333200
1992-01-14,22.593750,23.125000,22.562500,23.093750,12.507227,5353600
1992-01-15,23.500000,23.937500,23.375000,23.843750,12.913412,12415600
1992-01-16,23.781250,24.281250,23.750000,23.875000,12.930334,9012800
1992-01-17,23.750000,24.531250,23.156250,24.093750,13.048808,14328000
1992-01-20,24.062500,24.093750,23.812500,23.812500,12.896489,4839600
1992-01-21,23.812500,23.875000,23.218750,23.218750,12.574919,5705600
1992-01-22,23.218750,23.906250,23.218750,23.906250,12.947259,5093600
1992-01-23,23.875000,23.968750,23.312500,23.375000,12.659540,5356800
1992-01-24,23.406250,23.562500,23.281250,23.281250,12.608772,4221200
1992-01-27,23.375000,23.500000,23.343750,23.437500,12.693396,2872000
1992-01-28,23.468750,23.500000,23.218750,23.312500,12.625690,3914000
1992-01-29,23.187500,23.531250,22.906250,22.968750,12.439526,5754400
1992-01-30,23.031250,23.125000,22.843750,22.937500,12.422603,4190400
1992-01-31,22.968750,23.000000,22.500000,22.500000,12.185656,5962000
1992-02-03,22.500000,22.843750,22.312500,22.843750,12.371831,6077200
1992-02-04,22.781250,23.062500,22.500000,23.062500,12.490294,6010400
1992-02-05,22.937500,23.031250,22.750000,22.812500,12.354903,6530000
1992-02-06,22.593750,22.718750,22.406250,22.468750,12.332261,5606800
1992-02-07,22.500000,22.593750,22.156250,22.312500,12.246498,6896800
1992-02-10,22.406250,22.468750,22.281250,22.437500,12.315109,3783200
1992-02-11,22.437500,22.718750,22.437500,22.562500,12.383718,4522800
1992-02-12,22.625000,23.093750,22.468750,23.031250,12.640997,6326000
1992-02-13,23.187500,23.312500,22.531250,22.687500,12.452329,7816000
1992-02-14,22.625000,22.781250,22.375000,22.437500,12.315109,5180400
1992-02-18,22.500000,22.781250,22.281250,22.406250,12.297957,5258000
1992-02-19,22.500000,22.687500,22.343750,22.406250,12.297957,4593600
1992-02-20,22.437500,22.656250,22.281250,22.437500,12.315109,5452800
1992-02-21,22.437500,22.593750,22.312500,22.468750,12.332261,5784400
1992-02-24,22.468750,22.562500,22.187500,22.343750,12.263654,4226000
1992-02-25,22.312500,22.312500,22.031250,22.062500,12.109276,6319200
1992-02-26,22.093750,22.156250,21.906250,22.062500,12.109276,6221200
1992-02-27,22.000000,22.093750,21.875000,21.937500,12.040678,5926400
1992-02-28,22.093750,22.156250,21.656250,21.718750,11.920618,6988800
1992-03-02,21.718750,21.937500,21.562500,21.875000,12.006372,5765600
1992-03-03,21.906250,22.156250,21.781250,22.062500,12.109276,6309200
1992-03-04,22.062500,22.406250,21.843750,21.843750,11.989224,7210000
1992-03-05,21.687500,22.031250,21.625000,21.656250,11.886311,6630800
1992-03-06,21.687500,21.812500,21.500000,21.593750,11.852009,7251200
1992-03-09,21.593750,21.843750,21.281250,21.843750,11.989224,6315200
1992-03-10,21.937500,22.093750,21.875000,21.968750,12.057833,5055200
1992-03-11,21.968750,22.093750,21.781250,21.937500,12.040678,4870400
1992-03-12,21.906250,22.281250,21.906250,22.281250,12.229351,5398800
1992-03-13,22.562500,22.562500,22.281250,22.406250,12.297957,5373600
1992-03-16,22.312500,22.406250,22.062500,22.187500,12.177897,3903200
1992-03-17,22.187500,22.218750,21.843750,21.906250,12.023527,5886800
1992-03-18,21.843750,22.125000,21.812500,21.875000,12.006372,4292400
1992-03-19,21.468750,21.781250,21.406250,21.468750,11.783398,7691600
1992-03-20,21.468750,21.656250,21.437500,21.531250,11.817702,7849600
1992-03-23,21.500000,21.687500,21.406250,21.406250,11.749089,4996000
1992-03-24,21.437500,21.500000,21.250000,21.312500,11.697635,7334000
1992-03-25,21.281250,21.500000,21.187500,21.281250,11.680485,5261200
1992-03-26,21.343750,21.343750,21.031250,21.031250,11.543267,6360400
1992-03-27,21.000000,21.093750,20.781250,20.812500,11.423211,8572400
1992-03-30,20.843750,20.968750,20.781250,20.843750,11.440352,5402000
1992-03-31,20.843750,21.218750,20.843750,20.875000,11.457508,6479200
1992-04-01,20.875000,20.875000,20.687500,20.718750,11.371756,7874400
1992-04-02,20.812500,20.875000,20.468750,20.562500,11.285988,8291200
1992-04-03,20.531250,20.593750,20.437500,20.437500,11.217382,6910000
1992-04-06,20.500000,20.781250,20.406250,20.781250,11.406052,5685200
1992-04-07,20.843750,21.218750,20.562500,20.593750,11.303144,7705600
1992-04-08,20.656250,21.250000,20.656250,21.218750,11.646185,12080400
1992-04-09,21.343750,21.468750,21.156250,21.281250,11.680485,9102400
1992-04-10,21.406250,21.531250,21.125000,21.500000,11.800556,8211600
1992-04-13,21.531250,21.875000,21.468750,21.875000,12.006372,6849200
1992-04-14,22.375000,22.437500,22.000000,22.062500,12.109276,13266400
1992-04-15,22.187500,22.218750,21.906250,22.125000,12.143588,8862400
1992-04-16,22.125000,22.156250,21.875000,22.156250,12.160740,8252400
1992-04-20,22.125000,22.437500,22.062500,22.375000,12.280806,7171200
1992-04-21,22.406250,22.562500,22.375000,22.500000,12.349416,8468800
1992-04-22,22.468750,22.531250,22.406250,22.531250,12.366562,5299600
1992-04-23,22.500000,22.656250,22.250000,22.312500,12.246498,5901600
1992-04-24,22.281250,22.312500,22.031250,22.031250,12.092132,3972400
1992-04-27,21.968750,22.187500,21.937500,22.031250,12.092132,4003600
1992-04-28,22.031250,22.125000,21.843750,22.125000,12.143588,4435600
1992-04-29,22.218750,22.218750,21.937500,22.031250,12.092132,5074400
1992-04-30,22.125000,22.687500,22.062500,22.687500,12.452329,6727600
1992-05-01,22.812500,23.031250,22.593750,22.656250,12.435175,8297600
1992-05-04,23.125000,23.250000,23.031250,23.125000,12.692453,9364800
1992-05-05,23.125000,23.500000,23.093750,23.468750,12.881125,8179600
1992-05-06,23.500000,23.531250,23.281250,23.343750,12.812516,8116400
1992-05-07,23.187500,23.531250,23.187500,23.437500,13.032858,7582800
1992-05-08,23.531250,23.562500,23.281250,23.281250,12.945978,5698800
1992-05-11,23.375000,23.593750,23.343750,23.468750,13.050239,6591200
1992-05-12,23.437500,23.468750,23.250000,23.375000,12.998111,5132000
1992-05-13,23.375000,23.406250,23.093750,23.093750,12.841707,5552800
1992-05-14,23.031250,23.062500,22.750000,22.937500,12.754817,5878000
1992-05-15,22.843750,23.031250,22.781250,22.906250,12.737450,6408400
1992-05-18,22.906250,22.968750,22.625000,22.687500,12.615815,4679600
1992-05-19,22.718750,23.125000,22.656250,23.125000,12.859085,4916000
1992-05-20,23.093750,23.187500,22.875000,22.906250,12.737450,4626000
1992-05-21,22.843750,22.906250,22.656250,22.875000,12.720069,3735600
1992-05-22,22.875000,23.062500,22.812500,22.937500,12.754817,3357600
1992-05-26,22.812500,22.875000,22.593750,22.625000,12.581055,3876400
1992-05-27,22.593750,22.750000,22.531250,22.718750,12.633185,3630000
1992-05-28,22.718750,22.875000,22.593750,22.781250,12.667936,3252000
1992-05-29,22.843750,23.000000,22.687500,22.687500,12.615815,4138800
1992-06-01,22.625000,22.812500,22.531250,22.656250,12.598430,4687200
1992-06-02,22.656250,22.750000,22.593750,22.656250,12.598430,4106400
1992-06-03,22.656250,22.687500,22.437500,22.437500,12.476788,4516400
1992-06-04,22.406250,22.437500,22.218750,22.250000,12.372524,4184000
1992-06-05,22.156250,22.687500,22.062500,22.593750,12.563677,6172800
1992-06-08,22.593750,22.812500,22.593750,22.750000,12.650557,3882400
1992-06-09,22.750000,22.750000,22.593750,22.656250,12.598430,3520400
1992-06-10,22.625000,22.781250,22.531250,22.531250,12.528923,7176400
1992-06-11,22.625000,23.031250,22.593750,23.000000,12.789585,7861600
1992-06-12,23.125000,23.468750,23.062500,23.250000,12.928594,11170400
1992-06-15,23.125000,23.531250,23.125000,23.531250,13.084990,7490800
1992-06-16,23.500000,23.500000,23.218750,23.281250,12.945978,6823200
1992-06-17,23.218750,23.468750,23.031250,23.156250,12.876464,7372800
1992-06-18,23.343750,23.968750,23.281250,23.625000,13.137121,12766800
1992-06-19,23.750000,23.875000,23.687500,23.750000,13.206630,9402000
1992-06-22,23.687500,23.843750,23.656250,23.812500,13.241385,7436800
1992-06-23,23.875000,24.093750,23.812500,23.968750,13.328265,8334400
1992-06-24,24.093750,24.468750,24.062500,24.406250,13.571555,8484400
1992-06-25,24.406250,24.562500,24.156250,24.281250,13.502046,7344000
1992-06-26,24.187500,24.343750,24.125000,24.312500,13.519418,4185600
1992-06-29,24.468750,24.656250,24.437500,24.656250,13.710567,5179600
1992-06-30,24.656250,24.656250,24.437500,24.468750,13.606306,4276000
1992-07-01,24.468750,24.625000,24.437500,24.562500,13.658429,6107600
1992-07-02,24.562500,24.562500,24.218750,24.218750,13.467288,5085200
1992-07-06,24.281250,24.562500,24.250000,24.531250,13.641058,4594800
1992-07-07,24.531250,24.687500,24.156250,24.187500,13.449911,5414400
1992-07-08,24.187500,24.468750,24.187500,24.468750,13.606306,5013200
1992-07-09,24.437500,24.593750,24.375000,24.375000,13.554167,4561600
1992-07-10,24.437500,24.468750,24.125000,24.406250,13.571555,3664400
1992-07-13,24.500000,24.718750,24.406250,24.468750,13.606306,4772800
1992-07-14,24.468750,24.593750,24.375000,24.468750,13.606306,3684000
1992-07-15,24.500000,24.843750,24.500000,24.812500,13.797455,8332000
1992-07-16,24.750000,25.093750,24.750000,25.062500,13.936474,10243600
1992-07-17,24.250000,24.343750,23.656250,23.750000,13.206630,23750000
1992-07-20,23.312500,23.343750,23.187500,23.218750,12.911222,11625200
1992-07-21,23.281250,23.562500,23.218750,23.437500,13.032858,7960400
1992-07-22,23.375000,23.500000,23.125000,23.125000,12.859085,6144400
1992-07-23,23.187500,23.312500,23.156250,23.187500,12.893840,4278400
1992-07-24,23.156250,23.406250,23.093750,23.187500,12.893840,6149200
1992-07-27,23.187500,23.312500,23.093750,23.093750,12.841707,3493200
1992-07-28,23.156250,23.500000,23.093750,23.437500,13.032858,4620400
1992-07-29,23.656250,23.718750,23.562500,23.593750,13.119744,6348800
1992-07-30,23.593750,23.875000,23.593750,23.843750,13.258759,4461200
1992-07-31,23.718750,23.781250,23.625000,23.687500,13.171883,3285600
1992-08-03,23.625000,23.812500,23.593750,23.718750,13.189255,2655600
1992-08-04,23.687500,23.718750,23.562500,23.562500,13.102370,2539200
1992-08-05,23.156250,23.250000,22.843750,22.906250,12.737450,10568800
1992-08-06,22.500000,22.531250,22.031250,22.062500,12.432449,13726800
1992-08-07,22.093750,22.156250,21.656250,21.781250,12.273962,11211200
1992-08-10,21.812500,22.187500,21.812500,22.125000,12.467667,6414000
1992-08-11,22.093750,22.156250,21.937500,22.000000,12.397237,5900400
1992-08-12,22.031250,22.250000,22.000000,22.093750,12.450059,5770000
1992-08-13,22.156250,22.281250,21.968750,22.031250,12.414840,5375600
1992-08-14,22.093750,22.187500,22.062500,22.093750,12.450059,3994400
1992-08-17,22.218750,22.281250,22.125000,22.156250,12.485276,2919600
1992-08-18,22.156250,22.156250,21.968750,22.000000,12.397237,3312800
1992-08-19,22.062500,22.125000,21.625000,21.656250,12.203518,5366400
1992-08-20,21.656250,21.718750,21.375000,21.468750,12.097866,5785200
1992-08-21,21.593750,21.625000,21.437500,21.500000,12.115474,7381200
1992-08-24,21.406250,21.562500,21.250000,21.281250,11.992207,5701600
1992-08-25,21.343750,21.781250,21.312500,21.781250,12.273962,7609600
1992-08-26,21.750000,21.781250,21.562500,21.593750,12.168298,3236400
1992-08-27,21.687500,21.843750,21.593750,21.843750,12.309180,4705200
1992-08-28,21.843750,21.843750,21.656250,21.812500,12.291568,3150800
1992-08-31,21.875000,21.875000,21.625000,21.656250,12.203518,3956000
1992-09-01,21.656250,21.906250,21.625000,21.906250,12.344400,3857600
1992-09-02,21.875000,21.906250,21.687500,21.875000,12.326789,3192800
1992-09-03,21.937500,21.937500,21.656250,21.656250,12.203518,4713600
1992-09-04,21.562500,21.656250,21.468750,21.500000,12.115474,3150800
1992-09-08,21.468750,21.593750,21.468750,21.531250,12.133085,3048800
1992-09-09,21.562500,21.718750,21.562500,21.718750,12.238739,3424400
1992-09-10,21.750000,21.875000,21.656250,21.875000,12.326789,4386800
1992-09-11,21.812500,22.062500,21.781250,22.000000,12.397237,4110400
1992-09-14,22.156250,22.187500,22.031250,22.093750,12.450059,5339200
1992-09-15,21.750000,21.750000,21.343750,21.375000,12.045031,7314800
1992-09-16,21.000000,21.125000,20.625000,20.781250,11.710451,19267600
1992-09-17,20.812500,20.937500,20.687500,20.937500,11.798499,9558400
1992-09-18,20.843750,21.000000,20.812500,20.875000,11.763275,9266400
1992-09-21,20.968750,21.125000,20.968750,21.093750,11.886547,5025200
1992-09-22,21.093750,21.156250,20.781250,20.812500,11.728058,6032800
1992-09-23,20.843750,20.937500,20.812500,20.906250,11.780886,4450000
1992-09-24,20.937500,20.937500,20.562500,20.625000,11.622403,6388800
1992-09-25,20.625000,20.781250,20.500000,20.562500,11.587177,6580400
1992-09-28,20.500000,20.718750,20.500000,20.687500,11.657619,4589200
1992-09-29,20.562500,20.687500,20.250000,20.250000,11.411084,8558800
1992-09-30,20.093750,20.343750,20.000000,20.187500,11.375863,12027200
1992-10-01,20.250000,20.281250,20.000000,20.031250,11.287818,8548800
1992-10-02,20.062500,20.125000,19.562500,19.625000,11.058891,13153200
1992-10-05,19.531250,19.718750,18.875000,19.718750,11.111720,15406400
1992-10-06,19.781250,20.093750,19.656250,19.937500,11.234987,7226400
1992-10-07,19.968750,20.000000,19.500000,19.593750,11.041279,5016800
1992-10-08,19.718750,19.875000,19.625000,19.843750,11.182160,4831200
1992-10-09,19.843750,19.968750,19.562500,19.625000,11.058891,5417600
1992-10-12,19.656250,19.750000,19.593750,19.625000,11.058891,3519600
1992-10-13,19.687500,20.000000,19.593750,19.687500,11.094113,5924000
1992-10-14,19.593750,19.718750,19.187500,19.500000,10.988453,7798800
1992-10-15,18.312500,18.531250,18.000000,18.218750,10.266451,33316000
1992-10-16,18.218750,18.218750,17.218750,17.687500,9.967086,30614000
1992-10-19,17.531250,17.562500,17.125000,17.125000,9.650112,15607200
1992-10-20,17.312500,17.406250,16.937500,17.093750,9.632500,13419600
1992-10-21,17.156250,17.281250,17.062500,17.125000,9.650112,11067600
1992-10-22,17.187500,17.250000,17.000000,17.125000,9.650112,9732400
1992-10-23,17.125000,17.343750,17.093750,17.281250,9.738168,8948400
1992-10-26,17.125000,17.187500,16.875000,16.875000,9.509236,10102800
1992-10-27,16.781250,16.812500,16.250000,16.437500,9.262702,18146800
1992-10-28,16.437500,16.781250,16.406250,16.781250,9.456406,11386000
1992-10-29,16.843750,16.906250,16.406250,16.500000,9.297924,10283200
1992-10-30,16.500000,16.843750,16.500000,16.718750,9.421185,9178000
1992-11-02,16.750000,17.250000,16.750000,17.218750,9.702942,9288400
1992-11-03,17.125000,17.468750,17.125000,17.281250,9.738168,9500800
1992-11-04,17.250000,17.406250,17.031250,17.062500,9.614896,8319200
1992-11-05,16.781250,16.812500,16.406250,16.468750,9.447813,8544800
1992-11-06,16.343750,16.625000,16.250000,16.562500,9.501594,10569200
1992-11-09,16.562500,16.906250,16.562500,16.875000,9.680874,8865600
1992-11-10,16.906250,17.000000,16.468750,16.468750,9.447813,8748400
1992-11-11,16.406250,16.437500,16.125000,16.250000,9.322316,12580400
1992-11-12,16.281250,16.343750,16.031250,16.031250,9.196825,12532000
1992-11-13,16.218750,16.281250,16.000000,16.218750,9.304387,7405200
1992-11-16,16.187500,16.375000,16.156250,16.218750,9.304387,7060400
1992-11-17,16.218750,16.250000,16.000000,16.062500,9.214751,8082800
1992-11-18,16.031250,16.093750,15.687500,15.781250,9.053403,10828400
1992-11-19,15.750000,15.968750,15.250000,15.312500,8.784493,13230400
1992-11-20,15.343750,15.656250,15.218750,15.562500,8.927911,14860800
1992-11-23,15.593750,15.968750,15.562500,15.812500,9.071334,8880800
1992-11-24,15.937500,16.375000,15.875000,16.218750,9.304387,11388400
1992-11-25,16.343750,16.500000,16.281250,16.343750,9.376100,7154800
1992-11-27,16.468750,16.562500,16.312500,16.500000,9.465742,4918000
1992-11-30,16.968750,17.156250,16.875000,17.062500,9.788436,12956000
1992-12-01,17.093750,17.218750,16.875000,16.937500,9.716723,8359200
1992-12-02,16.937500,17.062500,16.906250,16.968750,9.734653,5331600
1992-12-03,16.968750,17.000000,16.687500,16.812500,9.645018,5785600
1992-12-04,16.843750,16.906250,16.656250,16.750000,9.609159,5785600
1992-12-07,16.812500,16.843750,16.437500,16.468750,9.447813,6673600
1992-12-08,16.375000,16.437500,16.093750,16.343750,9.376100,8853600
1992-12-09,16.000000,16.062500,15.375000,15.656250,8.981696,14416400
1992-12-10,15.406250,15.593750,15.343750,15.437500,8.856203,12756000
1992-12-11,15.437500,15.718750,15.406250,15.593750,8.945841,7787200
1992-12-14,15.593750,15.843750,15.593750,15.718750,9.017551,10167200
1992-12-15,14.968750,14.968750,14.000000,14.031250,8.049457,48774000
1992-12-16,13.406250,13.750000,12.687500,12.968750,7.439923,53685200
1992-12-17,13.031250,13.343750,12.812500,13.250000,7.601274,32101600
1992-12-18,13.281250,13.312500,12.562500,12.843750,7.368219,30629600
1992-12-21,12.812500,12.906250,12.187500,12.218750,7.009665,29538000
1992-12-22,12.500000,13.000000,12.250000,12.937500,7.421999,24462800
1992-12-23,12.906250,13.156250,12.750000,12.812500,7.350292,16744800
1992-12-24,12.843750,13.250000,12.812500,13.187500,7.565421,7149200
1992-12-28,13.218750,13.250000,12.781250,12.937500,7.421999,11082400
1992-12-29,12.531250,12.781250,12.312500,12.437500,7.135159,20006000
1992-12-30,12.593750,12.718750,12.437500,12.531250,7.188943,15928400
1992-12-31,12.531250,12.812500,12.500000,12.593750,7.224794,16729600
1993-01-04,12.937500,12.968750,12.500000,12.531250,7.188943,14225600
1993-01-05,12.500000,12.500000,12.125000,12.218750,7.009665,13935200
1993-01-06,12.218750,12.281250,11.781250,12.000000,6.884174,19358400
1993-01-07,12.000000,12.156250,11.656250,11.750000,6.740754,14734800
1993-01-08,11.687500,11.718750,11.468750,11.625000,6.669044,15790800
1993-01-11,11.687500,12.093750,11.687500,11.937500,6.848316,15498800
1993-01-12,12.000000,12.468750,11.937500,12.187500,6.991741,19464400
1993-01-13,12.250000,12.250000,11.875000,11.937500,6.848316,12833200
1993-01-14,12.093750,12.375000,11.937500,12.187500,6.991741,17147200
1993-01-15,12.062500,12.250000,11.937500,12.062500,6.920031,13492800
1993-01-18,12.218750,12.531250,12.156250,12.375000,7.099304,11902000
1993-01-19,12.562500,12.718750,11.812500,12.093750,6.937959,20156800
1993-01-20,12.062500,12.062500,11.656250,11.718750,6.722823,13433200
1993-01-21,11.750000,11.750000,11.468750,11.593750,6.651116,14555600
1993-01-22,11.625000,12.187500,11.625000,12.156250,6.973813,13682000
1993-01-25,12.187500,12.312500,11.875000,12.218750,7.009665,12218000
1993-01-26,13.218750,13.312500,12.187500,12.250000,7.027592,31217600
1993-01-27,12.281250,12.500000,12.062500,12.406250,7.117231,13230800
1993-01-28,12.500000,12.718750,12.437500,12.562500,7.206868,12382800
1993-01-29,12.750000,12.906250,12.718750,12.875000,7.386145,11926000
1993-02-01,13.000000,13.156250,13.000000,13.156250,7.547493,12158000
1993-02-02,13.062500,13.250000,13.000000,13.031250,7.475782,10541600
1993-02-03,13.125000,13.187500,12.718750,12.781250,7.332363,12790400
1993-02-04,12.750000,12.968750,12.687500,12.843750,7.446875,9488400
1993-02-05,12.937500,13.156250,12.906250,13.000000,7.537468,12586000
1993-02-08,13.062500,13.281250,13.031250,13.218750,7.664305,10330000
1993-02-09,13.250000,13.625000,13.218750,13.343750,7.736773,14322800
1993-02-10,13.406250,13.468750,12.906250,13.062500,7.573707,14409600
1993-02-11,12.968750,12.968750,12.625000,12.781250,7.410636,12374400
1993-02-12,12.781250,12.906250,12.625000,12.687500,7.356278,6433200
1993-02-16,12.625000,12.718750,12.187500,12.500000,7.247567,11937600
1993-02-17,12.562500,12.687500,12.437500,12.625000,7.320043,8032000
1993-02-18,12.750000,12.812500,12.437500,12.625000,7.320043,8332400
1993-02-19,12.656250,12.687500,12.500000,12.625000,7.320043,7657600
1993-02-22,12.625000,12.843750,12.625000,12.812500,7.428756,7544800
1993-02-23,12.875000,12.937500,12.687500,12.781250,7.410636,6755600
1993-02-24,12.781250,13.000000,12.750000,12.968750,7.519346,7446000
1993-02-25,12.937500,13.468750,12.906250,13.437500,7.791132,10568400
1993-02-26,13.500000,13.718750,13.343750,13.593750,7.881731,12123200
1993-03-01,13.687500,13.843750,13.625000,13.687500,7.936085,10496800
1993-03-02,13.656250,13.656250,13.437500,13.562500,7.863614,7140800
1993-03-03,13.593750,13.875000,13.406250,13.812500,8.008560,10871600
1993-03-04,13.812500,13.812500,13.625000,13.718750,7.954202,6880800
1993-03-05,13.843750,13.968750,13.687500,13.812500,8.008560,10661200
1993-03-08,13.875000,14.062500,13.812500,14.031250,8.135385,13425600
1993-03-09,14.031250,14.187500,14.000000,14.156250,8.207866,9726000
1993-03-10,14.218750,14.281250,13.750000,13.968750,8.099153,14489600
1993-03-11,13.968750,13.968750,13.687500,13.718750,7.954202,9042400
1993-03-12,13.500000,13.937500,13.406250,13.906250,8.062912,9710800
1993-03-15,14.031250,14.062500,13.750000,13.750000,7.972322,4830000
1993-03-16,13.781250,13.843750,13.718750,13.781250,7.990442,4576800
1993-03-17,13.750000,13.906250,13.531250,13.625000,7.899845,5487200
1993-03-18,13.656250,13.687500,13.562500,13.656250,7.917968,5583600
1993-03-19,13.625000,13.625000,13.406250,13.437500,7.791132,8929200
1993-03-22,13.375000,13.437500,13.187500,13.406250,7.773017,6731200
1993-03-23,13.343750,13.562500,13.218750,13.562500,7.863614,6629200
1993-03-24,13.343750,13.437500,12.718750,12.781250,7.410636,14302400
1993-03-25,12.687500,12.718750,12.531250,12.625000,7.320043,11220400
1993-03-26,12.656250,12.906250,12.656250,12.843750,7.446875,9603600
1993-03-29,13.000000,13.187500,12.906250,12.937500,7.501230,8231200
1993-03-30,13.000000,13.000000,12.468750,12.500000,7.247567,10202000
1993-03-31,12.562500,12.875000,12.531250,12.718750,7.374394,10373200
1993-04-01,12.875000,13.031250,12.843750,12.968750,7.519346,7670400
1993-04-02,13.000000,13.281250,12.937500,13.156250,7.628064,11237200
1993-04-05,13.156250,13.250000,12.906250,13.156250,7.628064,6808400
1993-04-06,13.156250,13.156250,12.937500,13.000000,7.537468,5642000
1993-04-07,12.812500,13.062500,12.718750,13.062500,7.573707,4946800
1993-04-08,13.062500,13.093750,12.562500,12.562500,7.283802,4822400
1993-04-12,12.687500,12.968750,12.656250,12.750000,7.392519,5597200
1993-04-13,12.750000,12.781250,12.312500,12.343750,7.156976,9255600
1993-04-14,12.281250,12.406250,12.125000,12.250000,7.102612,11047600
1993-04-15,12.250000,12.312500,12.125000,12.187500,7.066378,6251600
1993-04-16,12.250000,12.281250,12.125000,12.250000,7.102612,8439600
1993-04-19,12.562500,12.656250,12.218750,12.312500,7.138852,6998000
1993-04-20,12.468750,12.656250,12.187500,12.656250,7.338159,11799200
1993-04-21,12.500000,12.562500,12.281250,12.281250,7.120733,8731200
1993-04-22,12.218750,12.250000,12.031250,12.125000,7.030141,8602400
1993-04-23,12.031250,12.093750,11.843750,11.937500,6.921422,8626400
1993-04-26,12.031250,12.312500,11.968750,12.093750,7.012022,8000800
1993-04-27,12.093750,12.187500,11.968750,12.093750,7.012022,5892000
1993-04-28,12.187500,12.687500,12.156250,12.468750,7.229445,12906400
1993-04-29,12.468750,12.531250,12.093750,12.218750,7.084495,6292400
1993-04-30,12.218750,12.343750,12.156250,12.156250,7.048260,5326400
1993-05-03,12.281250,12.343750,12.125000,12.312500,7.138852,5288400
1993-05-04,12.406250,12.468750,12.312500,12.312500,7.138852,5492800
1993-05-05,12.250000,12.375000,12.218750,12.343750,7.156976,5412000
1993-05-06,12.125000,12.156250,12.000000,12.062500,7.071238,4608000
1993-05-07,12.031250,12.156250,11.937500,12.156250,7.126195,5647600
1993-05-10,12.218750,12.281250,12.093750,12.218750,7.162833,6844400
1993-05-11,12.218750,12.218750,12.093750,12.218750,7.162833,4504400
1993-05-12,12.062500,12.156250,11.968750,12.000000,7.034598,5244000
1993-05-13,11.875000,11.937500,11.781250,11.875000,6.961321,5244800
1993-05-14,11.875000,12.031250,11.843750,11.968750,7.016280,4853600
1993-05-17,11.968750,12.062500,11.875000,11.906250,6.979638,3378400
1993-05-18,11.937500,12.250000,11.937500,12.250000,7.181151,10647600
1993-05-19,12.281250,12.531250,12.093750,12.406250,7.272750,12068000
1993-05-20,12.343750,12.375000,12.187500,12.312500,7.217790,5651200
1993-05-21,12.187500,12.312500,12.062500,12.093750,7.089557,6181200
1993-05-24,12.156250,12.468750,12.125000,12.437500,7.291068,7100000
1993-05-25,12.468750,12.718750,12.468750,12.593750,7.382667,11763200
1993-05-26,12.625000,13.187500,12.625000,13.187500,7.730729,16225600
1993-05-27,13.312500,13.500000,13.218750,13.312500,7.804010,16064800
1993-05-28,13.281250,13.281250,13.000000,13.187500,7.730729,9063200
1993-06-01,13.312500,13.343750,12.968750,13.000000,7.620818,7794800
1993-06-02,12.937500,13.500000,12.937500,13.468750,7.895601,9932000
1993-06-03,13.500000,13.593750,13.375000,13.468750,7.895601,10491600
1993-06-04,13.500000,13.593750,13.406250,13.500000,7.913921,7514800
1993-06-07,13.500000,13.500000,13.062500,13.062500,7.657454,6763200
1993-06-08,13.062500,13.125000,12.906250,13.062500,7.657454,5859600
1993-06-09,13.250000,13.343750,13.156250,13.218750,7.749054,4872800
1993-06-10,13.187500,13.187500,12.875000,13.125000,7.694094,6020800
1993-06-11,13.218750,13.250000,13.093750,13.125000,7.694094,5361200
1993-06-14,13.062500,13.125000,12.968750,13.000000,7.620818,4698800
1993-06-15,12.968750,12.968750,12.437500,12.468750,7.309387,12107200
1993-06-16,12.375000,12.593750,12.218750,12.593750,7.382667,10532800
1993-06-17,12.531250,12.562500,12.343750,12.406250,7.272750,5211600
1993-06-18,12.406250,12.406250,12.218750,12.343750,7.236109,8301200
1993-06-21,12.531250,12.531250,12.250000,12.312500,7.217790,4964800
1993-06-22,12.281250,12.406250,12.281250,12.312500,7.217790,4279200
1993-06-23,12.312500,12.343750,12.125000,12.156250,7.126195,6006000
1993-06-24,12.156250,12.281250,12.156250,12.187500,7.144512,4414400
1993-06-25,12.250000,12.437500,12.250000,12.437500,7.291068,5505200
1993-06-28,12.468750,12.687500,12.437500,12.593750,7.382667,5594000
1993-06-29,12.593750,12.625000,12.187500,12.343750,7.236109,5751200
1993-06-30,12.375000,12.468750,12.281250,12.343750,7.236109,3945200
1993-07-01,12.406250,12.437500,12.281250,12.312500,7.217790,3581200
1993-07-02,12.125000,12.156250,11.937500,12.062500,7.071238,9738000
1993-07-06,12.000000,12.031250,11.718750,11.718750,6.869723,7310000
1993-07-07,11.718750,11.750000,11.593750,11.656250,6.833086,5914400
1993-07-08,11.718750,11.906250,11.593750,11.656250,6.833086,7257600
1993-07-09,11.687500,11.750000,11.593750,11.656250,6.833086,4714400
1993-07-12,11.718750,12.062500,11.687500,12.031250,7.052916,5034400
1993-07-13,12.031250,12.125000,11.812500,11.906250,6.979638,4321600
1993-07-14,11.875000,11.968750,11.781250,11.843750,6.943003,3708800
1993-07-15,11.843750,11.968750,11.781250,11.875000,6.961321,4530400
1993-07-16,11.875000,11.875000,11.375000,11.406250,6.686532,10565600
1993-07-19,11.406250,11.500000,10.843750,10.906250,6.393422,17930000
1993-07-20,10.906250,10.937500,10.406250,10.718750,6.283505,18353200
1993-07-21,10.781250,10.968750,10.750000,10.906250,6.393422,7702800
1993-07-22,10.937500,11.187500,10.750000,10.843750,6.356783,10291200
1993-07-23,10.906250,10.906250,10.500000,10.562500,6.191911,9976800
1993-07-26,10.468750,10.750000,10.281250,10.593750,6.210230,15691200
1993-07-27,11.218750,11.468750,11.125000,11.406250,6.686532,25041200
1993-07-28,11.500000,11.593750,10.968750,11.000000,6.448380,16866800
1993-07-29,11.000000,11.125000,10.843750,10.968750,6.430066,10139600
1993-07-30,10.906250,11.125000,10.906250,11.125000,6.521660,7520400
1993-08-02,11.093750,11.187500,10.968750,10.968750,6.430066,5352400
1993-08-03,11.000000,11.031250,10.781250,10.843750,6.356783,5010800
1993-08-04,10.843750,11.093750,10.812500,11.093750,6.503340,5329200
1993-08-05,11.031250,11.187500,10.875000,10.937500,6.448070,4940000
1993-08-06,10.906250,10.937500,10.781250,10.843750,6.392798,4482400
1993-08-09,10.843750,10.937500,10.718750,10.781250,6.355957,5374800
1993-08-10,10.781250,10.843750,10.718750,10.812500,6.374376,4474800
1993-08-11,10.875000,10.875000,10.500000,10.562500,6.226993,7021200
1993-08-12,10.625000,10.625000,10.312500,10.437500,6.153300,8331600
1993-08-13,10.500000,10.500000,10.375000,10.406250,6.134876,4456400
1993-08-16,10.406250,10.437500,10.156250,10.250000,6.042763,7701600
1993-08-17,10.250000,10.750000,10.250000,10.750000,6.337533,8076000
1993-08-18,10.843750,10.875000,10.593750,10.687500,6.300686,7818000
1993-08-19,10.781250,10.812500,10.687500,10.750000,6.337533,6257200
1993-08-20,10.750000,10.812500,10.656250,10.781250,6.355957,6784400
1993-08-23,10.781250,11.187500,10.750000,11.093750,6.540186,10530000
1993-08-24,11.125000,11.156250,10.906250,10.968750,6.466496,6091200
1993-08-25,11.000000,11.031250,10.875000,11.000000,6.484915,5284800
1993-08-26,11.031250,11.187500,10.906250,11.000000,6.484915,7414400
1993-08-27,10.968750,11.031250,10.906250,11.031250,6.503338,3897600
1993-08-30,11.031250,11.187500,11.031250,11.156250,6.577031,6230400
1993-08-31,11.187500,11.468750,11.187500,11.437500,6.742840,9854400
1993-09-01,11.437500,11.593750,11.406250,11.468750,6.761265,7955600
1993-09-02,11.500000,11.593750,11.437500,11.500000,6.779685,4744400
1993-09-03,11.562500,11.593750,11.406250,11.437500,6.742840,4112000
1993-09-07,11.531250,11.562500,11.312500,11.375000,6.705996,5301600
1993-09-08,11.312500,11.343750,10.937500,11.093750,6.540186,9416000
1993-09-09,11.062500,11.156250,11.031250,11.093750,6.540186,7043200
1993-09-10,11.156250,11.156250,10.875000,10.937500,6.448070,8658800
1993-09-13,10.968750,11.093750,10.875000,10.968750,6.466496,5436400
1993-09-14,10.968750,10.968750,10.843750,10.875000,6.411223,4358400
1993-09-15,10.875000,10.968750,10.812500,10.906250,6.429646,7725200
1993-09-16,10.875000,11.000000,10.843750,10.875000,6.411223,3154000
1993-09-17,10.812500,10.843750,10.687500,10.843750,6.392798,12769200
1993-09-20,10.812500,10.843750,10.562500,10.562500,6.226993,5320000
1993-09-21,10.625000,10.656250,10.468750,10.531250,6.208570,7419200
1993-09-22,10.562500,10.625000,10.406250,10.468750,6.171723,6836400
1993-09-23,10.500000,10.593750,10.437500,10.468750,6.171723,7690000
1993-09-24,10.468750,10.500000,10.375000,10.437500,6.153300,5220800
1993-09-27,10.437500,10.468750,10.375000,10.437500,6.153300,6416800
1993-09-28,10.437500,10.656250,10.406250,10.437500,6.153300,9495600
1993-09-29,10.437500,10.531250,10.312500,10.406250,6.134876,8784800
1993-09-30,10.406250,10.531250,10.343750,10.500000,6.190150,5857600
1993-10-01,10.531250,10.968750,10.531250,10.968750,6.466496,13348400
1993-10-04,11.062500,11.187500,10.937500,11.062500,6.521761,9658000
1993-10-05,11.093750,11.125000,10.812500,10.937500,6.448070,6256800
1993-10-06,10.875000,11.093750,10.812500,11.000000,6.484915,6570000
1993-10-07,11.000000,11.031250,10.906250,11.000000,6.484915,4183600
1993-10-08,11.093750,11.093750,10.843750,11.062500,6.521761,6428400
1993-10-11,11.062500,11.093750,10.968750,11.031250,6.503338,2139600
1993-10-12,11.031250,11.093750,10.937500,10.937500,6.448070,5351600
1993-10-13,10.875000,10.968750,10.781250,10.781250,6.355957,4418400
1993-10-14,10.781250,10.812500,10.625000,10.656250,6.282260,6714000
1993-10-15,10.750000,11.218750,10.718750,11.125000,6.558611,12885600
1993-10-18,11.125000,11.281250,10.968750,11.000000,6.484915,8272800
1993-10-19,11.000000,11.156250,10.718750,10.843750,6.392798,7807600
1993-10-20,10.843750,10.906250,10.718750,10.906250,6.429646,5213200
1993-10-21,10.906250,11.312500,10.875000,11.250000,6.632303,9912400
1993-10-22,11.343750,11.437500,11.093750,11.125000,6.558611,10876800
1993-10-25,10.968750,11.250000,10.937500,11.218750,6.613879,8868800
1993-10-26,11.437500,11.562500,11.093750,11.562500,6.816529,17407600
1993-10-27,11.593750,11.656250,11.437500,11.500000,6.779685,17541200
1993-10-28,11.437500,11.593750,11.406250,11.437500,6.742840,10650000
1993-10-29,11.500000,11.656250,11.468750,11.500000,6.779685,7646400
1993-11-01,11.500000,12.000000,11.437500,11.937500,7.037607,15852400
1993-11-02,12.250000,12.781250,12.125000,12.718750,7.498181,40832400
1993-11-03,12.750000,12.781250,12.531250,12.687500,7.479762,20897600
1993-11-04,12.562500,12.625000,12.343750,12.437500,7.368680,12093200
1993-11-05,12.437500,12.531250,12.343750,12.468750,7.387191,13198400
1993-11-08,12.562500,12.687500,12.500000,12.562500,7.442734,7523600
1993-11-09,12.625000,12.656250,12.250000,12.281250,7.276107,10071200
1993-11-10,12.375000,12.531250,12.250000,12.468750,7.387191,8226800
1993-11-11,12.562500,13.093750,12.531250,13.000000,7.701932,14733600
1993-11-12,13.062500,13.125000,12.875000,12.906250,7.646393,12788800
1993-11-15,12.906250,12.906250,12.718750,12.750000,7.553820,5813600
1993-11-16,12.781250,13.250000,12.687500,13.187500,7.813018,13556800
1993-11-17,13.375000,13.562500,12.968750,12.968750,7.683423,17522800
1993-11-18,13.062500,13.281250,13.031250,13.187500,7.813018,9740400
1993-11-19,13.062500,13.156250,12.875000,12.968750,7.683423,9326800
1993-11-22,12.968750,13.125000,12.906250,13.000000,7.701932,10381200
1993-11-23,13.093750,13.312500,12.968750,13.281250,7.868561,8268800
1993-11-24,13.500000,13.812500,13.437500,13.781250,8.164790,16736000
1993-11-26,13.875000,14.000000,13.781250,13.937500,8.257360,4844000
1993-11-29,14.000000,14.031250,13.593750,13.593750,8.053698,9951600
1993-11-30,13.625000,13.781250,13.437500,13.468750,7.979644,7907200
1993-12-01,13.687500,13.687500,13.281250,13.281250,7.868561,9541200
1993-12-02,13.312500,13.531250,13.312500,13.437500,7.961131,7463200
1993-12-03,13.500000,13.500000,13.281250,13.375000,7.924102,7038800
1993-12-06,13.250000,13.593750,13.187500,13.437500,7.961131,7026800
1993-12-07,13.531250,13.562500,13.312500,13.437500,7.961131,6203600
1993-12-08,13.468750,13.531250,13.343750,13.468750,7.979644,4004000
1993-12-09,13.468750,13.531250,13.312500,13.406250,7.942621,5664000
1993-12-10,13.500000,13.875000,13.468750,13.812500,8.183304,15429600
1993-12-13,13.968750,14.437500,13.843750,14.343750,8.498043,19524400
1993-12-14,14.312500,14.343750,14.000000,14.031250,8.312900,9742000
1993-12-15,14.031250,14.406250,13.906250,14.218750,8.423989,9145200
1993-12-16,14.312500,14.406250,14.281250,14.375000,8.516559,11811200
1993-12-17,14.437500,14.968750,14.437500,14.937500,8.849813,23063200
1993-12-20,14.812500,14.843750,14.562500,14.593750,8.646156,11342000
1993-12-21,14.562500,14.781250,14.531250,14.656250,8.683189,9089200
1993-12-22,14.687500,14.812500,14.625000,14.812500,8.775759,6121200
1993-12-23,14.812500,14.843750,14.625000,14.656250,8.683189,5293200
1993-12-27,14.656250,14.812500,14.500000,14.781250,8.757244,5646800
1993-12-28,14.718750,14.843750,14.562500,14.593750,8.646156,5109600
1993-12-29,14.625000,14.687500,14.531250,14.531250,8.609130,4323600
1993-12-30,14.500000,14.593750,14.218750,14.250000,8.442498,6651200
1993-12-31,14.156250,14.343750,14.093750,14.125000,8.368449,7675600
1994-01-03,14.218750,14.437500,14.218750,14.406250,8.535069,5723200
1994-01-04,14.531250,14.781250,14.500000,14.750000,8.738729,7387200
1994-01-05,14.750000,14.968750,14.625000,14.875000,8.812790,10280000
1994-01-06,15.000000,15.000000,14.625000,14.625000,8.664675,9519200
1994-01-07,14.625000,14.843750,14.500000,14.718750,8.720216,5834400
1994-01-10,14.718750,14.875000,14.625000,14.812500,8.775759,6940000
1994-01-11,14.781250,14.843750,14.625000,14.656250,8.683189,6762400
1994-01-12,14.687500,14.718750,14.531250,14.531250,8.609130,6012400
1994-01-13,14.562500,14.750000,14.562500,14.687500,8.701702,7216800
1994-01-14,14.687500,14.875000,14.593750,14.656250,8.683189,6344000
1994-01-17,14.625000,14.625000,14.281250,14.375000,8.516559,6112400
1994-01-18,14.343750,14.343750,14.093750,14.281250,8.461020,9023600
1994-01-19,14.187500,14.250000,13.937500,14.000000,8.294389,7838000
1994-01-20,13.968750,13.968750,13.781250,13.812500,8.183304,9114000
1994-01-21,13.781250,13.906250,13.687500,13.812500,8.183304,12706400
1994-01-24,13.937500,14.687500,13.937500,14.656250,8.683189,16877200
1994-01-25,14.718750,14.843750,13.843750,14.562500,8.627648,40618000
1994-01-26,14.687500,14.687500,14.000000,14.093750,8.349931,16358400
1994-01-27,14.156250,14.375000,14.125000,14.281250,8.461020,8860800
1994-01-28,14.531250,14.531250,14.375000,14.437500,8.553591,6175600
1994-01-31,14.468750,14.468750,14.125000,14.125000,8.368449,8369600
1994-02-01,14.218750,14.343750,14.125000,14.125000,8.368449,7433600
1994-02-02,14.125000,14.125000,13.875000,14.093750,8.349931,8612800
1994-02-03,14.062500,14.218750,13.937500,13.937500,8.257360,7055200
1994-02-04,13.875000,13.906250,13.000000,13.000000,7.736625,14239600
1994-02-07,13.093750,13.656250,13.062500,13.562500,8.071387,16475200
1994-02-08,13.687500,13.687500,13.343750,13.406250,7.978395,8035200
1994-02-09,13.468750,13.562500,13.281250,13.281250,7.904001,7916400
1994-02-10,13.343750,13.406250,13.187500,13.218750,7.866807,6262400
1994-02-11,13.125000,13.343750,13.000000,13.312500,7.922602,7942000
1994-02-14,13.343750,13.656250,13.343750,13.500000,8.034189,7494800
1994-02-15,13.593750,13.656250,13.500000,13.625000,8.108577,6909600
1994-02-16,13.812500,13.812500,13.625000,13.656250,8.127175,5982800
1994-02-17,13.718750,13.750000,13.125000,13.187500,7.848214,9160800
1994-02-18,13.156250,13.218750,13.031250,13.156250,7.829612,10714800
1994-02-22,13.156250,13.468750,13.156250,13.406250,7.978395,5107600
1994-02-23,13.437500,13.562500,13.312500,13.375000,7.959797,4780800
1994-02-24,13.312500,13.343750,13.156250,13.218750,7.866807,6611600
1994-02-25,13.343750,13.343750,13.156250,13.218750,7.866807,4246800
1994-02-28,13.281250,13.312500,13.156250,13.218750,7.866807,3842800
1994-03-01,13.218750,13.468750,13.125000,13.406250,7.978395,8139600
1994-03-02,13.187500,13.375000,13.031250,13.250000,7.885407,10888400
1994-03-03,13.218750,13.343750,13.156250,13.156250,7.829612,6466000
1994-03-04,13.312500,13.312500,13.093750,13.156250,7.829612,6886800
1994-03-07,13.250000,13.250000,13.031250,13.062500,7.773821,7134800
1994-03-08,13.031250,13.718750,12.843750,13.687500,8.145777,18578000
1994-03-09,13.750000,13.937500,13.687500,13.843750,8.238765,14960400
1994-03-10,13.875000,14.062500,13.781250,14.000000,8.331753,12110000
1994-03-11,14.031250,14.062500,13.812500,13.968750,8.313150,6753200
1994-03-14,14.031250,14.468750,13.968750,14.375000,8.554923,11664000
1994-03-15,14.437500,14.593750,14.343750,14.343750,8.536326,9810000
1994-03-16,14.406250,14.562500,14.281250,14.562500,8.666512,7533600
1994-03-17,14.562500,14.562500,14.375000,14.468750,8.610711,7576400
1994-03-18,14.468750,14.562500,14.187500,14.281250,8.499126,13024800
1994-03-21,14.218750,14.718750,14.187500,14.656250,8.722301,10804000
1994-03-22,14.500000,14.656250,14.437500,14.562500,8.666512,7397200
1994-03-23,14.250000,14.468750,14.156250,14.312500,8.517728,10651600
1994-03-24,14.218750,14.281250,14.000000,14.093750,8.387540,8163600
1994-03-25,14.125000,14.125000,13.406250,13.500000,8.034189,11934000
1994-03-28,13.593750,13.656250,13.125000,13.406250,7.978395,13426000
1994-03-29,13.406250,13.593750,13.125000,13.156250,7.829612,12658800
1994-03-30,13.125000,13.750000,13.125000,13.375000,7.959797,16530000
1994-03-31,13.500000,13.656250,13.000000,13.656250,8.127175,13841600
1994-04-04,13.250000,13.375000,13.062500,13.250000,7.885407,11060000
1994-04-05,13.375000,13.531250,13.250000,13.343750,7.941203,9356400
1994-04-06,13.375000,13.386719,13.187500,13.281250,7.904001,7720000
1994-04-07,13.312500,13.312500,13.062500,13.281250,7.904001,7099600
1994-04-08,13.218750,13.281250,13.093750,13.125000,7.811016,5236400
1994-04-11,13.156250,13.343750,13.062500,13.250000,7.885407,5209200
1994-04-12,13.437500,13.468750,13.125000,13.218750,7.866807,7552800
1994-04-13,13.218750,13.343750,12.968750,13.093750,7.792416,13984400
1994-04-14,13.125000,13.468750,13.125000,13.468750,8.015593,10512000
1994-04-15,13.468750,13.625000,13.156250,13.250000,7.885407,10556000
1994-04-18,13.218750,13.531250,13.187500,13.343750,7.941203,12480000
1994-04-19,13.375000,13.437500,12.843750,13.343750,7.941203,8376000
1994-04-20,13.312500,13.375000,12.937500,13.062500,7.773821,8830800
1994-04-21,13.750000,14.656250,13.500000,14.593750,8.685107,35032400
1994-04-22,14.593750,14.875000,14.500000,14.687500,8.740905,22642000
1994-04-25,14.625000,14.812500,14.562500,14.812500,8.815289,12249200
1994-04-26,14.718750,14.812500,14.625000,14.625000,8.703707,8868800
1994-04-28,14.468750,14.562500,14.187500,14.281250,8.499126,9190000
1994-04-29,14.343750,14.468750,14.218750,14.375000,8.554923,7634400
1994-05-02,14.375000,14.593750,14.218750,14.500000,8.629313,6434000
1994-05-03,14.531250,14.656250,14.468750,14.593750,8.685107,5506400
1994-05-04,14.562500,14.562500,14.375000,14.437500,8.592119,6001200
1994-05-05,14.343750,14.375000,14.218750,14.281250,8.536085,4164400
1994-05-06,14.125000,14.281250,14.062500,14.125000,8.442690,7917200
1994-05-09,14.125000,14.468750,14.125000,14.250000,8.517406,7520000
1994-05-10,14.406250,14.562500,14.343750,14.500000,8.666833,7942400
1994-05-11,14.500000,14.562500,14.250000,14.312500,8.554758,6186800
1994-05-12,14.406250,14.437500,14.250000,14.312500,8.554758,3690400
1994-05-13,14.375000,14.468750,14.312500,14.375000,8.592121,4402000
1994-05-16,14.406250,14.656250,14.343750,14.625000,8.741550,6392400
1994-05-17,14.656250,15.375000,14.656250,15.312500,9.152476,21587600
1994-05-18,15.406250,15.468750,15.125000,15.187500,9.077761,19178400
1994-05-19,15.218750,15.531250,15.125000,15.343750,9.171155,15087600
1994-05-20,15.343750,15.593750,15.250000,15.531250,9.283224,14960400
1994-05-23,15.531250,15.625000,15.343750,15.437500,9.227190,8296400
1994-05-24,15.500000,15.843750,15.468750,15.781250,9.432653,11203200
1994-05-25,15.750000,16.031250,15.625000,15.906250,9.507365,14713600
1994-05-26,15.812500,16.031250,15.625000,16.000000,9.563404,9180000
1994-05-27,15.968750,16.031250,15.906250,15.906250,9.507365,5446400
1994-05-31,15.875000,15.937500,15.687500,15.750000,9.413974,6016400
1994-06-01,15.750000,15.906250,15.625000,15.875000,9.488684,6758400
1994-06-02,15.843750,15.875000,15.468750,15.500000,9.264546,9921600
1994-06-03,15.437500,15.468750,15.187500,15.250000,9.115116,9525600
1994-06-06,15.312500,15.875000,15.281250,15.656250,9.357932,9376800
1994-06-07,15.687500,15.812500,15.656250,15.656250,9.357932,5596400
1994-06-08,15.718750,15.750000,15.375000,15.406250,9.208509,6606000
1994-06-09,15.375000,15.531250,15.375000,15.500000,9.264546,4350800
1994-06-10,15.562500,15.718750,15.562500,15.656250,9.357932,5299600
1994-06-13,15.593750,16.031250,15.562500,15.937500,9.526046,8658000
1994-06-14,15.968750,16.250000,15.968750,16.250000,9.712827,11114400
1994-06-15,16.125000,16.187500,15.875000,15.937500,9.526046,7157200
1994-06-16,15.812500,15.875000,15.718750,15.718750,9.395291,5730400
1994-06-17,15.656250,15.781250,15.562500,15.593750,9.320579,12136400
1994-06-20,15.468750,15.562500,15.406250,15.406250,9.208509,6236800
1994-06-21,15.437500,15.531250,15.093750,15.250000,9.115116,9909200
1994-06-22,15.343750,15.531250,15.281250,15.500000,9.264546,5308000
1994-06-23,15.468750,15.562500,15.218750,15.218750,9.096439,4617200
1994-06-24,15.187500,15.250000,14.875000,14.968750,8.947014,9061200
1994-06-27,14.750000,15.406250,14.531250,15.375000,9.189829,15504000
1994-06-28,15.375000,15.468750,15.000000,15.281250,9.133796,6945600
1994-06-29,15.218750,15.375000,15.031250,15.093750,9.021727,9084400
1994-06-30,15.093750,15.125000,14.656250,14.687500,8.778904,10934000
1994-07-01,14.750000,14.781250,14.187500,14.250000,8.517406,15272400
1994-07-05,14.250000,14.468750,14.062500,14.062500,8.405336,11160000
1994-07-06,14.125000,14.250000,14.093750,14.250000,8.517406,7756400
1994-07-07,14.343750,14.343750,14.156250,14.187500,8.480049,6871600
1994-07-08,14.125000,14.468750,14.125000,14.156250,8.461371,9261600
1994-07-11,14.218750,14.281250,13.843750,13.906250,8.311939,10795600
1994-07-12,13.937500,14.031250,13.718750,13.968750,8.349295,11974800
1994-07-13,14.000000,14.187500,13.968750,14.187500,8.480049,9924800
1994-07-14,14.375000,14.625000,14.312500,14.562500,8.704190,12010800
1994-07-15,14.437500,14.468750,14.187500,14.218750,8.498729,9913200
1994-07-18,14.312500,14.406250,14.156250,14.218750,8.498729,6622400
1994-07-19,14.187500,14.218750,13.906250,13.906250,8.311939,7268800
1994-07-20,13.937500,14.062500,13.625000,13.968750,8.349295,12757200
1994-07-21,14.750000,15.656250,14.500000,15.593750,9.320579,35226000
1994-07-22,15.562500,15.625000,15.281250,15.343750,9.171155,14856800
1994-07-25,15.343750,15.593750,15.332031,15.562500,9.301904,9368800
1994-07-26,15.625000,15.781250,15.531250,15.593750,9.320579,11587600
1994-07-27,15.562500,15.625000,15.468750,15.625000,9.339262,5765200
1994-07-28,15.593750,15.750000,15.562500,15.562500,9.301904,5047200
1994-07-29,15.656250,15.687500,15.437500,15.468750,9.245864,6775600
1994-08-01,15.468750,15.781250,15.375000,15.718750,9.395291,7085600
1994-08-02,15.750000,15.843750,15.562500,15.562500,9.301904,8335200
1994-08-03,15.593750,15.781250,15.562500,15.750000,9.413974,5416800
1994-08-04,15.750000,15.875000,15.687500,15.781250,9.470234,8185600
1994-08-05,15.687500,15.781250,15.468750,15.593750,9.357711,6399600
1994-08-08,15.687500,15.843750,15.656250,15.812500,9.488989,6706400
1994-08-09,15.843750,16.125000,15.812500,16.125000,9.676514,12052000
1994-08-10,16.125000,16.250000,16.031250,16.031250,9.620258,10834400
1994-08-11,16.000000,16.156250,15.937500,16.156250,9.695269,9782800
1994-08-12,16.187500,16.281250,15.937500,15.937500,9.563999,8006400
1994-08-15,15.937500,16.125000,15.937500,16.093750,9.657760,4311200
1994-08-16,16.125000,16.187500,15.937500,16.156250,9.695269,8140400
1994-08-17,16.218750,16.406250,16.093750,16.218750,9.732774,11780800
1994-08-18,16.343750,16.718750,16.343750,16.562500,9.939058,16787200
1994-08-19,16.593750,17.156250,16.500000,17.031250,10.220350,18653600
1994-08-22,16.875000,17.093750,16.812500,16.937500,10.164084,11882400
1994-08-23,16.968750,17.062500,16.906250,16.906250,10.145338,11645200
1994-08-24,16.843750,16.843750,16.656250,16.843750,10.107832,11196800
1994-08-25,16.750000,17.437500,16.718750,17.343750,10.407877,21095600
1994-08-26,17.343750,17.531250,17.281250,17.500000,10.501640,16576400
1994-08-29,17.437500,17.500000,17.312500,17.343750,10.407877,9257600
1994-08-30,17.343750,17.437500,17.218750,17.343750,10.407877,7486000
1994-08-31,17.312500,17.375000,17.125000,17.125000,10.276608,9886800
1994-09-01,16.718750,17.062500,16.718750,16.968750,10.182844,11114000
1994-09-02,17.000000,17.000000,16.687500,16.812500,10.089078,5858800
1994-09-06,16.781250,16.906250,16.656250,16.875000,10.126583,4985200
1994-09-07,16.875000,17.062500,16.843750,16.875000,10.126583,8123200
1994-09-08,16.812500,17.031250,16.812500,16.968750,10.182844,5457200
1994-09-09,16.718750,17.000000,16.687500,16.812500,10.089078,9236800
1994-09-12,16.875000,17.031250,16.875000,16.968750,10.182844,4823600
1994-09-13,17.187500,17.406250,17.156250,17.312500,10.389127,11616800
1994-09-14,17.281250,17.531250,17.250000,17.437500,10.464140,10146000
1994-09-15,17.375000,17.562500,17.375000,17.437500,10.464140,8228400
1994-09-16,17.437500,17.843750,17.375000,17.750000,10.651663,20598400
1994-09-19,17.656250,17.812500,17.562500,17.593750,10.557903,7394000
1994-09-20,17.468750,17.625000,17.406250,17.562500,10.539151,10980800
1994-09-21,17.750000,17.843750,17.343750,17.375000,10.426633,14548400
1994-09-22,17.437500,17.562500,17.343750,17.406250,10.445386,8482000
1994-09-23,17.343750,17.375000,17.218750,17.281250,10.370372,7043200
1994-09-26,17.250000,17.281250,16.937500,17.250000,10.351621,7059200
1994-09-27,17.218750,17.343750,17.156250,17.250000,10.351621,4462800
1994-09-28,17.281250,17.468750,17.125000,17.125000,10.276608,5200000
1994-09-29,17.093750,17.468750,16.937500,17.375000,10.426633,9224800
1994-09-30,17.312500,17.531250,17.218750,17.406250,10.445386,8159200
1994-10-03,17.343750,17.375000,17.156250,17.218750,10.332865,4666000
1994-10-04,17.281250,17.375000,17.062500,17.093750,10.257855,6882000
1994-10-05,17.031250,17.281250,16.843750,17.281250,10.370372,10766000
1994-10-06,17.250000,17.375000,17.156250,17.187500,10.314114,7236800
1994-10-07,17.218750,17.937500,17.187500,17.781250,10.670424,17982400
1994-10-10,17.812500,17.968750,17.687500,17.875000,10.726679,7219600
1994-10-11,17.937500,18.093750,17.875000,17.906250,10.745431,11230400
1994-10-12,17.750000,18.375000,17.750000,18.281250,10.970466,12910400
1994-10-13,18.406250,18.531250,18.062500,18.062500,10.839202,9366400
1994-10-14,18.125000,18.281250,17.968750,18.281250,10.970466,8163200
1994-10-17,18.218750,18.437500,18.187500,18.312500,10.989217,6145600
1994-10-18,18.375000,18.625000,18.343750,18.625000,11.176751,9853600
1994-10-19,18.500000,18.937500,18.437500,18.843750,11.308015,15736800
1994-10-20,18.875000,19.031250,18.468750,18.750000,11.251760,20867600
1994-10-21,18.656250,18.843750,18.531250,18.656250,11.195504,13490000
1994-10-24,18.656250,18.656250,18.218750,18.250000,10.951715,10460800
1994-10-25,18.156250,18.593750,18.156250,18.468750,11.082988,11318400
1994-10-26,18.500000,18.625000,18.406250,18.593750,11.157997,9759200
1994-10-27,18.625000,18.656250,18.437500,18.531250,11.120484,4998400
1994-10-28,18.531250,19.093750,18.531250,19.031250,11.420541,10853200
1994-10-31,18.906250,18.906250,18.625000,18.625000,11.176751,7705600
1994-11-01,18.593750,18.812500,18.375000,18.468750,11.082988,10000000
1994-11-02,18.500000,18.812500,18.437500,18.562500,11.139241,10678400
1994-11-03,18.625000,18.656250,18.281250,18.375000,11.026722,6645200
1994-11-04,18.343750,18.375000,17.781250,17.781250,10.706840,12971600
1994-11-07,17.843750,18.062500,17.687500,17.968750,10.819742,9115600
1994-11-08,17.906250,18.375000,17.843750,18.250000,10.989092,7476000
1994-11-09,18.437500,18.593750,18.312500,18.500000,11.139625,10468400
1994-11-10,18.375000,18.406250,17.906250,18.000000,10.838555,10746000
1994-11-11,18.000000,18.250000,17.937500,18.093750,10.895009,7391600
1994-11-14,18.187500,18.250000,18.062500,18.218750,10.970277,6049600
1994-11-15,18.218750,18.468750,18.125000,18.281250,11.007905,6997200
1994-11-16,18.250000,18.281250,18.156250,18.187500,10.951457,5089200
1994-11-17,18.312500,18.437500,18.187500,18.281250,11.007905,7262000
1994-11-18,18.250000,18.343750,18.187500,18.312500,11.026722,12490400
1994-11-21,18.312500,18.531250,18.156250,18.218750,10.970277,6680400
1994-11-22,18.187500,18.218750,17.343750,17.437500,10.499855,9564400
1994-11-23,17.312500,17.500000,17.000000,17.500000,10.537486,18755600
1994-11-25,17.500000,17.718750,17.500000,17.687500,10.650387,4382800
1994-11-28,17.718750,17.906250,17.562500,17.656250,10.631564,7978800
1994-11-29,17.656250,17.750000,17.562500,17.656250,10.631564,5386000
1994-11-30,17.781250,17.812500,17.656250,17.687500,10.650387,7846400
1994-12-01,17.656250,17.687500,17.312500,17.375000,10.462219,6638000
1994-12-02,17.312500,17.843750,17.218750,17.843750,10.744470,7975200
1994-12-05,17.906250,18.093750,17.843750,17.843750,10.744470,8198400
1994-12-06,17.812500,18.000000,17.812500,17.906250,10.782104,7715200
1994-12-07,17.687500,17.843750,17.656250,17.812500,10.725656,5262400
1994-12-08,17.781250,17.875000,17.437500,17.531250,10.556301,6871600
1994-12-09,17.406250,17.875000,17.375000,17.875000,10.763289,9892000
1994-12-12,17.781250,17.843750,17.406250,17.656250,10.631564,8822400
1994-12-13,17.687500,17.750000,17.406250,17.437500,10.499855,5476400
1994-12-14,17.375000,17.656250,17.343750,17.562500,10.575120,8176800
1994-12-15,17.593750,17.750000,17.531250,17.625000,10.612753,7541200
1994-12-16,17.718750,17.718750,17.468750,17.531250,10.556301,11776000
1994-12-19,17.625000,17.906250,17.625000,17.906250,10.782104,9688400
1994-12-20,17.843750,17.906250,17.687500,17.687500,10.650387,6907200
1994-12-21,17.781250,18.406250,17.750000,18.406250,11.083172,12847600
1994-12-22,18.406250,18.656250,18.375000,18.375000,11.064361,10648400
1994-12-23,18.406250,18.562500,18.312500,18.375000,11.064361,3753600
1994-12-27,18.531250,18.625000,18.437500,18.562500,11.177258,4933200
1994-12-28,18.593750,18.593750,18.125000,18.250000,10.989092,5422800
1994-12-29,18.250000,18.593750,18.250000,18.593750,11.196076,7704800
1994-12-30,18.562500,18.625000,18.281250,18.375000,11.064361,5780800
1995-01-03,18.375000,18.468750,18.343750,18.437500,11.101995,4671600
1995-01-04,18.468750,18.656250,18.312500,18.593750,11.196076,7978800
1995-01-05,18.593750,18.812500,18.437500,18.500000,11.139625,9083600
1995-01-06,18.562500,18.937500,18.531250,18.781250,11.308977,12162000
1995-01-09,18.750000,18.968750,18.718750,18.875000,11.365431,6852000
1995-01-10,19.000000,19.312500,18.906250,19.156250,11.534782,13683200
1995-01-11,19.250000,19.281250,18.812500,19.000000,11.440703,9801200
1995-01-12,18.968750,19.093750,18.875000,19.000000,11.440703,9103600
1995-01-13,19.187500,19.218750,18.937500,19.093750,11.497145,8121200
1995-01-16,19.093750,19.500000,19.093750,19.375000,11.666503,10864000
1995-01-17,19.312500,19.500000,19.281250,19.375000,11.666503,6385200
1995-01-18,19.406250,19.468750,19.156250,19.312500,11.628867,7370400
1995-01-19,19.281250,19.406250,19.093750,19.125000,11.515966,6855600
1995-01-20,19.093750,19.125000,18.750000,18.843750,11.346609,13333600
1995-01-23,18.625000,18.625000,18.093750,18.562500,11.177258,19654800
1995-01-24,18.531250,18.718750,18.375000,18.500000,11.139625,12706400
1995-01-25,18.000000,18.281250,18.000000,18.093750,10.895009,15232000
1995-01-26,18.093750,18.343750,18.062500,18.093750,10.895009,8627200
1995-01-27,18.187500,18.281250,17.656250,18.125000,10.913826,10868400
1995-01-30,18.187500,18.250000,17.875000,17.937500,10.800924,5674000
1995-01-31,18.000000,18.218750,17.562500,18.031250,10.857374,10969600
1995-02-01,18.093750,18.468750,18.062500,18.406250,11.083172,13168000
1995-02-02,18.406250,18.593750,18.375000,18.593750,11.196076,5834400
1995-02-03,18.718750,18.812500,18.625000,18.656250,11.233712,10251200
1995-02-06,18.593750,18.718750,18.531250,18.593750,11.233711,5408400
1995-02-07,18.562500,18.593750,18.468750,18.562500,11.214828,5802800
1995-02-08,18.531250,18.718750,18.531250,18.562500,11.214828,5985600
1995-02-09,18.562500,18.812500,18.562500,18.750000,11.328115,7896000
1995-02-10,18.781250,18.937500,18.750000,18.750000,11.328115,6156000
1995-02-13,18.781250,18.843750,18.687500,18.718750,11.309231,4887200
1995-02-14,18.750000,18.906250,18.656250,18.906250,11.422512,6785600
1995-02-15,18.906250,18.968750,18.781250,18.906250,11.422512,6506800
1995-02-16,18.968750,19.062500,18.875000,18.875000,11.403633,6809600
1995-02-17,18.937500,18.937500,18.687500,18.750000,11.328115,11672000
1995-02-21,18.750000,18.781250,18.531250,18.562500,11.214828,6228000
1995-02-22,18.562500,18.625000,18.531250,18.562500,11.214828,6864000
1995-02-23,18.687500,18.937500,18.531250,18.562500,11.214828,8826400
1995-02-24,18.562500,18.843750,18.562500,18.718750,11.309231,6254400
1995-02-27,18.656250,18.843750,18.437500,18.500000,11.177069,8212800
1995-02-28,18.500000,18.812500,18.500000,18.812500,11.365869,7198000
1995-03-01,18.781250,19.093750,18.781250,18.843750,11.384749,8202000
1995-03-02,18.843750,19.343750,18.843750,19.312500,11.667954,9643200
1995-03-03,19.281250,20.000000,19.250000,19.968750,12.064440,22256000
1995-03-06,19.875000,20.312500,19.875000,20.062500,12.121085,20173200
1995-03-07,20.093750,20.218750,19.843750,19.937500,12.045564,13802400
1995-03-08,19.937500,20.000000,19.625000,19.937500,12.045564,12133200
1995-03-09,20.093750,20.343750,20.093750,20.156250,12.177717,12513600
1995-03-10,20.218750,20.406250,20.093750,20.281250,12.253243,9492400
1995-03-13,20.375000,20.750000,20.375000,20.500000,12.385401,13964800
1995-03-14,20.562500,20.687500,20.375000,20.375000,12.309880,9067600
1995-03-15,20.312500,20.562500,20.312500,20.437500,12.347642,7084800
1995-03-16,20.437500,20.906250,20.406250,20.875000,12.611963,11382800
1995-03-17,20.875000,20.906250,20.656250,20.656250,12.479802,11869600
1995-03-20,20.687500,21.000000,20.625000,20.875000,12.611963,7368800
1995-03-21,20.875000,21.000000,20.531250,20.562500,12.423162,7956000
1995-03-22,20.531250,20.656250,20.312500,20.406250,12.328763,9788800
1995-03-23,20.375000,20.843750,20.375000,20.843750,12.593081,11056400
1995-03-24,20.906250,21.093750,20.875000,20.906250,12.630848,10318000
1995-03-27,20.968750,21.281250,20.968750,21.250000,12.838531,8114000
1995-03-28,21.218750,21.218750,21.062500,21.125000,12.763000,5412000
1995-03-29,21.062500,21.187500,20.625000,20.750000,12.536442,11885600
1995-03-30,20.781250,20.843750,20.437500,20.593750,12.442051,11828400
1995-03-31,20.531250,20.875000,20.343750,20.531250,12.404283,10472000
1995-04-03,20.562500,20.875000,20.562500,20.718750,12.517569,7576400
1995-04-04,20.781250,20.906250,20.625000,20.750000,12.536442,6738400
1995-04-05,20.718750,21.031250,20.718750,21.000000,12.687490,8033200
1995-04-06,21.093750,21.156250,20.906250,20.968750,12.668600,5946000
1995-04-07,20.937500,21.281250,20.875000,21.000000,12.687490,9713200
1995-04-10,21.000000,21.500000,21.000000,21.500000,12.989568,8462400
1995-04-11,21.468750,21.718750,21.406250,21.687500,13.102855,10324000
1995-04-12,21.625000,21.906250,21.531250,21.781250,13.159489,7612800
1995-04-13,21.718750,21.843750,21.531250,21.593750,13.046207,5525600
1995-04-17,21.750000,22.125000,21.718750,21.968750,13.272770,8758400
1995-04-18,22.031250,22.125000,21.781250,22.062500,13.329408,7875200
1995-04-19,21.968750,22.062500,21.500000,21.781250,13.159489,10305600
1995-04-20,22.406250,22.593750,22.156250,22.250000,13.442692,23990800
1995-04-21,22.343750,23.000000,22.281250,22.906250,13.839185,23545600
1995-04-24,22.875000,23.468750,22.750000,23.375000,14.122384,17275600
1995-04-25,23.281250,23.468750,23.218750,23.406250,14.141262,13385200
1995-04-26,23.281250,23.937500,23.218750,23.812500,14.386705,14798000
1995-04-27,23.718750,24.218750,23.656250,24.218750,14.632154,13900400
1995-04-28,24.000000,24.062500,23.562500,23.656250,14.292295,20002400
1995-05-01,23.468750,23.562500,22.937500,23.031250,13.914696,13615200
1995-05-02,22.906250,23.343750,22.906250,23.218750,14.027984,13611200
1995-05-03,23.250000,23.656250,23.250000,23.562500,14.235669,10689600
1995-05-04,23.687500,24.031250,23.312500,23.437500,14.197806,17428000
1995-05-05,23.562500,23.656250,23.218750,23.281250,14.103147,12219200
1995-05-08,23.187500,23.812500,23.156250,23.437500,14.197806,10813600
1995-05-09,23.531250,23.593750,23.343750,23.406250,14.178866,11119600
1995-05-10,23.468750,23.750000,23.468750,23.468750,14.216734,11563600
1995-05-11,23.375000,23.781250,23.312500,23.562500,14.273520,10339200
1995-05-12,23.437500,23.906250,23.437500,23.593750,14.292451,10657600
1995-05-15,23.625000,23.843750,23.531250,23.750000,14.387106,7635200
1995-05-16,23.562500,23.968750,23.562500,23.656250,14.330306,10934800
1995-05-17,23.750000,23.906250,23.687500,23.718750,14.368176,9618000
1995-05-18,23.656250,24.031250,23.281250,23.281250,14.103147,13725600
1995-05-19,23.062500,23.437500,23.062500,23.343750,14.141008,16259200
1995-05-22,23.375000,23.843750,23.375000,23.812500,14.424964,8920400
1995-05-23,23.875000,24.406250,23.875000,24.312500,14.727860,14118400
1995-05-24,24.375000,24.468750,23.625000,24.031250,14.557483,12646800
1995-05-25,24.062500,24.468750,23.968750,24.187500,14.652131,11550800
1995-05-26,24.156250,24.375000,23.625000,23.750000,14.387106,8883200
1995-05-30,23.906250,23.937500,22.875000,23.156250,14.027423,12600000
1995-05-31,23.093750,23.406250,22.968750,23.250000,14.084220,11002000
1995-06-01,23.375000,23.750000,23.343750,23.562500,14.273520,10111600
1995-06-02,23.406250,23.843750,23.343750,23.468750,14.216734,7966800
1995-06-05,22.937500,23.375000,22.500000,22.812500,13.819195,23404000
1995-06-06,23.093750,23.187500,22.843750,22.843750,13.838117,12009600
1995-06-07,22.687500,22.843750,22.250000,22.468750,13.610955,15786400
1995-06-08,22.531250,22.687500,22.093750,22.343750,13.535232,13576000
1995-06-09,22.406250,22.562500,22.156250,22.281250,13.497379,13233600
1995-06-12,22.625000,22.687500,22.437500,22.562500,13.667747,11982800
1995-06-13,22.843750,23.062500,22.718750,22.937500,13.894917,11620800
1995-06-14,22.968750,23.343750,22.968750,23.250000,14.084220,10250000
1995-06-15,23.406250,23.500000,23.250000,23.250000,14.084220,8771600
1995-06-16,23.281250,23.406250,23.156250,23.156250,14.027423,10787200
1995-06-19,23.343750,23.656250,23.312500,23.437500,14.197806,9506800
1995-06-20,23.468750,24.500000,23.468750,24.437500,14.803568,14275600
1995-06-21,24.500000,24.656250,24.281250,24.281250,14.708928,14322000
1995-06-22,24.343750,24.781250,24.343750,24.375000,14.765712,17376800
1995-06-23,24.375000,24.843750,24.312500,24.656250,14.936086,9846400
1995-06-26,24.625000,24.812500,24.500000,24.562500,14.879301,8720000
1995-06-27,24.531250,24.671875,23.625000,23.843750,14.443899,13119600
1995-06-28,23.750000,24.156250,23.593750,24.031250,14.557483,12482400
1995-06-29,24.093750,24.531250,24.093750,24.250000,14.689990,9946400
1995-06-30,24.437500,24.531250,23.843750,24.000000,14.538554,8639200
1995-07-03,24.062500,24.468750,23.937500,24.406250,14.784642,2733600
1995-07-05,24.468750,24.656250,24.187500,24.187500,14.652131,9674400
1995-07-06,24.281250,24.718750,24.218750,24.718750,14.973945,9395200
1995-07-07,24.656250,25.156250,24.656250,24.875000,15.068603,15628400
1995-07-10,25.000000,25.312500,25.000000,25.156250,15.238969,9175200
1995-07-11,25.000000,25.250000,24.875000,24.937500,15.106462,8429600
1995-07-12,25.093750,25.500000,24.906250,25.406250,15.390413,11393200
1995-07-13,25.437500,26.062500,25.312500,25.937500,15.712235,13944800
1995-07-14,25.656250,26.031250,25.531250,25.968750,15.731167,10580000
1995-07-17,26.031250,26.875000,26.000000,26.812500,16.242290,14929600
1995-07-18,26.750000,27.156250,25.718750,26.750000,16.204422,35804400
1995-07-19,26.312500,26.375000,24.437500,25.312500,15.333619,34290800
1995-07-20,25.500000,26.093750,25.343750,26.031250,15.769026,20262800
1995-07-21,26.000000,26.218750,25.781250,25.906250,15.693306,17482400
1995-07-24,26.031250,26.968750,25.875000,26.875000,16.280140,20671600
1995-07-25,26.875000,27.562500,26.875000,27.093750,16.412659,21288000
1995-07-26,27.281250,27.406250,27.062500,27.250000,16.507309,14330800
1995-07-27,27.375000,27.718750,27.375000,27.687500,16.772333,12372000
1995-07-28,27.718750,27.812500,27.468750,27.656250,16.753403,9744400
1995-07-31,27.656250,27.812500,27.125000,27.218750,16.488380,10540800
1995-08-01,27.281250,27.531250,26.812500,27.406250,16.601957,12105600
1995-08-02,27.656250,27.937500,26.750000,26.875000,16.280140,12248400
1995-08-03,26.625000,27.375000,26.406250,27.250000,16.507309,13142400
1995-08-04,27.281250,27.437500,27.125000,27.156250,16.450516,5028800
1995-08-07,27.281250,27.343750,27.156250,27.218750,16.488380,5723200
1995-08-08,27.218750,27.500000,27.218750,27.406250,16.640171,7181200
1995-08-09,27.500000,27.593750,27.406250,27.468750,16.678116,7867200
1995-08-10,27.468750,27.593750,27.218750,27.281250,16.564274,7885600
1995-08-11,27.375000,27.406250,27.093750,27.312500,16.583242,9310800
1995-08-14,27.312500,27.718750,27.312500,27.687500,16.810942,6993200
1995-08-15,27.750000,28.031250,27.562500,28.000000,17.000689,10804000
1995-08-16,28.031250,28.187500,27.687500,28.093750,17.057594,11787200
1995-08-17,28.093750,28.656250,28.062500,28.406250,17.247337,12118800
1995-08-18,28.468750,28.500000,27.781250,27.843750,16.905813,14792400
1995-08-21,27.843750,27.843750,26.625000,26.687500,16.203772,18802800
1995-08-22,26.750000,27.062500,26.406250,26.906250,16.336588,22057200
1995-08-23,27.031250,27.125000,26.625000,26.656250,16.184795,12956000
1995-08-24,26.656250,26.656250,26.125000,26.218750,15.919165,15188000
1995-08-25,25.937500,26.343750,25.937500,25.968750,15.767370,11129200
1995-08-28,25.937500,25.968750,25.343750,25.406250,15.425833,16455600
1995-08-29,25.531250,25.656250,24.656250,25.593750,15.539680,24584000
1995-08-30,25.781250,25.875000,25.281250,25.406250,15.425833,12998400
1995-08-31,25.625000,25.937500,25.500000,25.843750,15.691474,9265600
1995-09-01,25.687500,26.125000,25.593750,25.687500,15.596603,7275600
1995-09-05,25.750000,25.750000,25.031250,25.281250,15.349937,26673200
1995-09-06,25.500000,25.656250,25.156250,25.187500,15.293023,16766000
1995-09-07,25.125000,25.312500,24.750000,24.843750,15.084309,16205200
1995-09-08,25.000000,25.000000,24.531250,24.718750,15.008412,21422000
1995-09-11,24.562500,24.593750,23.968750,24.093750,14.628931,26478000
1995-09-12,24.031250,24.625000,23.781250,24.375000,14.799696,29151200
1995-09-13,24.375000,24.687500,23.093750,23.656250,14.363285,55690400
1995-09-14,23.812500,23.906250,23.125000,23.343750,14.173559,31461600
1995-09-15,23.187500,23.187500,22.906250,23.062500,14.002790,27121600
1995-09-18,23.125000,23.562500,23.093750,23.531250,14.287399,17814800
1995-09-19,23.656250,24.218750,23.562500,24.187500,14.685859,16878800
1995-09-20,24.406250,24.531250,23.906250,23.937500,14.534059,11826800
1995-09-21,23.937500,24.125000,23.468750,23.593750,14.325355,11468000
1995-09-22,23.468750,23.593750,23.343750,23.468750,14.249450,9377200
1995-09-25,23.500000,23.687500,23.156250,23.187500,14.078686,11886000
1995-09-26,23.312500,23.468750,23.125000,23.218750,14.097660,11099200
1995-09-27,23.156250,23.625000,22.968750,23.593750,14.325355,18762800
1995-09-28,23.718750,23.843750,23.468750,23.468750,14.249450,11420400
1995-09-29,23.562500,23.812500,23.406250,23.625000,14.344320,10389200
1995-10-02,23.750000,23.906250,23.343750,23.375000,14.192528,9487600
1995-10-03,23.375000,23.812500,23.343750,23.718750,14.401245,13162400
1995-10-04,23.562500,23.656250,23.343750,23.437500,14.230481,8028000
1995-10-05,23.468750,23.750000,23.375000,23.625000,14.344320,9877200
1995-10-06,23.812500,23.843750,23.531250,23.531250,14.287399,10392000
1995-10-09,23.468750,23.531250,23.000000,23.000000,13.964839,12086000
1995-10-10,22.500000,22.781250,22.281250,22.687500,13.775104,25871200
1995-10-11,22.875000,23.218750,22.812500,23.125000,14.040738,13436000
1995-10-12,23.312500,23.375000,23.031250,23.250000,14.116635,9390800
1995-10-13,23.500000,23.562500,23.125000,23.125000,14.040738,9409600
1995-10-16,23.125000,23.531250,23.125000,23.500000,14.268433,10594400
1995-10-17,23.125000,24.250000,22.812500,24.218750,14.704833,45773600
1995-10-18,24.468750,24.562500,23.937500,24.093750,14.628931,29217600
1995-10-19,24.218750,24.593750,24.000000,24.562500,14.913536,18746800
1995-10-20,24.562500,24.625000,23.812500,23.843750,14.477138,17814400
1995-10-23,23.906250,24.750000,23.906250,24.750000,15.027389,16597600
1995-10-24,24.718750,24.812500,24.312500,24.500000,14.875589,12445600
1995-10-25,24.625000,24.625000,24.000000,24.031250,14.590978,10952000
1995-10-26,24.062500,24.156250,23.656250,23.968750,14.553034,13407200
1995-10-27,23.968750,24.156250,23.937500,24.125000,14.647910,9894800
1995-10-30,24.375000,24.687500,24.281250,24.562500,14.913536,12715200
1995-10-31,24.593750,24.781250,24.218750,24.312500,14.761754,11811200
1995-11-01,24.312500,24.406250,24.093750,24.218750,14.704833,8235200
1995-11-02,24.250000,24.968750,24.187500,24.906250,15.122252,13174400
1995-11-03,25.000000,25.375000,24.968750,25.375000,15.406858,12984800
1995-11-06,25.312500,25.593750,25.000000,25.125000,15.255074,12470000
1995-11-07,24.875000,25.156250,24.531250,24.687500,14.989433,15510800
1995-11-08,24.781250,25.031250,24.312500,24.437500,14.875300,10757600
1995-11-09,24.750000,24.937500,24.500000,24.593750,14.970416,12774000
1995-11-10,24.375000,24.562500,24.156250,24.343750,14.818235,9348400
1995-11-13,24.375000,24.500000,24.250000,24.343750,14.818235,9497200
1995-11-14,24.218750,24.343750,23.812500,23.843750,14.513880,9229600
1995-11-15,23.906250,24.062500,23.687500,23.875000,14.532904,8982400
1995-11-16,23.906250,24.187500,23.781250,23.906250,14.551935,11882000
1995-11-17,23.843750,23.968750,23.687500,23.781250,14.475834,11060400
1995-11-20,23.750000,23.843750,23.250000,23.250000,14.152464,10502800
1995-11-21,23.281250,23.718750,23.250000,23.625000,14.380729,12520800
1995-11-22,23.687500,24.093750,23.593750,23.812500,14.494864,8794000
1995-11-24,23.812500,24.156250,23.812500,23.968750,14.589971,2974400
1995-11-27,24.125000,24.343750,23.906250,23.968750,14.589971,8807200
1995-11-28,23.937500,24.375000,23.906250,24.250000,14.761170,11564800
1995-11-29,24.312500,24.375000,24.187500,24.281250,14.780194,11290000
1995-11-30,24.312500,24.531250,24.156250,24.156250,14.704103,10257600
1995-12-01,24.250000,24.250000,23.687500,23.687500,14.418777,10063600
1995-12-04,23.750000,24.312500,23.656250,24.031250,14.628013,10820400
1995-12-05,24.218750,24.281250,23.906250,23.937500,14.570946,11005600
1995-12-06,24.062500,24.125000,23.562500,23.937500,14.570946,12077600
1995-12-07,23.812500,23.875000,23.500000,23.687500,14.418777,10983600
1995-12-08,23.750000,24.218750,23.656250,24.218750,14.742155,10232800
1995-12-11,24.281250,24.312500,23.968750,24.062500,14.647038,8436800
1995-12-12,24.093750,24.187500,23.812500,23.843750,14.513880,8667200
1995-12-13,23.781250,23.843750,23.593750,23.625000,14.380729,11023600
1995-12-14,23.687500,23.781250,23.093750,23.437500,14.266600,13562000
1995-12-15,23.000000,23.000000,22.468750,22.562500,13.733975,27393600
1995-12-18,22.500000,22.531250,21.937500,22.250000,13.543754,25420800
1995-12-19,22.281250,22.968750,22.281250,22.968750,13.981268,14977600
1995-12-20,23.000000,23.000000,22.281250,22.343750,13.600814,14423200
1995-12-21,22.468750,22.781250,22.437500,22.718750,13.829083,10696000
1995-12-22,22.718750,22.968750,22.718750,22.812500,13.886153,7509600
1995-12-26,23.000000,23.031250,22.906250,22.937500,13.962246,3781600
1995-12-27,22.937500,23.000000,22.687500,23.000000,14.000285,6288000
1995-12-28,22.781250,22.843750,22.500000,22.531250,13.714955,7109600
1995-12-29,22.593750,22.937500,22.375000,22.843750,13.905170,13854000
1996-01-02,22.843750,23.031250,22.656250,22.718750,13.829083,10033600
1996-01-03,22.750000,22.812500,22.250000,22.312500,13.581800,12528000
1996-01-04,22.281250,22.281250,21.406250,21.718750,13.220376,32332800
1996-01-05,21.500000,22.187500,21.500000,22.156250,13.486685,15505600
1996-01-08,22.156250,22.312500,22.156250,22.281250,13.562784,3531600
1996-01-09,22.281250,22.281250,21.531250,21.687500,13.201359,14894000
1996-01-10,21.656250,22.312500,21.656250,21.812500,13.277448,22751600
1996-01-11,22.031250,22.125000,21.500000,21.812500,13.277448,18498400
1996-01-12,21.812500,21.812500,21.531250,21.593750,13.144284,10657600
1996-01-15,21.625000,21.625000,20.781250,20.781250,12.649709,14971200
1996-01-16,21.031250,21.937500,20.875000,21.750000,13.239401,18452000
1996-01-17,21.687500,22.312500,21.437500,21.906250,13.334508,19284800
1996-01-18,22.500000,24.062500,22.406250,24.062500,14.647038,39428000
1996-01-19,24.156250,26.031250,24.125000,25.500000,15.522059,52584000
1996-01-22,25.375000,25.968750,25.343750,25.562500,15.560097,21172000
1996-01-23,25.187500,26.125000,25.187500,25.750000,15.674230,19836800
1996-01-24,25.781250,27.250000,25.781250,26.750000,16.282944,31955600
1996-01-25,26.906250,27.000000,26.031250,26.031250,15.845427,18887200
1996-01-26,25.968750,26.562500,25.875000,26.187500,15.940540,10588400
1996-01-29,26.187500,26.656250,26.062500,26.625000,16.206854,9474400
1996-01-30,26.625000,27.250000,26.593750,27.156250,16.530233,18374400
1996-01-31,27.000000,27.468750,26.875000,27.125000,16.511204,20059200
1996-02-01,27.187500,27.593750,27.031250,27.250000,16.587294,16311200
1996-02-02,27.250000,27.468750,27.187500,27.406250,16.682404,12443600
1996-02-05,27.343750,28.093750,27.312500,28.062500,17.081863,13139600
1996-02-06,28.218750,28.781250,28.156250,28.687500,17.462320,20158400
1996-02-07,28.500000,28.656250,27.875000,28.156250,17.176355,16100800
1996-02-08,28.093750,28.625000,27.968750,28.375000,17.309805,12778400
1996-02-09,28.343750,28.593750,28.250000,28.375000,17.309805,13486000
1996-02-12,28.531250,28.968750,28.468750,28.812500,17.576691,14666400
1996-02-13,28.500000,28.718750,28.375000,28.406250,17.328871,13870800
1996-02-14,28.468750,28.750000,28.437500,28.562500,17.424185,12949600
1996-02-15,28.593750,29.625000,28.562500,29.406250,17.938906,23341200
1996-02-16,29.500000,29.718750,29.375000,29.500000,17.996094,19943600
1996-02-20,29.187500,30.218750,29.187500,29.781250,18.167675,21288800
1996-02-21,29.750000,30.156250,29.656250,30.062500,18.339245,16389200
1996-02-22,30.437500,31.406250,30.312500,31.031250,18.930210,21423200
1996-02-23,31.250000,31.531250,31.000000,31.406250,19.158976,16504800
1996-02-26,30.968750,31.375000,30.968750,31.218750,19.044600,11530000
1996-02-27,31.281250,32.218750,31.125000,32.187500,19.635571,18451600
1996-02-28,31.906250,32.218750,31.750000,31.843750,19.425875,17548000
1996-02-29,31.250000,31.843750,30.500000,30.656250,18.701447,29171600
1996-03-01,30.406250,30.437500,29.250000,29.531250,18.015167,32179600
1996-03-04,29.687500,30.312500,28.812500,29.031250,17.710133,17288400
1996-03-05,29.281250,29.875000,29.031250,29.750000,18.148605,14176800
1996-03-06,29.937500,29.968750,29.093750,29.250000,17.843578,10936800
1996-03-07,29.250000,29.375000,28.843750,29.281250,17.862652,9881600
1996-03-08,28.875000,29.218750,28.062500,28.562500,17.424185,21520400
1996-03-11,28.468750,29.468750,28.468750,29.312500,17.881718,15744000
1996-03-12,28.906250,29.000000,28.406250,28.562500,17.424185,16806400
1996-03-13,28.625000,29.156250,28.625000,28.968750,17.672016,11243200
1996-03-14,29.125000,29.687500,29.031250,29.218750,17.824514,11489200
1996-03-15,29.218750,30.000000,28.937500,29.968750,18.282051,14086000
1996-03-18,30.156250,31.281250,30.125000,31.156250,19.006470,15021600
1996-03-19,31.187500,31.375000,30.375000,30.437500,18.568007,11192000
1996-03-20,30.218750,30.218750,28.562500,29.250000,17.843578,30271600
1996-03-21,29.375000,29.468750,28.531250,28.718750,17.519501,15115200
1996-03-22,28.750000,28.937500,28.562500,28.562500,17.424185,8949600
1996-03-25,28.718750,28.781250,27.093750,27.187500,16.585371,18889600
1996-03-26,27.093750,28.000000,26.906250,27.687500,16.890400,18235600
1996-03-27,27.781250,28.437500,27.562500,27.812500,16.966661,14479200
1996-03-28,27.968750,28.093750,27.375000,27.437500,16.737890,12186400
1996-03-29,27.593750,28.437500,27.593750,27.812500,16.966661,11726400
1996-04-01,28.031250,28.187500,27.500000,27.593750,16.833210,9518000
1996-04-02,27.750000,29.531250,27.625000,29.406250,17.938906,21628800
1996-04-03,29.375000,30.125000,29.031250,29.937500,18.262983,16599600
1996-04-04,29.968750,29.968750,29.312500,29.437500,17.957975,10010000
1996-04-08,28.906250,29.843750,28.625000,29.843750,18.205795,15990800
1996-04-09,29.937500,30.031250,29.375000,29.468750,17.977030,7857600
1996-04-10,29.437500,30.218750,28.781250,29.000000,17.691074,12752400
1996-04-11,29.093750,29.593750,28.687500,29.375000,17.919842,15079200
1996-04-12,28.812500,28.906250,27.531250,27.875000,17.004786,31044000
1996-04-15,28.156250,28.593750,27.875000,28.531250,17.405125,9177200
1996-04-16,28.781250,29.093750,28.656250,28.875000,17.614817,9754000
1996-04-17,29.187500,30.031250,25.843750,26.312500,16.051603,65196400
1996-04-18,26.406250,26.812500,25.906250,26.375000,16.089727,41512000
1996-04-19,26.437500,26.781250,26.156250,26.343750,16.070667,19583200
1996-04-22,26.718750,26.906250,26.406250,26.812500,16.356625,13255200
1996-04-23,26.875000,26.937500,26.687500,26.750000,16.318485,9878000
1996-04-24,26.906250,26.906250,26.406250,26.687500,16.280371,12109200
1996-04-25,26.750000,27.125000,26.656250,27.062500,16.509134,17942000
1996-04-26,27.125000,27.218750,26.906250,26.937500,16.432875,9127200
1996-04-29,26.937500,27.187500,26.843750,27.156250,16.566328,10749600
1996-04-30,27.500000,27.562500,26.875000,26.937500,16.432875,10656000
1996-05-01,26.937500,27.125000,26.906250,26.968750,16.451935,8389600
1996-05-02,27.000000,27.343750,26.843750,26.968750,16.451935,14062000
1996-05-03,27.062500,27.250000,26.937500,27.031250,16.490061,8015200
1996-05-06,27.125000,27.125000,26.593750,26.750000,16.318485,11648400
1996-05-07,26.750000,26.812500,26.406250,26.468750,16.146912,9534800
1996-05-08,26.250000,26.500000,25.906250,26.468750,16.200466,14396000
1996-05-09,26.437500,26.937500,26.437500,26.750000,16.372606,9534400
1996-05-10,26.843750,27.093750,26.531250,26.593750,16.276985,8357600
1996-05-13,26.593750,27.125000,26.468750,26.906250,16.468260,9171600
1996-05-14,27.062500,27.218750,26.875000,27.156250,16.621273,12483200
1996-05-15,27.250000,27.468750,27.125000,27.250000,16.678650,10958000
1996-05-16,27.000000,27.312500,26.906250,27.156250,16.621273,10866800
1996-05-17,27.250000,27.906250,27.250000,27.718750,16.965553,15415200
1996-05-20,28.000000,28.125000,27.750000,28.031250,17.156826,9642800
1996-05-21,27.968750,28.031250,27.687500,27.750000,16.984673,8607600
1996-05-22,27.687500,27.750000,27.437500,27.593750,16.889046,8957200
1996-05-23,27.468750,27.625000,27.312500,27.312500,16.716898,10414800
1996-05-24,27.375000,27.468750,27.000000,27.187500,16.640385,5612000
1996-05-28,27.312500,27.343750,26.968750,27.062500,16.563887,6894000
1996-05-29,26.937500,27.093750,26.406250,26.718750,16.353491,13044000
1996-05-30,26.718750,26.906250,26.531250,26.812500,16.410873,10471200
1996-05-31,26.906250,27.062500,26.656250,26.687500,16.334360,9004800
1996-06-03,26.593750,26.625000,26.250000,26.343750,16.123968,6958000
1996-06-04,26.343750,26.656250,26.343750,26.468750,16.200466,7952000
1996-06-05,26.500000,26.593750,26.187500,26.218750,16.047451,7151600
1996-06-06,26.218750,26.218750,25.250000,25.312500,15.492780,23910800
1996-06-07,24.125000,25.500000,24.031250,25.437500,15.569288,29511200
1996-06-10,25.500000,25.812500,25.343750,25.656250,15.703175,12062000
1996-06-11,25.812500,26.093750,25.593750,25.781250,15.779692,10794800
1996-06-12,25.906250,25.968750,25.687500,25.750000,15.760563,8544400
1996-06-13,25.750000,26.031250,25.437500,25.812500,15.798812,8532000
1996-06-14,25.843750,26.062500,25.406250,25.406250,15.550160,10849200
1996-06-17,25.468750,25.687500,25.218750,25.625000,15.684048,7633600
1996-06-18,25.500000,25.625000,25.312500,25.312500,15.492780,7657600
1996-06-19,25.437500,25.656250,25.375000,25.531250,15.626667,5718000
1996-06-20,25.562500,25.562500,24.843750,25.187500,15.416274,16558400
1996-06-21,25.187500,25.437500,24.562500,24.656250,15.091113,16896400
1996-06-24,24.906250,25.031250,24.625000,24.906250,15.244133,9883200
1996-06-25,24.843750,24.937500,24.718750,24.937500,15.263258,8885200
1996-06-26,24.937500,25.031250,24.625000,24.656250,15.091113,10174800
1996-06-27,24.593750,24.906250,24.406250,24.718750,15.129375,13294800
1996-06-28,24.781250,24.968750,24.718750,24.750000,15.148498,9376400
1996-07-01,24.812500,25.562500,24.781250,25.375000,15.531031,9710000
1996-07-02,25.250000,25.312500,24.968750,25.000000,15.301513,8096400
1996-07-03,24.937500,25.031250,24.531250,24.625000,15.071990,9724000
1996-07-05,24.468750,24.812500,24.437500,24.468750,14.976350,6669600
1996-07-08,24.531250,24.812500,24.531250,24.593750,15.052866,7375600
1996-07-09,24.687500,25.062500,24.687500,24.750000,15.148498,7920800
1996-07-10,24.687500,24.875000,24.437500,24.718750,15.129375,11404800
1996-07-11,24.406250,24.406250,23.531250,24.000000,14.689454,23328800
1996-07-12,23.906250,24.000000,23.656250,23.828125,14.584252,12897200
1996-07-15,23.625000,23.718750,22.437500,22.718750,13.905250,16318400
1996-07-16,23.062500,23.937500,22.437500,23.937500,14.651193,24828400
1996-07-17,24.468750,24.468750,23.500000,23.531250,14.402545,15158000
1996-07-18,23.562500,23.906250,23.281250,23.562500,14.421665,10685600
1996-07-19,23.625000,23.812500,23.375000,23.437500,14.345172,8460400
1996-07-22,23.343750,23.343750,22.968750,23.125000,14.153905,7123200
1996-07-23,23.125000,23.312500,22.500000,22.562500,13.809611,12460000
1996-07-24,22.406250,23.156250,22.281250,22.937500,14.039140,14734400
1996-07-25,24.000000,25.937500,23.750000,25.906250,15.856194,36059600
1996-07-26,25.781250,26.031250,25.406250,25.968750,15.894450,15961600
1996-07-29,25.875000,26.375000,25.843750,26.187500,16.028324,13352800
1996-07-30,26.312500,27.000000,25.937500,26.843750,16.429998,15971200
1996-07-31,26.781250,27.218750,26.750000,26.875000,16.449118,14021200
1996-08-01,27.000000,27.250000,26.812500,26.812500,16.410873,12482400
1996-08-02,27.093750,27.343750,26.937500,27.218750,16.659517,9063200
1996-08-05,27.000000,27.343750,27.000000,27.312500,16.716898,8604400
1996-08-06,27.312500,27.531250,27.062500,27.406250,16.774284,14385600
1996-08-07,27.500000,28.218750,27.437500,28.156250,17.288527,12268000
1996-08-08,27.906250,28.468750,27.875000,28.375000,17.422846,11762400
1996-08-09,28.250000,28.437500,28.031250,28.093750,17.250147,6987600
1996-08-12,28.000000,28.312500,27.906250,28.031250,17.211777,7727600
1996-08-13,27.906250,28.125000,27.281250,27.343750,16.789640,11935200
1996-08-14,27.343750,27.875000,27.343750,27.812500,17.077454,10326000
1996-08-15,27.906250,27.906250,27.687500,27.718750,17.019892,4626800
1996-08-16,27.750000,27.812500,27.468750,27.500000,16.885571,6046800
1996-08-19,27.468750,27.593750,27.375000,27.500000,16.885571,7054000
1996-08-20,27.531250,27.687500,27.500000,27.625000,16.962328,4538800
1996-08-21,27.625000,28.187500,27.531250,28.062500,17.230957,7064400
1996-08-22,28.187500,28.468750,28.093750,28.156250,17.288527,8249200
1996-08-23,28.031250,28.406250,28.000000,28.250000,17.346088,6173600
1996-08-26,28.250000,28.281250,28.062500,28.125000,17.269339,3654800
1996-08-27,28.156250,28.187500,27.812500,27.937500,17.154211,4819600
1996-08-28,28.500000,28.937500,28.468750,28.750000,17.653107,14829600
1996-08-29,28.781250,28.875000,28.656250,28.781250,17.672291,9182400
1996-08-30,28.656250,28.750000,28.406250,28.593750,17.557159,6151600
1996-09-03,28.312500,28.843750,28.140625,28.812500,17.691477,8830400
1996-09-04,28.750000,28.906250,28.625000,28.656250,17.595545,5480800
1996-09-05,28.500000,28.625000,28.250000,28.281250,17.365273,7194400
1996-09-06,28.375000,28.968750,28.375000,28.875000,17.729853,9638000
1996-09-09,29.000000,29.437500,28.968750,29.406250,18.056049,10269600
1996-09-10,29.406250,29.843750,29.125000,29.531250,18.132813,16051200
1996-09-11,29.187500,29.562500,29.187500,29.500000,18.113613,8755200
1996-09-12,29.500000,29.562500,29.281250,29.312500,17.998484,8674800
1996-09-13,29.531250,30.718750,29.531250,30.531250,18.746828,22036400
1996-09-16,30.531250,30.843750,30.437500,30.687500,18.842773,10653200
1996-09-17,30.750000,30.906250,30.375000,30.906250,18.977081,13198400
1996-09-18,31.093750,31.312500,30.750000,31.125000,19.111401,14094000
1996-09-19,31.062500,31.281250,30.750000,30.875000,18.957895,8213200
1996-09-20,30.906250,31.218750,30.718750,30.750000,18.881142,12242000
1996-09-23,30.562500,31.187500,30.531250,31.062500,19.073023,6765600
1996-09-24,31.062500,31.718750,31.000000,31.031250,19.053833,14984000
1996-09-25,31.125000,31.718750,31.125000,31.625000,19.418411,10773600
1996-09-26,31.562500,31.968750,31.031250,31.093750,19.092207,12704000
1996-09-27,31.187500,31.375000,31.000000,31.187500,19.149775,5248800
1996-09-30,31.218750,31.781250,31.031250,31.125000,19.111401,7457600
1996-10-01,31.000000,31.312500,30.781250,30.937500,18.996273,9786000
1996-10-02,31.062500,31.468750,31.000000,31.468750,19.322479,8052800
1996-10-03,31.437500,31.562500,31.156250,31.250000,19.188160,7380400
1996-10-04,31.468750,31.781250,31.406250,31.656250,19.437595,9209200
1996-10-07,31.718750,32.000000,31.718750,31.968750,19.629484,7341600
1996-10-08,32.000000,32.375000,31.906250,32.093750,19.706234,12589600
1996-10-09,32.250000,32.343750,31.531250,31.562500,19.380026,9609600
1996-10-10,31.375000,32.000000,31.375000,31.937500,19.610287,8994000
1996-10-11,32.125000,32.531250,32.062500,32.468750,19.936487,11433200
1996-10-14,32.468750,32.500000,32.281250,32.500000,19.955679,5603600
1996-10-15,32.687500,32.812500,32.156250,32.375000,19.878931,11455600
1996-10-16,32.375000,32.375000,31.843750,31.906250,19.591099,7502800
1996-10-17,32.187500,32.281250,31.312500,31.406250,19.284092,8541600
1996-10-18,31.375000,32.375000,31.000000,32.343750,19.859728,13894800
1996-10-21,32.000000,33.843750,31.687500,32.531250,19.974874,33337200
1996-10-22,32.406250,32.687500,31.562500,31.750000,19.495169,11997200
1996-10-23,31.625000,32.468750,31.531250,32.312500,19.840551,12034000
1996-10-24,32.375000,32.437500,31.843750,31.843750,19.552734,7174000
1996-10-25,31.593750,32.000000,31.593750,31.625000,19.418411,6501600
1996-10-28,31.656250,32.031250,31.625000,31.843750,19.552734,7390000
1996-10-29,31.875000,31.937500,31.281250,31.406250,19.284092,10130000
1996-10-30,31.437500,31.875000,31.437500,31.593750,19.399223,8330000
1996-10-31,31.625000,32.281250,31.468750,32.250000,19.802174,8525200
1996-11-01,32.218750,32.406250,31.781250,31.875000,19.571917,8269200
1996-11-04,31.843750,32.343750,31.843750,32.187500,19.763796,6109200
1996-11-05,32.437500,32.875000,32.312500,32.562500,19.994055,11716400
1996-11-06,32.656250,33.468750,32.562500,33.343750,20.528919,11545600
1996-11-07,33.281250,33.781250,33.187500,33.437500,20.586645,13926400
1996-11-08,33.343750,33.625000,33.218750,33.593750,20.682846,6277600
1996-11-11,33.593750,33.718750,33.500000,33.625000,20.702084,5716800
1996-11-12,33.750000,33.937500,33.250000,33.312500,20.509682,10896400
1996-11-13,33.375000,33.968750,33.312500,33.687500,20.740557,9569200
1996-11-14,33.656250,34.406250,33.656250,34.218750,21.067642,11098000
1996-11-15,34.406250,36.375000,34.343750,36.250000,22.318241,31215200
1996-11-18,36.187500,37.500000,35.750000,36.687500,22.587578,23108400
1996-11-19,36.718750,38.718750,36.625000,38.531250,23.722738,24118400
1996-11-20,38.343750,39.750000,38.093750,38.156250,23.491861,32946800
1996-11-21,38.281250,38.718750,38.125000,38.531250,23.722738,18604400
1996-11-22,38.531250,39.718750,38.531250,39.625000,24.396130,16330000
1996-11-25,39.531250,39.625000,39.031250,39.406250,24.261459,11332000
1996-11-26,39.375000,40.187500,39.250000,39.500000,24.319174,22061600
1996-11-27,39.562500,40.062500,39.437500,39.531250,24.338421,11198800
1996-11-29,39.531250,39.906250,39.531250,39.843750,24.530813,3725200
1996-12-02,39.906250,40.875000,39.906250,40.750000,25.088770,13264000
1996-12-03,40.906250,41.500000,40.656250,40.656250,25.031046,18711200
1996-12-04,40.718750,41.000000,39.781250,40.500000,24.934851,17749200
1996-12-05,40.343750,40.656250,39.593750,39.625000,24.396130,12145200
1996-12-06,38.500000,39.500000,38.343750,38.906250,23.953617,24141600
1996-12-09,39.156250,40.031250,39.062500,40.000000,24.626999,11079600
1996-12-10,40.375000,40.468750,39.437500,39.437500,24.280680,12374000
1996-12-11,38.812500,39.656250,38.437500,39.031250,24.030567,23424400
1996-12-12,39.531250,39.625000,37.875000,37.906250,23.337940,14420400
1996-12-13,38.062500,38.718750,38.000000,38.218750,23.530334,15562400
1996-12-16,38.250000,38.312500,36.812500,37.156250,22.876184,14377600
1996-12-17,37.093750,38.406250,36.843750,37.968750,23.376423,16082400
1996-12-18,38.125000,39.750000,38.093750,39.656250,24.415373,14443200
1996-12-19,39.937500,39.937500,39.312500,39.531250,24.338421,13614000
1996-12-20,39.531250,39.593750,38.531250,38.656250,23.799698,16724800
1996-12-23,38.500000,38.843750,38.187500,38.562500,23.741980,8732800
1996-12-24,38.531250,39.000000,38.531250,38.937500,23.972857,2660000
1996-12-26,39.343750,39.593750,38.781250,38.937500,23.972857,4527200
1996-12-27,38.906250,38.906250,38.375000,38.781250,23.876659,5049200
1996-12-30,38.812500,38.875000,38.406250,38.406250,23.645767,4168000
1996-12-31,38.437500,38.843750,37.718750,37.875000,23.318703,7049600
1997-01-02,38.437500,38.593750,37.562500,38.312500,23.588051,16790000
1997-01-03,38.750000,39.781250,38.718750,39.781250,24.492329,12930400
1997-01-06,39.843750,40.843750,39.625000,40.312500,24.819420,19244400
1997-01-07,40.218750,40.937500,39.843750,40.843750,25.146484,10541200
1997-01-08,41.031250,41.062500,39.781250,39.968750,24.607775,11697600
1997-01-09,39.937500,40.500000,39.593750,40.468750,24.915607,12626800
1997-01-10,40.125000,41.000000,40.031250,40.750000,25.088770,17500800
1997-01-13,40.750000,41.562500,40.687500,40.968750,25.223461,15650800
1997-01-14,41.250000,41.906250,41.125000,41.753906,25.706850,11786400
1997-01-15,41.593750,42.093750,40.843750,41.156250,25.338894,17712800
1997-01-16,41.187500,41.687500,40.812500,41.375000,25.473564,13896000
1997-01-17,41.281250,41.437500,40.968750,41.312500,25.435081,8868800
1997-01-20,41.218750,41.906250,41.125000,41.750000,25.704439,10706000
1997-01-21,41.593750,42.531250,41.593750,42.000000,25.858362,14993200
1997-01-22,39.750000,40.000000,38.750000,39.500000,24.319174,49184800
1997-01-23,39.718750,40.062500,37.656250,37.937500,23.357180,33802400
1997-01-24,37.968750,38.500000,37.250000,37.625000,23.164787,32776800
1997-01-27,37.843750,37.937500,36.250000,36.437500,22.433666,23704400
1997-01-28,37.468750,38.562500,37.156250,37.687500,23.203247,32306000
1997-01-29,38.375000,39.187500,38.093750,39.093750,24.069073,18664400
1997-01-30,39.437500,39.562500,38.937500,39.312500,24.203745,18296000
1997-01-31,39.406250,39.468750,39.031250,39.218750,24.146009,11565600
1997-02-03,39.343750,39.343750,38.625000,38.718750,23.838165,10599200
1997-02-04,38.687500,38.687500,37.687500,38.406250,23.645767,13544800
1997-02-05,38.406250,38.406250,36.375000,37.187500,22.895428,22077600
1997-02-06,37.250000,37.437500,36.375000,36.500000,22.525158,20778400
1997-02-07,37.125000,37.500000,36.468750,37.187500,22.949427,19807200
1997-02-10,37.187500,37.187500,35.500000,35.687500,22.023729,21562800
1997-02-11,35.843750,36.312500,35.281250,36.312500,22.409433,21540400
1997-02-12,36.000000,36.656250,35.750000,36.250000,22.370874,18515200
1997-02-13,36.281250,37.031250,36.281250,36.593750,22.583000,15851600
1997-02-14,36.593750,36.937500,36.000000,36.250000,22.370874,13698800
1997-02-18,36.375000,36.375000,35.781250,36.312500,22.409433,10740800
1997-02-19,36.312500,36.468750,35.750000,35.906250,22.158737,13449200
1997-02-20,35.781250,35.875000,35.062500,35.312500,21.792301,14332000
1997-02-21,35.187500,35.218750,34.281250,34.406250,21.233032,25234000
1997-02-24,34.406250,36.000000,34.375000,35.968750,22.197302,17130800
1997-02-25,36.093750,37.000000,36.031250,36.625000,22.602289,16793600
1997-02-26,36.750000,36.875000,36.000000,36.718750,22.660137,14681600
1997-02-27,36.718750,36.718750,35.750000,35.750000,22.062305,7088800
1997-02-28,35.781250,36.437500,35.156250,35.937500,22.178011,12262400
1997-03-03,35.937500,36.687500,35.906250,36.281250,22.390162,13215600
1997-03-04,36.406250,36.687500,35.625000,36.218750,22.351589,12252800
1997-03-05,36.468750,36.625000,36.093750,36.375000,22.448004,8004800
1997-03-06,36.406250,37.250000,36.156250,36.656250,22.621571,14781600
1997-03-07,36.812500,36.906250,36.031250,36.187500,22.332296,10627200
1997-03-10,36.187500,36.750000,36.093750,36.531250,22.544426,8171200
1997-03-11,36.593750,37.437500,36.500000,36.500000,22.525158,13422400
1997-03-12,36.500000,36.812500,36.031250,36.218750,22.351589,11308400
1997-03-13,36.187500,36.562500,35.562500,35.718750,22.043022,12151200
1997-03-14,35.906250,36.093750,35.531250,35.906250,22.158737,8024800
1997-03-17,35.687500,35.781250,34.343750,34.875000,21.522318,20377600
1997-03-18,34.968750,35.187500,34.468750,34.843750,21.503036,14544400
1997-03-19,34.656250,34.687500,33.968750,34.468750,21.271610,16477600
1997-03-20,34.500000,34.937500,34.125000,34.218750,21.117329,14904800
1997-03-21,34.218750,34.281250,33.031250,33.125000,20.442339,26149200
1997-03-24,33.156250,34.218750,32.500000,34.187500,21.098040,18016800
1997-03-25,34.218750,34.593750,33.687500,33.968750,20.963043,13837200
1997-03-26,34.125000,35.281250,33.875000,35.062500,21.638029,14059600
1997-03-27,35.125000,35.406250,34.031250,34.250000,21.136610,12832000
1997-03-31,34.312500,34.875000,33.593750,34.312500,21.175180,15508000
1997-04-01,34.250000,34.437500,33.906250,34.187500,21.098040,11717600
1997-04-02,34.218750,34.343750,33.312500,33.437500,20.635191,14152000
1997-04-03,33.000000,33.062500,32.218750,32.781250,20.230198,21538000
1997-04-04,31.812500,32.781250,31.781250,32.312500,19.940924,25006400
1997-04-07,32.687500,33.375000,32.625000,33.125000,20.442339,10670400
1997-04-08,33.062500,34.218750,33.062500,34.156250,21.078758,10832000
1997-04-09,34.500000,34.500000,33.250000,33.281250,20.538769,13783600
1997-04-10,33.437500,33.718750,33.218750,33.250000,20.519485,9932400
1997-04-11,33.062500,33.687500,32.843750,33.343750,20.577333,16554400
1997-04-14,33.625000,34.218750,33.312500,34.125000,21.059469,10537600
1997-04-15,34.656250,34.750000,33.593750,34.468750,21.271610,15727600
1997-04-16,34.343750,34.593750,33.937500,34.375000,21.213755,7381200
1997-04-17,34.343750,34.937500,34.187500,34.437500,21.252327,10620400
1997-04-18,34.500000,35.031250,34.437500,34.937500,21.560881,9372800
1997-04-21,34.906250,35.312500,34.156250,34.343750,21.194477,9426800
1997-04-22,34.312500,35.031250,33.687500,35.000000,21.599463,12088800
1997-04-23,35.000000,35.937500,34.750000,35.593750,21.965876,15668400
1997-04-24,37.625000,39.250000,37.625000,38.406250,23.701534,42636400
1997-04-25,38.062500,38.218750,37.656250,37.687500,23.257969,12020000
1997-04-28,37.406250,37.937500,37.281250,37.593750,23.200132,9984000
1997-04-29,38.093750,39.750000,38.000000,39.593750,24.434383,18500000
1997-04-30,39.468750,40.281250,39.312500,40.125000,24.762238,18313600
1997-05-01,40.125000,40.406250,39.843750,40.343750,24.897226,11973200
1997-05-02,40.250000,40.718750,39.968750,40.531250,25.012941,12131600
1997-05-05,40.718750,41.562500,40.656250,41.531250,25.630075,12416400
1997-05-06,41.468750,41.843750,41.156250,41.375000,25.533644,13189200
1997-05-07,41.093750,41.718750,40.531250,40.531250,25.073544,11362000
1997-05-08,41.000000,42.312500,40.875000,41.843750,25.885475,19169200
1997-05-09,42.187500,42.312500,41.656250,41.875000,25.904816,11747600
1997-05-12,42.062500,43.375000,42.031250,43.375000,26.832752,14980400
1997-05-13,43.687500,44.281250,43.343750,43.406250,26.852074,22649200
1997-05-14,43.562500,43.750000,42.968750,43.468750,26.890736,13792400
1997-05-15,43.531250,43.906250,43.281250,43.468750,26.890736,10944400
1997-05-16,43.250000,43.437500,42.406250,42.500000,26.291452,14097200
1997-05-19,42.468750,42.593750,41.718750,42.187500,26.098141,9694800
1997-05-20,42.125000,43.875000,42.093750,43.437500,26.871416,12530400
1997-05-21,43.687500,44.343750,43.593750,43.781250,27.084074,12681200
1997-05-22,43.781250,44.000000,43.125000,43.125000,26.678082,7229600
1997-05-23,43.343750,43.718750,43.281250,43.343750,26.813417,6916000
1997-05-27,43.500000,44.812500,43.500000,44.812500,27.722015,12950800
1997-05-28,45.250000,45.937500,44.250000,45.062500,27.876671,17898800
1997-05-29,45.000000,45.000000,43.750000,43.875000,27.142052,11548400
1997-05-30,42.500000,44.125000,42.250000,43.250000,26.755428,13492800
1997-06-02,43.875000,43.937500,43.312500,43.562500,26.948736,6608600
1997-06-03,43.187500,43.312500,42.062500,42.187500,26.098141,9827800
1997-06-04,42.500000,42.812500,40.875000,41.687500,25.788824,9134400
1997-06-05,42.000000,42.437500,41.062500,41.437500,25.634167,7334000
1997-06-06,41.750000,43.000000,41.312500,42.812500,26.484768,9164800
1997-06-09,43.000000,43.812500,42.812500,43.437500,26.871416,7235000
1997-06-10,43.562500,43.937500,42.750000,43.125000,26.678082,7624400
1997-06-11,43.125000,43.687500,43.062500,43.562500,26.948736,6257200
1997-06-12,43.125000,44.187500,42.750000,44.062500,27.258059,7590600
1997-06-13,44.125000,44.875000,44.062500,44.500000,27.528704,8521800
1997-06-16,44.375000,45.000000,44.312500,44.625000,27.606022,5338000
1997-06-17,44.875000,45.375000,44.500000,44.937500,27.799355,7949800
1997-06-18,44.687500,44.750000,44.125000,44.500000,27.528704,5808800
1997-06-19,44.562500,45.375000,44.562500,44.812500,27.722015,6061000
1997-06-20,44.937500,45.968750,44.875000,44.937500,27.799355,13644200
1997-06-23,44.937500,45.687500,43.812500,43.875000,27.142052,9279000
1997-06-24,44.875000,46.125000,44.750000,45.906250,28.398623,10665800
1997-06-25,45.937500,46.875000,45.687500,45.937500,28.417980,9595000
1997-06-26,45.906250,46.468750,45.125000,45.312500,28.031332,8155600
1997-06-27,45.625000,46.000000,45.593750,45.625000,28.224651,4741200
1997-06-30,46.125000,46.250000,45.062500,45.125000,27.915329,6787800
1997-07-01,45.125000,46.125000,45.062500,45.906250,28.398623,5251600
1997-07-02,45.812500,46.812500,45.812500,46.718750,28.901262,5357800
1997-07-03,47.437500,47.562500,47.156250,47.406250,29.326580,6352200
1997-07-07,47.500000,47.750000,47.000000,47.250000,29.229912,6450600
1997-07-08,47.250000,47.875000,47.250000,47.875000,29.616549,5139800
1997-07-09,48.000000,48.343750,47.656250,48.093750,29.751869,8863800
1997-07-10,47.343750,48.093750,47.031250,47.875000,29.616549,6395000
1997-07-11,47.906250,48.687500,47.812500,47.875000,29.616549,6886200
1997-07-14,47.812500,48.218750,47.000000,47.625000,29.461908,6448800
1997-07-15,47.437500,48.125000,46.687500,48.000000,29.693890,7480600
1997-07-16,47.875000,49.000000,47.687500,48.812500,30.196495,10772000
1997-07-17,48.906250,50.875000,48.562500,49.812500,30.815132,15775200
1997-07-18,50.000000,52.625000,50.000000,52.250000,32.323029,23174200
1997-07-21,52.625000,53.156250,51.093750,51.875000,32.091034,16409200
1997-07-22,50.250000,51.750000,49.687500,51.500000,31.859062,18413800
1997-07-23,52.187500,53.500000,51.593750,52.562500,32.516342,10994000
1997-07-24,52.812500,54.218750,52.250000,53.906250,33.347633,10204400
1997-07-25,53.968750,54.218750,52.812500,53.500000,33.096302,7330000
1997-07-28,53.250000,53.437500,52.406250,52.500000,32.477707,6502400
1997-07-29,52.250000,52.312500,51.375000,51.437500,31.820374,8638600
1997-07-30,51.437500,53.000000,51.437500,53.000000,32.786980,8703000
1997-07-31,53.062500,53.500000,52.500000,52.875000,32.709656,6884200
1997-08-01,52.750000,52.968750,51.656250,52.375000,32.400352,8003600
1997-08-04,52.281250,53.250000,52.156250,53.125000,32.864315,6082800
1997-08-05,53.250000,53.968750,53.250000,53.250000,32.941654,5373000
1997-08-06,53.218750,54.718750,52.906250,53.937500,33.366943,8324200
1997-08-07,54.250000,54.625000,53.437500,53.687500,33.273998,6473800
1997-08-08,53.156250,53.562500,52.000000,52.625000,32.615471,7673400
1997-08-11,52.375000,52.656250,51.500000,51.500000,31.918236,6773000
1997-08-12,51.687500,52.812500,51.500000,51.718750,32.053814,7009600
1997-08-13,52.906250,53.000000,51.375000,52.187500,32.344315,10260000
1997-08-14,52.281250,52.562500,51.312500,51.812500,32.111908,6767000
1997-08-15,51.656250,52.250000,49.937500,49.968750,30.969210,9205200
1997-08-18,50.500000,52.062500,49.843750,52.000000,32.228115,9949400
1997-08-19,52.375000,54.000000,52.125000,53.968750,33.448296,9582800
1997-08-20,53.812500,54.218750,53.062500,54.000000,33.467663,9093800
1997-08-21,53.750000,53.968750,52.625000,52.875000,32.770420,6517600
1997-08-22,51.250000,53.312500,51.218750,53.187500,32.964096,8856600
1997-08-25,53.187500,53.500000,52.250000,52.500000,32.538025,4979600
1997-08-26,51.687500,52.187500,51.531250,51.656250,32.015079,5977000
1997-08-27,51.593750,52.406250,51.250000,51.937500,32.189396,5547000
1997-08-28,51.375000,51.937500,50.500000,50.562500,31.337196,5700000
1997-08-29,50.281250,51.437500,50.234375,50.687500,31.414669,7512000
1997-09-02,50.687500,52.156250,50.625000,52.031250,32.247494,9086600
1997-09-03,51.906250,52.562500,51.750000,51.781250,32.092533,7020600
1997-09-04,51.781250,52.281250,51.500000,51.875000,32.150642,5027400
1997-09-05,52.468750,52.625000,51.781250,51.812500,32.111908,5366400
1997-09-08,51.968750,52.156250,51.312500,51.437500,31.879488,5166400
1997-09-09,51.500000,52.000000,50.000000,50.000000,30.988583,11532200
1997-09-10,50.000000,50.031250,48.062500,48.500000,30.058905,17162800
1997-09-11,48.500000,49.187500,48.250000,49.000000,30.368818,11754600
1997-09-12,48.968750,49.000000,48.468750,48.875000,30.291328,6588400
1997-09-15,49.062500,49.593750,48.062500,48.125000,29.826515,5345600
1997-09-16,48.625000,50.250000,48.187500,49.812500,30.872370,9599000
1997-09-17,50.125000,50.625000,49.500000,49.812500,30.872370,6978800
1997-09-18,50.062500,50.125000,49.375000,49.375000,30.601238,7457000
1997-09-19,49.468750,49.812500,49.156250,49.625000,30.756161,6892400
1997-09-22,51.000000,52.562500,51.000000,51.937500,32.189396,13878400
1997-09-23,52.031250,52.500000,51.375000,51.625000,31.995708,8288400
1997-09-24,51.937500,52.218750,50.718750,50.781250,31.472771,6121400
1997-09-25,50.843750,51.500000,50.593750,50.812500,31.492130,4924000
1997-09-26,51.406250,51.593750,50.968750,51.312500,31.802029,4256800
1997-09-29,51.187500,52.562500,51.000000,52.500000,32.538025,5949200
1997-09-30,52.375000,53.718750,51.812500,53.000000,32.847881,12472400
1997-10-01,53.062500,53.218750,51.593750,51.750000,32.073196,7569200
1997-10-02,51.906250,52.281250,51.500000,52.281250,32.402435,4485400
1997-10-03,53.437500,53.625000,51.750000,52.156250,32.324955,8193600
1997-10-06,52.531250,52.625000,52.187500,52.406250,32.479900,4900800
1997-10-07,53.250000,53.562500,52.968750,53.406250,33.099663,8043000
1997-10-08,53.406250,53.437500,52.250000,52.625000,32.615471,8195000
1997-10-09,52.156250,52.906250,52.093750,52.312500,32.421799,4524000
1997-10-10,52.187500,52.687500,52.062500,52.468750,32.518639,3287000
1997-10-13,52.750000,52.750000,52.031250,52.250000,32.383068,1944200
1997-10-14,52.031250,52.062500,51.031250,51.656250,32.015079,5266600
1997-10-15,51.062500,51.437500,50.687500,50.843750,31.511503,5498400
1997-10-16,51.187500,51.343750,49.562500,49.937500,30.949846,6745200
1997-10-17,49.062500,49.437500,47.625000,47.718750,29.574713,14452400
1997-10-20,47.906250,48.875000,47.250000,48.750000,30.213860,11458600
1997-10-21,50.812500,52.687500,50.500000,52.593750,32.596100,17485200
1997-10-22,52.625000,52.968750,52.125000,52.562500,32.576725,8678200
1997-10-23,51.000000,51.937500,50.031250,50.187500,31.104788,13857800
1997-10-24,51.125000,51.406250,48.437500,49.000000,30.368818,18452200
1997-10-27,48.625000,49.312500,44.937500,45.000000,27.889729,14280400
1997-10-28,44.500000,49.968750,44.312500,49.687500,30.794895,25117200
1997-10-29,50.000000,51.125000,48.937500,49.125000,30.446270,17167600
1997-10-30,48.250000,49.687500,47.781250,47.906250,29.690933,12780800
1997-10-31,49.187500,49.593750,48.281250,49.250000,30.523748,7909200
1997-11-03,49.562500,51.093750,49.562500,50.812500,31.492130,8669200
1997-11-04,50.562500,51.375000,50.468750,50.968750,31.588978,6986400
1997-11-05,51.250000,51.968750,50.781250,51.375000,31.840769,6508000
1997-11-06,51.312500,51.593750,50.531250,50.531250,31.378895,6152200
1997-11-07,49.500000,50.218750,49.125000,49.750000,30.893764,9054200
1997-11-10,50.375000,50.406250,48.812500,48.843750,30.331007,7520200
1997-11-11,49.062500,50.000000,48.968750,49.500000,30.738533,5628000
1997-11-12,49.187500,49.750000,48.250000,48.312500,30.001101,8222200
1997-11-13,48.750000,49.687500,47.625000,49.562500,30.777315,10340200
1997-11-14,49.968750,51.031250,49.562500,50.750000,31.514736,9638800
1997-11-17,51.500000,52.437500,51.437500,51.750000,32.135738,8990000
1997-11-18,51.843750,52.187500,51.000000,51.062500,31.708813,6368800
1997-11-19,51.000000,51.968750,50.875000,51.531250,31.999901,7349000
1997-11-20,52.031250,52.500000,51.625000,52.375000,32.523838,6708200
1997-11-21,52.625000,53.187500,52.500000,52.781250,32.776127,9496400
1997-11-24,52.468750,52.875000,51.500000,51.562500,32.019291,6802400
1997-11-25,52.062500,53.750000,51.937500,53.687500,33.338886,10226600
1997-11-26,53.750000,54.937500,53.687500,54.875000,34.076305,9843800
1997-11-28,54.562500,54.968750,54.562500,54.750000,33.998669,2965400
1997-12-01,55.000000,56.656250,54.937500,56.281250,34.949543,11629400
1997-12-02,56.062500,56.093750,55.281250,55.375000,34.386776,7056000
1997-12-03,55.250000,55.812500,54.500000,55.187500,34.270332,9819600
1997-12-04,55.312500,55.656250,54.437500,54.625000,33.921036,7182200
1997-12-05,54.750000,56.437500,54.500000,56.125000,34.852512,6931000
1997-12-08,56.437500,56.750000,55.875000,56.437500,35.046581,6174400
1997-12-09,55.750000,56.125000,55.000000,55.187500,34.270332,7252000
1997-12-10,54.718750,54.812500,52.718750,53.250000,33.067196,11480400
1997-12-11,51.500000,51.968750,50.687500,50.812500,31.553566,14799600
1997-12-12,51.500000,51.718750,48.187500,50.187500,31.165453,16173400
1997-12-15,50.750000,50.968750,48.500000,50.437500,31.320696,11693800
1997-12-16,50.562500,52.625000,50.562500,51.875000,32.213352,9175600
1997-12-17,52.500000,52.750000,50.937500,51.000000,31.670006,8819600
1997-12-18,51.093750,51.468750,49.500000,50.000000,31.049013,10335600
1997-12-19,49.625000,51.468750,48.500000,51.062500,31.708813,13633400
1997-12-22,52.375000,52.375000,50.437500,51.281250,31.844650,7745800
1997-12-23,51.218750,52.062500,49.312500,49.312500,30.622070,5899200
1997-12-24,50.062500,50.406250,49.500000,49.562500,30.777315,4120000
1997-12-26,49.687500,50.875000,49.625000,50.843750,31.572968,2138200
1997-12-29,51.437500,51.843750,51.375000,51.375000,31.902855,4614600
1997-12-30,51.843750,52.750000,51.468750,51.562500,32.019291,7116000
1997-12-31,52.000000,52.593750,51.593750,52.312500,32.485016,5473000
1998-01-02,52.250000,52.875000,52.031250,52.812500,32.795517,5270000
1998-01-05,52.781250,53.406250,52.500000,53.218750,33.047802,10034000
1998-01-06,52.687500,53.593750,52.531250,52.625000,32.679089,7111200
1998-01-07,52.500000,52.500000,51.312500,52.125000,32.368587,8616400
1998-01-08,51.750000,52.750000,51.468750,52.093750,32.349190,8118800
1998-01-09,52.156250,52.437500,49.687500,50.031250,31.068415,14365600
1998-01-12,49.125000,50.562500,48.750000,50.062500,31.087826,12821400
1998-01-13,50.281250,51.218750,50.156250,51.062500,31.708813,6829000
1998-01-14,51.750000,52.000000,50.625000,51.312500,31.864052,8550800
1998-01-15,51.593750,52.468750,51.187500,51.718750,32.116314,12643400
1998-01-16,52.437500,52.593750,52.250000,52.500000,32.601486,8378200
1998-01-20,52.593750,54.187500,52.343750,54.187500,33.649376,9941200
1998-01-21,50.125000,51.000000,49.812500,50.062500,31.087826,27815600
1998-01-22,49.906250,50.312500,49.250000,49.687500,30.854956,13167000
1998-01-23,49.906250,50.000000,49.468750,49.593750,30.796743,7823000
1998-01-26,49.625000,49.968750,49.000000,49.062500,30.466850,5615800
1998-01-27,48.375000,48.937500,47.812500,48.250000,29.962303,14039400
1998-01-28,48.562500,49.000000,48.250000,48.500000,30.117538,10384800
1998-01-29,48.500000,49.656250,48.500000,49.093750,30.486244,8827200
1998-01-30,49.156250,49.781250,49.000000,49.375000,30.660900,5800200
1998-02-02,50.000000,50.625000,50.000000,50.281250,31.223667,6875400
1998-02-03,50.062500,50.125000,49.343750,49.687500,30.854956,7171200
1998-02-04,49.562500,49.906250,49.031250,49.156250,30.525049,8568600
1998-02-05,49.562500,49.781250,49.187500,49.781250,30.913181,7553400
1998-02-06,49.562500,49.812500,48.875000,49.000000,30.489279,8165000
1998-02-09,49.062500,49.812500,49.000000,49.000000,30.489279,6896800
1998-02-10,49.031250,51.218750,48.750000,50.437500,31.383741,16328600
1998-02-11,50.812500,51.625000,50.750000,51.343750,31.947636,8415000
1998-02-12,50.937500,51.625000,50.781250,51.437500,32.005962,7253600
1998-02-13,51.343750,51.812500,51.187500,51.187500,31.850401,4488200
1998-02-17,51.531250,51.843750,50.750000,51.000000,31.733749,7663600
1998-02-18,51.000000,51.812500,50.656250,51.375000,31.967072,6504600
1998-02-19,51.500000,52.312500,51.375000,51.375000,31.967072,8553400
1998-02-20,51.500000,51.718750,50.781250,51.312500,31.928192,7501600
1998-02-23,51.718750,51.968750,51.406250,51.437500,32.005962,5252000
1998-02-24,51.312500,51.437500,50.875000,51.250000,31.889307,5144800
1998-02-25,51.281250,52.625000,51.250000,52.625000,32.744873,7696200
1998-02-26,52.375000,52.937500,52.156250,52.750000,32.822639,6429600
1998-02-27,52.406250,52.812500,51.937500,52.218750,32.492085,5890400
1998-03-02,52.093750,52.281250,50.000000,50.968750,31.714293,6980400
1998-03-03,50.000000,51.250000,49.906250,51.062500,31.772638,7940400
1998-03-04,51.000000,51.656250,49.500000,49.500000,30.800402,6014000
1998-03-05,50.093750,50.187500,49.156250,49.468750,30.780951,10724000
1998-03-06,49.562500,49.906250,49.062500,49.062500,30.528175,10410200
1998-03-09,48.562500,49.125000,47.937500,48.062500,29.905931,12928400
1998-03-10,48.687500,49.093750,48.343750,48.750000,30.333710,8334200
1998-03-11,48.937500,49.937500,48.718750,49.562500,30.839258,6806800
1998-03-12,49.593750,50.312500,49.093750,50.125000,31.189299,5903400
1998-03-13,50.437500,50.562500,49.500000,49.812500,30.994831,5850600
1998-03-16,49.843750,50.687500,49.625000,50.625000,31.500389,6842400
1998-03-17,50.656250,50.906250,49.781250,50.437500,31.383741,7170200
1998-03-18,50.312500,51.156250,50.281250,50.781250,31.597628,7189400
1998-03-19,50.843750,51.500000,50.718750,51.437500,32.005962,5170000
1998-03-20,51.500000,51.625000,50.718750,51.031250,31.753180,8215600
1998-03-23,50.781250,51.687500,50.687500,50.687500,31.539301,6193600
1998-03-24,51.125000,51.843750,51.062500,51.750000,32.200428,4807400
1998-03-25,52.500000,53.343750,52.437500,53.000000,32.978191,13490400
1998-03-26,52.937500,53.312500,52.500000,52.531250,32.686527,5713400
1998-03-27,52.625000,52.750000,51.937500,52.187500,32.472649,5661400
1998-03-30,52.062500,52.437500,51.250000,51.625000,32.122643,3827400
1998-03-31,52.000000,52.468750,51.687500,51.937500,32.317070,5077000
1998-04-01,51.937500,52.437500,51.656250,52.218750,32.492085,5279600
1998-04-02,52.156250,53.343750,52.000000,52.906250,32.919861,7202600
1998-04-03,52.812500,53.187500,51.968750,52.343750,32.569878,6212400
1998-04-06,53.125000,53.250000,52.500000,53.000000,32.978191,7358600
1998-04-07,52.875000,52.906250,51.781250,52.343750,32.569878,5446400
1998-04-08,52.375000,52.812500,51.875000,52.250000,32.511551,5387200
1998-04-09,52.812500,53.250000,52.656250,53.187500,33.094872,6060000
1998-04-13,53.281250,53.906250,52.093750,52.093750,32.414303,8170000
1998-04-14,52.500000,53.125000,52.312500,53.125000,33.055965,4771000
1998-04-15,53.500000,54.906250,53.250000,54.875000,34.144897,9104200
1998-04-16,54.687500,55.000000,53.812500,53.906250,33.542088,6761200
1998-04-17,53.718750,53.968750,53.250000,53.875000,33.522648,6308000
1998-04-20,53.968750,55.625000,53.593750,55.593750,34.592117,9848600
1998-04-21,57.000000,59.250000,56.812500,59.000000,36.711578,24603200
1998-04-22,59.000000,60.000000,57.312500,57.375000,35.700455,13093600
1998-04-23,57.250000,58.812500,57.062500,58.750000,36.556019,9557600
1998-04-24,58.375000,58.968750,58.125000,58.687500,36.517136,7912400
1998-04-27,58.125000,58.312500,57.187500,57.656250,35.875469,8595000
1998-04-28,58.062500,59.250000,57.656250,57.843750,35.992119,10374200
1998-04-29,57.843750,58.437500,57.312500,57.781250,35.953232,6807800
1998-04-30,58.031250,58.718750,57.750000,57.937500,36.050461,7115000
1998-05-01,57.968750,58.687500,57.750000,58.437500,36.361584,4953000
1998-05-04,58.562500,59.437500,58.312500,58.312500,36.283806,5313000
1998-05-05,58.343750,59.125000,58.343750,58.906250,36.653248,5393200
1998-05-06,59.000000,59.468750,58.625000,58.625000,36.546486,6365000
1998-05-07,58.750000,58.875000,58.062500,58.562500,36.507530,5308800
1998-05-08,58.468750,60.000000,58.437500,60.000000,37.403667,7766800
1998-05-11,60.093750,61.375000,59.156250,59.656250,37.189373,9542800
1998-05-12,59.125000,60.000000,58.656250,59.812500,37.286777,7547600
1998-05-13,60.125000,61.125000,60.062500,60.937500,37.988094,7926600
1998-05-14,61.687500,64.656250,61.437500,62.906250,39.215397,21057200
1998-05-15,62.812500,63.875000,62.062500,62.468750,38.942673,11197800
1998-05-18,62.375000,62.875000,61.718750,62.312500,38.845253,7051000
1998-05-19,62.812500,63.500000,62.375000,62.500000,38.962147,7796000
1998-05-20,62.625000,62.906250,61.281250,61.750000,38.494591,6028200
1998-05-21,61.750000,62.093750,60.968750,61.812500,38.533562,5835400
1998-05-22,61.812500,61.812500,60.562500,60.968750,38.007576,3997000
1998-05-26,61.187500,61.500000,60.406250,60.500000,37.715351,6951400
1998-05-27,59.656250,60.750000,59.281250,60.125000,37.481594,10038400
1998-05-28,60.125000,60.812500,59.906250,60.031250,37.423138,5944400
1998-05-29,60.281250,60.468750,58.687500,58.750000,36.624409,5710800
1998-06-01,58.687500,59.156250,57.312500,58.593750,36.526997,7307400
1998-06-02,58.593750,58.843750,57.406250,57.781250,36.020496,7782600
1998-06-03,58.000000,58.312500,56.937500,56.937500,35.494499,5881800
1998-06-04,57.125000,58.093750,57.125000,58.031250,36.176353,6066600
1998-06-05,58.375000,59.500000,58.281250,59.437500,37.053005,8245400
1998-06-08,59.375000,60.000000,59.187500,59.406250,37.033516,3750000
1998-06-09,59.500000,59.781250,58.906250,59.625000,37.169884,3742200
1998-06-10,59.375000,59.812500,58.437500,58.625000,36.546486,6562200
1998-06-11,58.750000,59.031250,57.875000,58.000000,36.156860,5357200
1998-06-12,57.937500,58.406250,57.000000,58.125000,36.234802,8041400
1998-06-15,57.312500,57.718750,56.062500,56.125000,34.988007,8407400
1998-06-16,55.937500,55.937500,53.562500,55.000000,34.286674,17628200
1998-06-17,55.500000,56.093750,55.031250,55.500000,34.598381,11245200
1998-06-18,54.500000,54.562500,53.812500,54.406250,33.916542,8481400
1998-06-19,54.375000,54.625000,53.000000,53.062500,33.078857,9768000
1998-06-22,53.125000,54.750000,53.093750,54.062500,33.702263,8553800
1998-06-23,55.000000,56.156250,54.968750,55.875000,34.832150,8078400
1998-06-24,55.937500,56.062500,55.031250,56.000000,34.910076,6060000
1998-06-25,56.250000,57.343750,56.000000,56.218750,35.046452,6375600
1998-06-26,56.187500,56.718750,56.156250,56.500000,35.221767,3272800
1998-06-29,57.062500,57.406250,56.781250,57.062500,35.572422,4369200
1998-06-30,57.062500,58.156250,56.750000,57.406250,35.786720,8712000
1998-07-01,58.000000,58.468750,57.750000,58.375000,36.390648,6332800
1998-07-02,58.281250,58.312500,57.250000,57.593750,35.903618,6439600
1998-07-06,57.500000,57.531250,56.656250,56.843750,35.436069,6398400
1998-07-07,56.812500,57.250000,56.375000,56.937500,35.494499,4549800
1998-07-08,56.875000,57.781250,56.812500,57.500000,35.845181,4516400
1998-07-09,57.375000,59.250000,57.312500,58.531250,36.488041,6379000
1998-07-10,59.125000,59.625000,58.687500,59.250000,36.936115,6140200
1998-07-13,59.250000,60.000000,59.125000,59.687500,37.208847,4679600
1998-07-14,59.875000,60.312500,59.500000,59.812500,37.286777,4537200
1998-07-15,59.625000,60.000000,58.500000,58.500000,36.468571,5115600
1998-07-16,58.562500,59.468750,58.000000,59.187500,36.897144,4360200
1998-07-17,59.281250,60.187500,59.250000,60.093750,37.462105,6336800
1998-07-20,60.500000,61.500000,60.156250,61.000000,38.027050,8978400
1998-07-21,64.125000,65.500000,63.875000,64.062500,39.936203,24617200
1998-07-22,63.000000,64.218750,62.250000,63.718750,39.721901,12101800
1998-07-23,63.593750,64.500000,61.843750,61.937500,38.611500,8306200
1998-07-24,62.937500,62.968750,61.250000,62.125000,38.728363,5749200
1998-07-27,61.875000,62.875000,61.125000,62.750000,39.117992,7345400
1998-07-28,63.125000,63.468750,62.093750,62.718750,39.098522,8490600
1998-07-29,63.968750,64.218750,63.531250,63.937500,39.858273,8039600
1998-07-30,64.312500,66.875000,64.218750,66.687500,41.572598,10953400
1998-07-31,66.625000,69.062500,66.125000,66.250000,41.299870,13188000
1998-08-03,67.000000,67.437500,66.156250,66.375000,41.377800,8355800
1998-08-04,67.000000,67.125000,63.406250,63.406250,39.527100,13377800
1998-08-05,63.500000,64.625000,62.000000,64.375000,40.131001,13107200
1998-08-06,63.906250,65.468750,63.687500,64.875000,40.511921,8202600
1998-08-07,65.875000,67.125000,64.562500,64.562500,40.316780,11530600
1998-08-10,64.437500,65.062500,64.375000,64.937500,40.550938,6055400
1998-08-11,63.062500,64.250000,62.656250,64.250000,40.121635,10229400
1998-08-12,64.375000,64.781250,63.781250,64.000000,39.965530,7364600
1998-08-13,63.781250,64.187500,63.000000,63.093750,39.399609,6053600
1998-08-14,63.312500,63.687500,62.000000,62.687500,39.145916,6295800
1998-08-17,62.562500,63.000000,62.125000,62.562500,39.067867,6355000
1998-08-18,63.500000,64.750000,63.500000,64.437500,40.238739,7583800
1998-08-19,64.750000,65.500000,64.531250,64.968750,40.570457,7142200
1998-08-20,64.750000,65.031250,63.750000,64.031250,39.985035,6080600
1998-08-21,63.750000,64.000000,62.250000,63.937500,39.926495,8440800
1998-08-24,64.000000,64.343750,63.656250,64.281250,40.141144,5770800
1998-08-25,64.562500,65.437500,63.812500,64.218750,40.102131,5264400
1998-08-26,63.625000,65.875000,63.500000,65.437500,40.863194,8823400
1998-08-27,64.375000,64.375000,62.406250,62.625000,39.106892,14693800
1998-08-28,62.625000,62.906250,60.406250,61.281250,38.267780,11605200
1998-08-31,61.500000,61.687500,56.312500,56.312500,35.164982,14972600
1998-09-01,56.500000,59.468750,55.375000,58.968750,36.823708,16799400
1998-09-02,60.500000,61.875000,59.937500,60.250000,37.623791,11255600
1998-09-03,59.375000,61.343750,59.031250,60.875000,38.014091,9646200
1998-09-04,61.250000,61.437500,57.656250,59.687500,37.272537,8245800
1998-09-08,62.468750,62.968750,61.093750,62.968750,39.321548,9285000
1998-09-09,62.875000,63.718750,61.687500,61.750000,38.560482,9989400
1998-09-10,61.062500,61.250000,59.093750,61.250000,38.248249,11159600
1998-09-11,60.687500,63.281250,60.312500,63.281250,39.516693,9930200
1998-09-14,64.000000,64.968750,63.812500,64.562500,40.316780,9114200
1998-09-15,64.500000,65.343750,64.250000,65.000000,40.589993,6493600
1998-09-16,65.000000,65.468750,64.093750,65.250000,40.746098,6638800
1998-09-17,63.750000,64.125000,63.093750,63.375000,39.575207,8840400
1998-09-18,63.375000,63.625000,62.125000,62.343750,38.931259,9212400
1998-09-21,60.062500,64.312500,60.000000,64.093750,40.024067,8713200
1998-09-22,64.687500,65.312500,63.843750,63.875000,39.887474,8591200
1998-09-23,64.375000,66.500000,64.250000,66.031250,41.233967,8660800
1998-09-24,65.781250,67.468750,65.125000,65.281250,40.765606,8400400
1998-09-25,65.000000,66.843750,64.906250,66.750000,41.682796,7306200
1998-09-28,67.250000,68.093750,66.093750,66.812500,41.721828,7640800
1998-09-29,66.875000,67.062500,65.000000,65.718750,41.038822,7089800
1998-09-30,65.375000,65.750000,63.812500,64.250000,40.121635,8299400
1998-10-01,62.531250,63.218750,61.687500,62.687500,39.145916,12537400
1998-10-02,62.062500,62.625000,59.468750,62.406250,38.970299,14605200
1998-10-05,61.875000,61.875000,58.656250,60.125000,37.545746,13442000
1998-10-06,62.000000,62.000000,59.375000,59.625000,37.233505,14367400
1998-10-07,59.750000,61.437500,59.062500,60.375000,37.701847,13164800
1998-10-08,60.375000,61.750000,58.406250,61.750000,38.560482,18312600
1998-10-09,62.218750,63.968750,61.250000,63.656250,39.750839,11683200
1998-10-12,65.062500,66.437500,64.781250,65.437500,40.863194,10805000
1998-10-13,65.250000,65.250000,63.281250,64.093750,40.024067,9393600
1998-10-14,63.875000,66.000000,63.593750,65.250000,40.746098,9591800
1998-10-15,65.000000,69.375000,64.875000,68.250000,42.619488,13065400
1998-10-16,68.500000,68.750000,67.406250,67.968750,42.443855,10338200
1998-10-19,67.500000,69.906250,67.500000,69.687500,43.517147,8809400
1998-10-20,70.312500,71.218750,68.250000,68.937500,43.048813,11327000
1998-10-21,70.062500,71.843750,69.500000,71.343750,44.551407,17015800
1998-10-22,70.000000,71.750000,69.812500,70.906250,44.278206,9495800
1998-10-23,70.750000,71.718750,70.593750,70.781250,44.200153,6291000
1998-10-26,70.656250,72.218750,70.031250,71.531250,44.668503,7354600
1998-10-27,72.500000,73.406250,71.531250,72.187500,45.078308,11417200
1998-10-28,72.312500,73.437500,71.906250,73.093750,45.644218,7269800
1998-10-29,74.000000,74.750000,73.500000,74.375000,46.444317,10156000
1998-10-30,74.750000,74.906250,73.750000,74.250000,46.366257,7846200
1998-11-02,74.218750,74.843750,73.656250,74.187500,46.327232,6965400
1998-11-03,74.250000,74.968750,73.593750,73.687500,46.014996,6913000
1998-11-04,74.437500,74.875000,72.875000,73.937500,46.171120,8192600
1998-11-05,73.843750,74.781250,73.406250,74.500000,46.522369,6586000
1998-11-06,74.437500,75.468750,73.750000,74.968750,46.884323,7138000
1998-11-09,75.375000,76.093750,74.968750,75.687500,47.333813,7577400
1998-11-10,75.437500,78.375000,75.343750,78.000000,48.779991,8743000
1998-11-11,78.500000,79.437500,78.250000,78.562500,49.131798,10218200
1998-11-12,78.343750,79.937500,78.312500,78.937500,49.366302,8667800
1998-11-13,78.500000,78.750000,77.875000,78.718750,49.229523,5995200
1998-11-16,79.312500,79.843750,79.031250,79.687500,49.835361,6842000
1998-11-17,79.687500,80.687500,79.000000,79.000000,49.405403,8733400
1998-11-18,79.031250,79.812500,78.812500,79.500000,49.718109,5845600
1998-11-19,79.750000,79.937500,79.062500,79.281250,49.581287,6328800
1998-11-20,79.437500,80.062500,79.250000,80.062500,50.069855,6387800
1998-11-23,80.500000,83.500000,80.281250,83.281250,52.082825,7754000
1998-11-24,82.750000,83.593750,82.500000,82.625000,51.672428,6641800
1998-11-25,82.562500,83.468750,82.187500,83.375000,52.141460,3937400
1998-11-27,83.312500,85.093750,83.312500,85.000000,53.157726,2674000
1998-11-30,84.875000,85.281250,82.437500,82.562500,51.633339,5533400
1998-12-01,81.750000,85.000000,81.750000,84.937500,53.118618,7276600
1998-12-02,84.468750,84.625000,82.375000,83.718750,52.356430,6153600
1998-12-03,84.125000,84.687500,81.500000,81.750000,51.125198,6459400
1998-12-04,82.312500,82.687500,81.125000,82.125000,51.359722,6800200
1998-12-07,82.218750,84.093750,82.125000,83.593750,52.278244,5303800
1998-12-08,84.093750,84.937500,82.531250,84.093750,52.590969,7429200
1998-12-09,84.031250,84.968750,83.687500,84.718750,52.981815,4680600
1998-12-10,84.656250,85.000000,81.875000,82.500000,51.594242,7374600
1998-12-11,82.000000,84.218750,81.625000,84.000000,52.532322,6984200
1998-12-14,83.250000,83.500000,81.375000,81.437500,50.929764,7547400
1998-12-15,81.750000,82.906250,81.250000,82.500000,51.594242,7771600
1998-12-16,83.437500,83.437500,82.156250,82.187500,51.398811,5652800
1998-12-17,82.718750,84.812500,82.531250,83.031250,51.926487,8763200
1998-12-18,83.312500,86.093750,83.312500,85.781250,53.646290,9816800
1998-12-21,85.781250,89.468750,85.781250,88.187500,55.151115,7478600
1998-12-22,88.750000,91.500000,87.625000,91.125000,56.988167,8704600
1998-12-23,91.343750,92.687500,90.562500,92.500000,57.848103,7070000
1998-12-24,92.375000,93.968750,92.031250,93.968750,58.766602,3049800
1998-12-28,93.250000,94.968750,93.000000,94.625000,59.177025,5269200
1998-12-29,94.312500,94.468750,93.500000,93.562500,58.512585,3762200
1998-12-30,93.437500,94.312500,93.156250,93.375000,58.395283,4813200
1998-12-31,93.375000,93.593750,91.750000,92.187500,57.652653,3864800
1999-01-04,92.500000,93.250000,90.750000,91.500000,57.222702,8149600
1999-01-05,91.500000,94.937500,91.406250,94.812500,59.294292,9907600
1999-01-06,95.156250,96.375000,94.250000,94.375000,59.020687,9539600
1999-01-07,93.968750,96.187500,93.500000,95.093750,59.470184,8306800
1999-01-08,95.500000,96.000000,92.812500,93.781250,58.649353,9176800
1999-01-11,94.500000,94.718750,93.500000,94.625000,59.177025,7261600
1999-01-12,95.000000,95.000000,92.000000,92.531250,57.867615,6763600
1999-01-13,91.500000,93.718750,89.750000,92.750000,58.004440,9905400
1999-01-14,91.812500,92.468750,89.437500,90.312500,56.480076,9000000
1999-01-15,91.125000,92.750000,90.625000,92.468750,57.828560,6789600
1999-01-19,93.875000,96.250000,92.750000,96.125000,60.115101,8398600
1999-01-20,97.500000,99.625000,96.312500,97.250000,60.818676,12634600
1999-01-21,98.812500,99.125000,96.031250,98.500000,61.600346,20404600
1999-01-22,92.000000,92.750000,88.812500,89.875000,56.206455,38085000
1999-01-25,91.125000,91.312500,86.750000,91.000000,56.910034,23375400
1999-01-26,91.875000,93.250000,90.937500,92.812500,58.043491,19097000
1999-01-27,93.406250,93.406250,88.906250,89.156250,55.756958,17833200
1999-01-28,89.750000,90.656250,88.781250,89.343750,55.874222,11941200
1999-01-29,89.343750,91.968750,89.250000,91.625000,57.300877,10115800
1999-02-01,92.250000,92.250000,89.750000,89.875000,56.206455,7407200
1999-02-02,89.781250,90.343750,87.500000,88.375000,55.268360,11727200
1999-02-03,87.937500,88.500000,86.531250,87.625000,54.799355,11196600
1999-02-04,87.593750,88.250000,84.625000,84.781250,53.020912,11615200
1999-02-05,85.218750,85.500000,82.281250,83.000000,51.906910,16957600
1999-02-08,83.500000,84.437500,81.562500,83.500000,52.288937,11986600
1999-02-09,83.500000,84.750000,80.875000,81.375000,50.958218,10811200
1999-02-10,81.250000,84.437500,81.250000,84.437500,52.876003,10853400
1999-02-11,85.125000,89.406250,84.062500,89.250000,55.889648,12564800
1999-02-12,88.125000,88.125000,85.593750,86.375000,54.089283,11666200
1999-02-16,87.500000,89.125000,85.968750,86.250000,54.011005,9019800
1999-02-17,85.250000,87.156250,84.406250,85.250000,53.384789,8977000
1999-02-18,86.000000,87.250000,85.093750,87.125000,54.558941,8687800
1999-02-19,87.187500,87.375000,85.500000,85.812500,53.737068,7393200
1999-02-22,86.125000,88.968750,85.531250,88.968750,55.713524,9200200
1999-02-23,89.000000,90.000000,87.875000,88.468750,55.400433,9109200
1999-02-24,88.625000,89.843750,86.562500,86.875000,54.402428,8637400
1999-02-25,86.000000,86.968750,84.656250,86.812500,54.363258,10469600
1999-02-26,85.500000,85.937500,83.250000,84.875000,53.149975,14798000
1999-03-01,84.750000,84.750000,82.562500,84.187500,52.719456,9590800
1999-03-02,85.250000,85.468750,83.437500,83.875000,52.523754,8743600
1999-03-03,84.250000,84.468750,82.531250,83.375000,52.210655,7743000
1999-03-04,86.750000,88.500000,85.062500,85.500000,53.541367,21501000
1999-03-05,86.937500,89.468750,86.875000,89.187500,55.850491,11606200
1999-03-08,89.312500,90.000000,88.531250,89.437500,56.007065,7559800
1999-03-09,89.937500,92.437500,89.281250,91.093750,57.044258,10019000
1999-03-10,90.812500,91.437500,90.125000,90.750000,56.828964,7009800
1999-03-11,91.187500,92.968750,90.750000,91.437500,57.259495,8591200
1999-03-12,91.343750,91.718750,89.000000,89.000000,55.733105,9683200
1999-03-15,89.593750,91.156250,88.562500,91.000000,56.985558,7902800
1999-03-16,91.000000,91.750000,90.093750,90.500000,56.672424,6606000
1999-03-17,89.750000,90.000000,89.000000,89.031250,55.752659,6915400
1999-03-18,88.750000,88.875000,86.468750,88.812500,55.615696,14505000
1999-03-19,88.312500,89.000000,84.000000,84.281250,52.778156,19496800
1999-03-22,84.343750,85.250000,83.312500,83.500000,52.288937,11896600
1999-03-23,83.500000,83.812500,82.000000,82.687500,51.780117,10015000
1999-03-24,84.000000,85.250000,83.250000,84.750000,53.071705,11821000
1999-03-25,86.000000,86.625000,84.750000,85.656250,53.639202,9828800
1999-03-26,85.531250,87.937500,85.281250,86.187500,53.971848,8266400
1999-03-29,87.500000,89.375000,87.187500,88.937500,55.693966,8098200
1999-03-30,88.500000,90.625000,88.437500,89.281250,55.909237,7466800
1999-03-31,90.000000,90.750000,88.250000,88.625000,55.498287,5835200
1999-04-01,88.656250,88.843750,87.343750,88.500000,55.419994,5310800
1999-04-05,89.500000,91.968750,89.281250,91.968750,57.592175,9238400
1999-04-06,91.562500,93.375000,91.093750,91.500000,57.298641,8742800
1999-04-07,92.000000,93.812500,89.531250,93.250000,58.394524,11662000
1999-04-08,93.000000,94.031250,91.156250,93.500000,58.551083,8531000
1999-04-09,92.812500,94.031250,92.000000,93.156250,58.335785,6111800
1999-04-12,91.750000,91.812500,90.531250,91.718750,57.435627,8979800
1999-04-13,92.000000,92.000000,89.968750,90.000000,56.359314,6846400
1999-04-14,91.375000,91.937500,88.812500,89.687500,56.163605,7261000
1999-04-15,89.750000,89.750000,86.750000,88.875000,55.654816,8330400
1999-04-16,88.750000,88.750000,85.062500,85.187500,53.345650,11928800
1999-04-19,85.437500,86.156250,82.031250,83.375000,52.210655,15383600
1999-04-20,83.500000,84.875000,81.500000,84.875000,53.149975,14716000
1999-04-21,84.875000,85.937500,82.562500,85.937500,53.815315,13161600
1999-04-22,98.625000,99.375000,96.343750,97.250000,60.899387,39169800
1999-04-23,96.687500,103.281250,96.468750,99.875000,62.543175,20751000
1999-04-26,102.375000,105.375000,101.156250,104.937500,65.713409,18666000
1999-04-27,106.000000,107.625000,104.250000,106.000000,66.378761,20929200
1999-04-28,104.625000,105.250000,101.750000,102.500000,64.186981,11341800
1999-04-29,102.500000,104.500000,101.718750,102.406250,64.128304,11279200
1999-04-30,104.250000,105.500000,101.718750,104.593750,65.498161,9031000
1999-05-03,104.000000,106.125000,103.156250,106.125000,66.457024,9032200
1999-05-04,106.125000,107.937500,105.687500,106.000000,66.378761,11132400
1999-05-05,106.062500,106.250000,103.656250,106.062500,66.417931,8472400
1999-05-06,105.937500,107.000000,104.000000,104.625000,65.591904,8339600
1999-05-07,105.625000,108.750000,105.531250,108.625000,68.099602,9986800
1999-05-10,108.625000,110.937500,108.531250,109.312500,68.530617,9548400
1999-05-11,110.250000,110.937500,108.750000,110.500000,69.275078,8372800
1999-05-12,110.562500,114.218750,107.750000,112.750000,70.685646,12066800
1999-05-13,117.000000,123.000000,117.000000,123.000000,77.111664,24331400
1999-05-14,120.750000,121.750000,118.000000,119.625000,74.995781,18073800
1999-05-17,118.000000,119.812500,116.000000,118.750000,74.447235,11560400
1999-05-18,119.125000,120.312500,118.500000,119.250000,74.760689,8633800
1999-05-19,119.125000,119.375000,116.531250,117.937500,73.937851,7791600
1999-05-20,117.812500,118.187500,116.250000,116.437500,72.997475,6441800
1999-05-21,116.375000,116.687500,114.593750,115.187500,72.213814,6899800
1999-05-24,115.156250,115.343750,110.875000,111.875000,70.137115,8598200
1999-05-25,111.250000,113.000000,110.500000,110.593750,69.333900,9405000
1999-05-26,111.500000,118.312500,110.718750,118.125000,74.055405,16628000
1999-05-27,116.687500,116.875000,112.625000,116.000000,72.723160,10552500
1999-05-28,116.000000,116.750000,114.187500,116.000000,72.723160,6379500
1999-06-01,113.625000,113.875000,111.187500,112.000000,70.215485,7158500
1999-06-02,111.750000,114.625000,109.437500,113.750000,71.312614,7005000
1999-06-03,114.562500,115.312500,111.562500,112.937500,70.803238,5112600
1999-06-04,113.625000,116.000000,112.437500,116.000000,72.723160,5258800
1999-06-07,118.125000,121.687500,117.500000,120.500000,75.544350,6663900
1999-06-08,119.875000,119.875000,116.062500,116.625000,73.115036,7395400
1999-06-09,116.625000,120.875000,116.562500,117.000000,73.350105,5569600
1999-06-10,115.875000,116.750000,113.312500,115.250000,72.252983,4851500
1999-06-11,115.062500,116.500000,112.562500,114.312500,71.665276,4295200
1999-06-14,115.875000,116.000000,114.000000,115.500000,72.409737,4896700
1999-06-15,117.500000,118.312500,114.750000,115.875000,72.644852,4884900
1999-06-16,119.875000,121.500000,118.875000,120.687500,75.661888,6963100
1999-06-17,119.250000,122.000000,119.000000,120.187500,75.348434,4675900
1999-06-18,120.187500,121.437500,119.750000,120.750000,75.701050,9159600
1999-06-21,122.875000,125.750000,122.625000,124.750000,78.208794,6466300
1999-06-22,123.875000,127.750000,123.000000,123.375000,77.346748,6791300
1999-06-23,122.250000,124.187500,121.750000,122.937500,77.072449,4418800
1999-06-24,123.125000,124.437500,121.562500,122.562500,76.837379,5231200
1999-06-25,123.312500,125.750000,123.125000,123.125000,77.190018,4563600
1999-06-28,124.000000,124.687500,122.187500,122.562500,76.837379,6233300
1999-06-29,123.000000,125.312500,122.750000,124.625000,78.130432,5223800
1999-06-30,124.812500,132.000000,124.375000,129.250000,81.029907,8257300
1999-07-01,130.000000,131.312500,128.000000,131.000000,82.127014,5911600
1999-07-02,130.875000,132.250000,129.500000,132.250000,82.910698,3543600
1999-07-06,132.500000,133.875000,130.812500,131.000000,82.127014,5709300
1999-07-07,131.000000,133.500000,130.625000,132.812500,83.263382,6648900
1999-07-08,132.500000,135.500000,132.125000,134.000000,84.007797,6092900
1999-07-09,134.000000,137.437500,133.875000,137.375000,86.123680,4795900
1999-07-12,137.437500,138.687500,135.375000,137.812500,86.397964,5046900
1999-07-13,135.750000,139.187500,135.750000,137.875000,86.437157,5645700
1999-07-14,138.312500,138.500000,136.187500,137.250000,86.045303,4724000
1999-07-15,138.000000,138.125000,134.500000,136.312500,85.457588,5583600
1999-07-16,136.375000,137.500000,135.375000,136.250000,85.418396,5123100
1999-07-19,136.500000,138.875000,133.687500,134.625000,84.399643,7626500
1999-07-20,132.000000,132.125000,126.062500,128.250000,80.403015,14307400
1999-07-21,127.500000,129.750000,126.875000,129.000000,80.873215,8792300
1999-07-22,127.625000,128.500000,123.500000,123.875000,77.660240,8869100
1999-07-23,124.000000,125.437500,122.625000,124.812500,78.247963,6964200
1999-07-26,123.625000,125.125000,122.750000,123.000000,77.111664,5519900
1999-07-27,125.000000,126.500000,123.562500,126.250000,79.149132,6513500
1999-07-28,126.375000,128.687500,125.812500,128.375000,80.481361,5287600
1999-07-29,126.250000,126.625000,124.625000,125.375000,78.600563,5707500
1999-07-30,125.937500,126.687500,124.375000,125.687500,78.796516,4324900
1999-08-02,124.000000,126.000000,121.812500,122.250000,76.641457,4565100
1999-08-03,122.750000,123.125000,118.187500,119.375000,74.839066,6855900
1999-08-04,120.000000,121.875000,118.062500,118.500000,74.290489,5754800
1999-08-05,120.000000,124.000000,117.562500,123.187500,77.229164,7364500
1999-08-06,122.000000,127.000000,121.000000,123.500000,77.500595,6142600
1999-08-09,123.625000,124.437500,121.125000,122.187500,76.676979,4048100
1999-08-10,121.500000,122.500000,118.937500,119.312500,74.872780,5846200
1999-08-11,120.125000,123.750000,119.812500,123.312500,77.382935,5543000
1999-08-12,123.750000,123.812500,121.000000,121.125000,76.010208,5027800
1999-08-13,122.750000,124.500000,122.000000,123.375000,77.422180,4400400
1999-08-16,125.000000,127.875000,124.500000,127.375000,79.932327,4889000
1999-08-17,128.500000,128.562500,126.562500,128.500000,80.638283,5136400
1999-08-18,128.375000,129.625000,123.500000,123.875000,77.735962,6607000
1999-08-19,123.875000,124.875000,121.250000,122.937500,77.147621,7583300
1999-08-20,124.375000,124.375000,121.062500,121.750000,76.402435,5962000
1999-08-23,122.750000,124.875000,122.312500,124.437500,78.088936,6043500
1999-08-24,123.375000,123.625000,121.000000,122.000000,76.559311,8442100
1999-08-25,122.000000,124.062500,120.875000,122.375000,76.794632,6463000
1999-08-26,122.625000,125.875000,122.062500,122.937500,77.147621,6245300
1999-08-27,125.000000,125.187500,122.750000,124.000000,77.814377,4354600
1999-08-30,124.250000,125.625000,122.687500,123.187500,77.304504,4773000
1999-08-31,124.375000,126.000000,122.875000,124.562500,78.167374,6214400
1999-09-01,125.625000,128.500000,125.500000,127.250000,79.853859,6264400
1999-09-02,126.500000,126.750000,124.250000,125.875000,78.991020,5583100
1999-09-03,128.375000,129.750000,128.000000,128.859375,80.863800,5282900
1999-09-07,128.875000,132.687500,128.375000,132.000000,82.834663,7552900
1999-09-08,131.500000,133.937500,130.687500,130.750000,82.050255,7206100
1999-09-09,132.500000,136.500000,131.625000,134.750000,84.560417,8423100
1999-09-10,137.500000,137.687500,134.375000,135.000000,84.717232,5089300
1999-09-13,134.625000,135.562500,132.000000,132.375000,83.069969,4442300
1999-09-14,132.000000,133.562500,131.937500,133.312500,83.658287,4590700
1999-09-15,134.000000,135.000000,131.937500,131.937500,82.795433,5655400
1999-09-16,132.000000,132.375000,129.562500,130.000000,81.579590,6092600
1999-09-17,131.375000,131.437500,123.750000,125.375000,78.677223,14857800
1999-09-20,126.500000,130.875000,126.000000,130.125000,81.658035,7543000
1999-09-21,128.750000,129.625000,126.250000,127.125000,79.775414,6983600
1999-09-22,127.187500,127.250000,124.375000,125.187500,78.559555,8091900
1999-09-23,127.500000,127.812500,121.437500,122.000000,76.559311,7590000
1999-09-24,120.500000,125.000000,120.437500,125.000000,78.441933,7450800
1999-09-27,126.625000,126.812500,121.375000,123.000000,77.186852,7075100
1999-09-28,123.000000,124.750000,121.687500,123.500000,77.500595,7103400
1999-09-29,122.062500,122.812500,120.000000,120.062500,75.343452,8775600
1999-09-30,121.000000,122.250000,119.625000,121.000000,75.931755,6642500
1999-10-01,121.000000,121.062500,115.500000,117.750000,73.892303,10558900
1999-10-04,118.000000,120.000000,116.750000,119.875000,75.225769,7042000
1999-10-05,122.000000,123.250000,119.062500,122.000000,76.559311,6435700
1999-10-06,122.250000,122.750000,119.062500,119.187500,74.794342,8054900
1999-10-07,119.125000,119.187500,115.062500,116.375000,73.029411,14240000
1999-10-08,115.000000,115.062500,111.062500,113.500000,71.225243,17867900
1999-10-11,113.500000,116.687500,113.125000,114.250000,71.695877,7827100
1999-10-12,114.000000,114.875000,110.000000,110.000000,69.028877,8274900
1999-10-13,110.812500,110.875000,105.000000,105.062500,65.930412,15015000
1999-10-14,106.500000,107.250000,104.687500,107.000000,67.146233,14178500
1999-10-15,106.437500,108.875000,103.875000,107.875000,67.695366,13920700
1999-10-18,108.000000,109.000000,104.687500,107.000000,67.146233,9678300
1999-10-19,107.000000,108.500000,105.437500,107.125000,67.224747,9184700
1999-10-20,108.625000,113.062500,107.000000,107.000000,67.146233,11376700
1999-10-21,93.000000,93.000000,89.000000,91.000000,57.105728,69444700
1999-10-22,93.750000,94.625000,92.500000,93.937500,58.949070,26668700
1999-10-25,94.250000,95.125000,92.125000,93.875000,58.909885,13765400
1999-10-26,94.875000,96.000000,94.625000,95.500000,59.929611,11367400
1999-10-27,95.500000,95.562500,92.812500,93.000000,58.360794,9871400
1999-10-28,94.500000,95.312500,94.250000,94.937500,59.576626,9446700
1999-10-29,97.000000,99.000000,96.250000,98.250000,61.655323,11078500
1999-11-01,98.500000,98.812500,96.375000,96.750000,60.714066,9551800
1999-11-02,96.750000,96.812500,93.687500,94.812500,59.498180,11105400
1999-11-03,95.875000,95.937500,93.500000,94.375000,59.223671,10369100
1999-11-04,94.437500,94.437500,90.000000,91.562500,57.458706,16697600
1999-11-05,92.750000,92.937500,90.187500,90.250000,56.635036,13737600
1999-11-08,90.500000,93.937500,90.500000,93.937500,59.027557,8522300
1999-11-09,95.062500,95.500000,92.125000,93.625000,58.831215,9551200
1999-11-10,94.625000,97.062500,94.125000,97.000000,60.951965,8680300
1999-11-11,97.500000,97.500000,94.875000,95.000000,59.695210,7147500
1999-11-12,96.000000,96.250000,93.000000,95.875000,60.245033,9668400
1999-11-15,96.000000,96.375000,93.875000,94.062500,59.106136,6259400
1999-11-16,94.625000,95.000000,93.000000,94.625000,59.459572,8537400
1999-11-17,94.875000,94.875000,92.625000,93.750000,58.909790,8355100
1999-11-18,94.000000,98.250000,93.562500,98.000000,61.580341,18720500
1999-11-19,99.000000,105.125000,98.375000,103.937500,65.311295,19678400
1999-11-22,105.500000,108.437500,104.437500,107.875000,67.785484,13681600
1999-11-23,108.812500,109.875000,106.000000,106.062500,66.646584,10665200
1999-11-24,105.000000,105.000000,101.812500,104.500000,65.664742,9710400
1999-11-26,105.937500,106.000000,104.125000,105.000000,65.978943,3108400
1999-11-29,104.937500,104.937500,103.375000,104.187500,65.468353,5677700
1999-11-30,103.687500,104.500000,102.125000,103.062500,64.761467,5758700
1999-12-01,102.562500,104.437500,102.250000,103.421875,64.987274,5336400
1999-12-02,103.437500,106.312500,103.375000,105.265625,66.145844,6216900
1999-12-03,109.812500,112.875000,107.937500,111.875000,70.298973,14680300
1999-12-06,113.000000,116.500000,112.500000,116.000000,72.891006,9928300
1999-12-07,117.000000,119.187500,115.437500,116.625000,73.283752,11326100
1999-12-08,116.250000,121.000000,115.500000,118.281250,74.324463,8139800
1999-12-09,120.500000,122.125000,112.250000,113.375000,71.241570,16643000
1999-12-10,111.625000,111.937500,107.562500,109.000000,68.492409,12588800
1999-12-13,108.125000,112.750000,106.562500,109.703125,68.934219,7135200
1999-12-14,110.187500,110.187500,106.875000,109.250000,68.649506,7437900
1999-12-15,107.750000,107.937500,104.500000,107.000000,67.235649,9437900
1999-12-16,108.000000,109.687500,105.750000,109.187500,68.610214,7122300
1999-12-17,110.687500,111.062500,108.625000,110.000000,69.120773,7676800
1999-12-20,109.062500,110.437500,107.750000,109.203125,68.620079,4836300
1999-12-21,108.500000,110.125000,108.062500,110.125000,69.199326,4773500
1999-12-22,109.875000,110.312500,108.000000,108.000000,67.864052,4005600
1999-12-23,109.125000,110.437500,108.187500,108.625000,68.256790,4528700
1999-12-27,109.687500,110.000000,108.125000,109.750000,68.963707,3740700
1999-12-28,109.562500,110.750000,109.062500,109.812500,69.002983,4083100
1999-12-29,110.437500,110.500000,108.750000,109.000000,68.492409,2683300
1999-12-30,109.687500,110.500000,108.562500,108.750000,68.335320,3435100
1999-12-31,109.187500,109.500000,106.625000,107.875000,67.785484,2870300
2000-01-03,112.437500,116.000000,111.875000,116.000000,72.891006,10347700
2000-01-04,114.000000,114.500000,110.875000,112.062500,70.416786,8227800
2000-01-05,112.937500,119.750000,112.125000,116.000000,72.891006,12733200
2000-01-06,118.000000,118.937500,113.500000,114.000000,71.634270,7971900
2000-01-07,117.250000,117.937500,110.625000,113.500000,71.320068,11856700
2000-01-10,117.250000,119.375000,115.375000,118.000000,74.147766,8540500
2000-01-11,117.875000,121.125000,116.625000,119.000000,74.776115,7873300
2000-01-12,119.625000,122.000000,118.250000,119.500000,75.090309,6803800
2000-01-13,119.937500,121.000000,115.750000,118.250000,74.304855,8489700
2000-01-14,120.937500,123.312500,117.500000,119.625000,75.168861,10956600
2000-01-18,119.687500,119.750000,115.000000,115.750000,72.733917,7643900
2000-01-19,115.562500,122.000000,112.687500,119.500000,75.090309,8634500
2000-01-20,123.000000,124.750000,119.000000,119.000000,74.776115,17783400
2000-01-21,121.875000,123.000000,119.937500,121.500000,76.347061,7868700
2000-01-24,121.875000,122.875000,116.562500,121.500000,76.347061,6499200
2000-01-25,116.750000,119.500000,116.000000,119.125000,74.854652,6936900
2000-01-26,119.062500,119.937500,116.000000,116.750000,73.362320,4895100
2000-01-27,118.000000,118.437500,111.625000,113.500000,71.320068,8324600
2000-01-28,112.750000,114.187500,110.062500,111.562500,70.102631,6669400
2000-01-31,111.375000,112.812500,109.625000,112.250000,70.534592,6202700
2000-02-01,112.375000,113.437500,109.125000,110.000000,69.120773,7304700
2000-02-02,112.000000,115.812500,110.375000,113.500000,71.320068,7707700
2000-02-03,115.000000,117.500000,114.062500,117.125000,73.597923,6213800
2000-02-04,118.187500,118.437500,114.812500,115.625000,72.655396,5405300
2000-02-07,116.000000,116.875000,113.125000,114.125000,71.712799,5779500
2000-02-08,116.937500,119.000000,116.187500,118.812500,74.736893,5464300
2000-02-09,119.000000,119.750000,117.000000,117.375000,73.832657,5374700
2000-02-10,117.687500,119.125000,116.875000,119.125000,74.933464,4446600
2000-02-11,119.062500,119.437500,114.562500,115.375000,72.574608,5749400
2000-02-14,116.000000,116.375000,114.500000,116.062500,73.007072,4544000
2000-02-15,115.875000,117.437500,113.875000,117.125000,73.675362,5177500
2000-02-16,116.500000,117.312500,115.250000,115.750000,72.810486,3966900
2000-02-17,116.500000,118.875000,115.750000,116.750000,73.439507,5237500
2000-02-18,115.250000,115.937500,111.500000,112.500000,70.766121,7673400
2000-02-22,112.000000,113.437500,108.750000,111.000000,69.822556,7654800
2000-02-23,110.500000,110.500000,108.500000,108.750000,68.407249,7435300
2000-02-24,108.812500,111.000000,108.187500,110.500000,69.508080,9112000
2000-02-25,109.875000,109.875000,104.937500,108.000000,67.935478,10312200
2000-02-28,104.625000,106.500000,103.937500,104.500000,65.733864,8479900
2000-02-29,105.562500,105.562500,100.937500,102.750000,64.633049,10484900
2000-03-01,102.000000,105.500000,100.062500,100.250000,63.060478,10807800
2000-03-02,100.500000,105.437500,99.500000,103.125000,64.868942,11192900
2000-03-03,107.250000,110.000000,106.062500,108.000000,67.935478,10162800
2000-03-06,109.937500,111.000000,101.000000,103.062500,64.829628,10747400
2000-03-07,106.000000,107.000000,101.687500,103.000000,64.790306,10035100
2000-03-08,103.000000,106.875000,102.750000,106.250000,66.834656,8376400
2000-03-09,106.500000,108.000000,104.125000,108.000000,67.935478,6334100
2000-03-10,107.625000,109.000000,105.000000,105.250000,66.205635,7093200
2000-03-13,104.000000,109.000000,102.500000,107.687500,67.738907,7871000
2000-03-14,107.750000,110.000000,107.375000,108.625000,68.328644,7973700
2000-03-15,107.500000,108.250000,106.125000,107.000000,67.306458,5665900
2000-03-16,109.000000,109.812500,107.875000,109.000000,68.564514,6622500
2000-03-17,108.250000,111.687500,107.687500,110.000000,69.193527,8857300
2000-03-20,110.000000,113.375000,109.937500,112.750000,70.923355,6563500
2000-03-21,112.812500,114.687500,111.937500,113.500000,71.395180,6771600
2000-03-22,114.500000,115.375000,113.875000,114.250000,71.866920,6137800
2000-03-23,115.875000,115.875000,111.625000,115.250000,72.495964,6492400
2000-03-24,115.375000,122.250000,115.062500,120.625000,75.877022,12125600
2000-03-27,125.000000,128.250000,124.625000,126.875000,79.808456,11862900
2000-03-28,125.750000,127.000000,122.062500,122.500000,77.056442,8149600
2000-03-29,122.312500,122.437500,118.500000,119.000000,74.854851,7312300
2000-03-30,118.875000,123.000000,118.687500,122.750000,77.213692,9158000
2000-03-31,122.625000,123.750000,117.062500,118.375000,74.461685,8015200
2000-04-03,120.000000,122.375000,119.437500,122.000000,76.741928,7715600
2000-04-04,121.500000,126.937500,115.062500,121.187500,76.230858,16667200
2000-04-05,120.500000,125.750000,119.750000,125.000000,78.629066,8693500
2000-04-06,123.500000,128.000000,122.625000,122.750000,77.213692,8887400
2000-04-07,123.500000,125.687500,121.500000,123.125000,77.449562,5380300
2000-04-10,124.750000,125.375000,121.562500,122.125000,76.820549,5507300
2000-04-11,121.625000,121.625000,117.812500,119.375000,75.090729,7738700
2000-04-12,119.625000,119.625000,111.687500,113.750000,71.552422,8885200
2000-04-13,112.500000,114.312500,110.000000,110.625000,69.586716,8236400
2000-04-14,109.812500,112.750000,102.875000,105.000000,66.048393,11782000
2000-04-17,103.875000,112.250000,103.312500,111.875000,70.372971,9969500
2000-04-18,112.250000,115.125000,110.062500,111.500000,70.137070,8205500
2000-04-19,109.750000,109.750000,102.812500,105.000000,66.048393,14674500
2000-04-20,105.000000,105.250000,102.062500,104.000000,65.419342,10633300
2000-04-24,102.000000,107.187500,101.250000,106.500000,66.991913,8523100
2000-04-25,106.500000,113.000000,106.437500,112.500000,70.766121,9576400
2000-04-26,112.500000,113.937500,109.000000,110.500000,69.508080,6182800
2000-04-27,109.500000,113.125000,108.687500,110.625000,69.586716,6317500
2000-04-28,112.000000,112.687500,110.125000,111.500000,70.137070,4888600
2000-05-01,112.500000,113.187500,110.437500,112.000000,70.451607,4196100
2000-05-02,111.000000,113.625000,110.687500,111.375000,70.058441,4085000
2000-05-03,110.500000,111.125000,106.562500,108.125000,68.014114,5543800
2000-05-04,109.125000,109.187500,107.187500,107.625000,67.699600,3631300
2000-05-05,106.625000,109.625000,106.500000,107.875000,67.856857,4695100
2000-05-08,108.062500,110.375000,107.625000,109.750000,69.119553,4826900
2000-05-09,110.500000,110.625000,108.250000,109.000000,68.647232,4864900
2000-05-10,105.500000,105.687500,102.062500,103.000000,64.868492,10012700
2000-05-11,104.000000,107.500000,103.187500,104.437500,65.773811,8106200
2000-05-12,103.750000,105.750000,103.250000,104.437500,65.773811,5599700
2000-05-15,104.000000,104.875000,102.000000,104.187500,65.616364,5907800
2000-05-16,105.125000,109.250000,105.000000,109.000000,68.647232,7265800
2000-05-17,107.500000,108.875000,106.125000,107.875000,67.938705,5524500
2000-05-18,106.125000,107.312500,104.687500,106.062500,66.797218,4577200
2000-05-19,106.062500,107.500000,105.000000,106.437500,67.033394,6419200
2000-05-22,106.000000,109.250000,103.437500,109.250000,68.804718,6769400
2000-05-23,109.000000,110.000000,107.125000,107.375000,67.623802,5978900
2000-05-24,106.500000,110.000000,104.187500,109.625000,69.040848,8184200
2000-05-25,110.500000,112.250000,106.375000,106.500000,67.072746,5967600
2000-05-26,105.500000,107.187500,104.562500,106.937500,67.348282,4296900
2000-05-30,107.750000,111.000000,107.687500,110.937500,69.867424,3617500
2000-05-31,110.500000,110.750000,107.187500,107.312500,67.584480,3732500
2000-06-01,107.562500,108.937500,105.500000,106.000000,66.757866,5712500
2000-06-02,109.000000,109.750000,107.625000,108.812500,68.529213,5473300
2000-06-05,108.437500,114.187500,108.437500,112.812500,71.048317,7281400
2000-06-06,112.250000,114.625000,111.250000,112.375000,70.772797,5369400
2000-06-07,112.500000,121.750000,111.500000,121.000000,76.204735,11115500
2000-06-08,119.375000,122.312500,117.500000,119.750000,75.417480,9325600
2000-06-09,119.875000,120.750000,118.875000,119.687500,75.378120,4739100
2000-06-12,119.125000,120.437500,118.843750,118.843750,74.846725,3640300
2000-06-13,118.875000,119.937500,116.750000,119.312500,75.141983,4008600
2000-06-14,118.875000,120.000000,115.500000,116.000000,73.055801,5282600
2000-06-15,116.000000,119.000000,115.875000,116.812500,73.567451,5386300
2000-06-16,116.312500,117.687500,113.250000,113.250000,71.323860,8046200
2000-06-19,113.500000,120.375000,113.250000,120.375000,75.811104,6059200
2000-06-20,120.000000,120.687500,115.375000,116.375000,73.291931,7103800
2000-06-21,115.562500,115.937500,113.500000,114.500000,72.111084,6487000
2000-06-22,114.125000,114.312500,111.250000,111.812500,70.418541,4853100
2000-06-23,113.500000,113.625000,110.812500,111.875000,70.457863,3360900
2000-06-26,113.000000,115.750000,112.875000,114.406250,72.052048,3625900
2000-06-27,111.625000,112.812500,108.750000,109.750000,69.119553,6607900
2000-06-28,110.000000,115.187500,109.875000,113.781250,71.658394,6436600
2000-06-29,111.750000,114.375000,110.062500,114.000000,71.796188,7688500
2000-06-30,112.687500,113.187500,108.625000,109.562500,69.001488,8612600
2000-07-03,108.750000,109.875000,108.312500,109.500000,68.962143,2304400
2000-07-05,105.625000,105.625000,101.125000,105.000000,66.128044,14339600
2000-07-06,105.000000,105.125000,100.000000,101.250000,63.766361,12932700
2000-07-07,102.687500,105.062500,101.625000,105.062500,66.167450,9031700
2000-07-10,104.687500,104.937500,102.875000,103.312500,65.065323,4212200
2000-07-11,103.250000,104.000000,101.000000,102.000000,64.238678,5619800
2000-07-12,103.187500,105.875000,102.625000,104.625000,65.891930,5550500
2000-07-13,105.437500,105.937500,102.000000,104.000000,65.498291,5669700
2000-07-14,103.750000,104.875000,103.125000,103.937500,65.458923,4020000
2000-07-17,104.437500,107.875000,104.187500,105.500000,66.442932,6632700
2000-07-18,104.125000,104.812500,102.625000,103.312500,65.065323,6452700
2000-07-19,102.375000,109.500000,101.000000,108.750000,68.489784,7781400
2000-07-20,112.000000,117.812500,111.750000,117.250000,73.843033,23048400
2000-07-21,117.000000,117.000000,113.750000,114.750000,72.268532,8966400
2000-07-24,114.125000,115.625000,111.625000,112.500000,70.851486,6814400
2000-07-25,113.250000,113.375000,110.250000,112.000000,70.536591,5566900
2000-07-26,111.000000,112.375000,108.875000,109.875000,69.198311,6670400
2000-07-27,109.875000,111.500000,109.312500,110.312500,69.473831,4047400
2000-07-28,111.125000,112.500000,108.875000,111.812500,70.418541,5355600
2000-07-31,110.500000,113.687500,110.062500,112.250000,70.694069,5113500
2000-08-01,112.000000,112.437500,110.250000,110.500000,69.591919,2996500
2000-08-02,111.000000,114.875000,110.750000,114.250000,71.953636,5877900
2000-08-03,113.000000,116.500000,112.312500,116.000000,73.055801,5567400
2000-08-04,116.000000,116.500000,114.312500,115.875000,72.977081,4460500
2000-08-07,116.625000,119.000000,115.812500,116.312500,73.252563,5910700
2000-08-08,115.687500,119.625000,115.562500,118.875000,74.950203,5736700
2000-08-09,119.000000,120.812500,118.750000,118.750000,74.871368,6585400
2000-08-10,118.750000,120.250000,117.875000,119.750000,75.501869,5484100
2000-08-11,119.750000,121.812500,119.187500,120.625000,76.053543,6142400
2000-08-14,120.000000,123.687500,119.312500,123.250000,77.708626,4949400
2000-08-15,122.062500,122.625000,120.750000,122.000000,76.920494,4378100
2000-08-16,121.062500,122.937500,119.500000,122.375000,77.156952,5946000
2000-08-17,119.750000,122.812500,119.500000,122.500000,77.235741,4338400
2000-08-18,122.375000,123.375000,120.125000,120.437500,75.935349,4127500
2000-08-21,121.062500,122.187500,120.062500,121.437500,76.565842,3234200
2000-08-22,121.187500,122.187500,121.000000,121.375000,76.526443,2769400
2000-08-23,120.312500,123.750000,119.875000,123.250000,77.708626,4251200
2000-08-24,123.000000,125.437500,122.687500,124.812500,78.693764,5988300
2000-08-25,124.312500,129.875000,124.250000,129.000000,81.333984,8279000
2000-08-28,129.875000,133.187500,129.750000,131.500000,82.910194,8536600
2000-08-29,131.500000,134.250000,131.000000,132.875000,83.777130,6040000
2000-08-30,130.750000,131.500000,129.562500,130.312500,82.161507,4928800
2000-08-31,131.875000,134.187500,131.625000,132.015625,83.235306,5469500
2000-09-01,133.062500,134.937500,132.625000,133.625000,84.250000,5776300
2000-09-05,132.812500,133.312500,130.812500,131.187500,82.713165,4112100
2000-09-06,130.875000,134.875000,130.375000,131.437500,82.870796,6473000
2000-09-07,131.875000,134.500000,131.875000,133.375000,84.092400,4622800
2000-09-08,132.500000,132.937500,129.375000,129.500000,81.649200,4993700
2000-09-11,127.875000,128.250000,123.625000,124.500000,78.496719,7617700
2000-09-12,124.812500,126.875000,124.062500,125.000000,78.811966,5001700
2000-09-13,123.125000,128.812500,122.750000,127.687500,80.506439,5473600
2000-09-14,128.000000,129.187500,126.312500,126.875000,79.994156,4425500
2000-09-15,126.812500,127.250000,124.750000,125.000000,78.811966,5481700
2000-09-18,125.250000,126.000000,123.062500,123.250000,77.708626,3932800
2000-09-19,122.750000,126.250000,122.562500,124.937500,78.772568,3341000
2000-09-20,124.687500,126.562500,123.500000,124.750000,78.654358,4623400
2000-09-21,124.187500,126.687500,120.000000,121.500000,76.605263,4302200
2000-09-22,123.000000,124.312500,121.312500,123.875000,78.102654,5930100
2000-09-25,124.500000,126.625000,121.000000,123.000000,77.550987,4291000
2000-09-26,120.000000,121.875000,118.375000,119.125000,75.107811,6217200
2000-09-27,120.062500,120.312500,115.500000,118.000000,74.398514,5948900
2000-09-28,117.375000,118.875000,115.000000,115.250000,72.664642,5309100
2000-09-29,115.500000,116.937500,110.250000,112.625000,71.009583,9594600
2000-10-02,112.625000,119.625000,112.625000,117.812500,74.280289,8872200
2000-10-03,118.875000,119.375000,110.000000,110.562500,69.709221,11744200
2000-10-04,110.375000,114.875000,108.562500,114.375000,72.112991,11668900
2000-10-05,113.812500,114.562500,111.562500,113.187500,71.364250,5547000
2000-10-06,114.000000,116.125000,112.750000,116.000000,73.137543,6108400
2000-10-09,115.937500,119.375000,114.312500,117.937500,74.359093,4898000
2000-10-10,116.625000,117.125000,112.437500,114.875000,72.428215,5614200
2000-10-11,111.875000,112.937500,107.500000,112.000000,70.615532,8775800
2000-10-12,114.250000,114.375000,103.125000,103.125000,65.019897,9704900
2000-10-13,104.187500,110.437500,104.187500,109.062500,68.763466,9092600
2000-10-16,111.500000,113.125000,108.562500,111.125000,70.063866,7710400
2000-10-17,111.937500,113.875000,108.562500,113.000000,71.246040,8882500
2000-10-18,96.750000,99.125000,90.250000,95.437500,60.172943,29777800
2000-10-19,98.000000,98.500000,92.687500,96.437500,60.803474,17966900
2000-10-20,95.125000,96.250000,94.187500,94.750000,59.739471,9369200
2000-10-23,94.750000,95.000000,91.062500,92.875000,58.557301,9338600
2000-10-24,93.000000,94.375000,90.187500,91.437500,57.650986,8826200
2000-10-25,90.500000,90.937500,86.937500,87.562500,55.207798,14058500
2000-10-26,88.000000,92.875000,87.625000,92.750000,58.478474,10135700
2000-10-27,93.000000,93.687500,91.000000,93.687500,59.069576,6431400
2000-10-30,93.500000,93.750000,90.312500,93.312500,58.833145,8084000
2000-10-31,93.750000,99.125000,93.750000,98.500000,62.103828,10902600
2000-11-01,98.437500,99.875000,97.250000,98.562500,62.143234,7466200
2000-11-02,99.000000,102.312500,98.500000,101.937500,64.271156,7445100
2000-11-03,102.500000,102.625000,99.375000,100.125000,63.128384,5848500
2000-11-06,99.875000,102.375000,99.437500,100.312500,63.246639,4448500
2000-11-07,101.125000,103.500000,100.687500,102.312500,64.507599,5420600
2000-11-08,103.625000,103.750000,99.250000,100.000000,63.129810,6990800
2000-11-09,96.750000,100.000000,95.687500,99.437500,62.774708,9047900
2000-11-10,98.000000,98.375000,93.000000,93.000000,58.710720,6807900
2000-11-13,91.812500,99.437500,91.625000,97.437500,61.512100,8684900
2000-11-14,99.250000,99.875000,98.500000,99.500000,62.814159,5150900
2000-11-15,99.500000,100.062500,97.625000,99.375000,62.735210,4160300
2000-11-16,99.250000,99.687500,98.250000,98.250000,62.025036,3739700
2000-11-17,98.312500,102.500000,98.250000,101.937500,64.352928,7717400
2000-11-20,101.500000,103.250000,100.875000,103.250000,65.181503,7426600
2000-11-21,103.250000,104.375000,98.500000,98.500000,62.182842,7180700
2000-11-22,98.500000,100.812500,98.312500,98.500000,62.182842,5537100
2000-11-24,99.375000,101.750000,99.250000,99.937500,63.090324,2497500
2000-11-27,100.437500,102.000000,98.437500,98.437500,62.143406,3866200
2000-11-28,98.750000,100.750000,97.375000,97.875000,61.788261,4799100
2000-11-29,97.750000,99.937500,96.687500,99.812500,63.011452,5524600
2000-11-30,98.000000,98.000000,92.250000,93.500000,59.026356,10651400
2000-12-01,94.437500,99.312500,94.375000,95.625000,60.367870,7525100
2000-12-04,96.000000,99.187500,95.750000,98.375000,62.103920,5566800
2000-12-05,100.437500,104.750000,99.625000,103.375000,65.260414,7804200
2000-12-06,101.750000,101.812500,94.812500,96.750000,61.078091,10096900
2000-12-07,95.062500,95.937500,93.125000,93.125000,58.789642,7922000
2000-12-08,98.000000,99.000000,95.750000,97.000000,61.235924,6140600
2000-12-11,96.500000,98.250000,93.750000,95.000000,59.973316,6185600
2000-12-12,95.250000,96.125000,92.500000,93.875000,59.263069,7913300
2000-12-13,94.875000,96.625000,90.687500,91.250000,57.605942,6992600
2000-12-14,92.000000,93.687500,91.812500,92.437500,58.355614,6131400
2000-12-15,90.000000,90.687500,87.312500,87.812500,55.435871,14254500
2000-12-18,88.375000,90.500000,88.375000,90.500000,57.132481,7693800
2000-12-19,90.187500,94.437500,89.812500,90.125000,56.895721,7705300
2000-12-20,85.875000,88.000000,84.812500,86.000000,54.291649,12579400
2000-12-21,85.500000,87.937500,80.062500,81.562500,51.490238,12725500
2000-12-22,84.500000,89.375000,84.500000,89.000000,56.185520,9514000
2000-12-26,89.000000,89.562500,84.250000,84.812500,53.541969,6052300
2000-12-27,84.750000,88.125000,83.562500,84.687500,53.463047,8245100
2000-12-28,83.500000,88.187500,82.125000,85.250000,53.818176,9798600
2000-12-29,86.937500,86.937500,84.250000,85.000000,53.660336,6943700
2001-01-02,84.500000,87.500000,84.125000,84.812500,53.541969,8007200
2001-01-03,83.750000,95.000000,83.750000,94.625000,59.736542,12769900
2001-01-04,94.750000,99.750000,92.687500,93.187500,58.829098,15420500
2001-01-05,93.937500,94.687500,91.000000,94.000000,59.342022,8043200
2001-01-08,93.500000,93.937500,91.562500,93.562500,59.065826,6064800
2001-01-09,94.437500,95.750000,91.437500,92.562500,58.434517,7547100
2001-01-10,92.500000,94.937500,91.687500,93.437500,58.986893,7656100
2001-01-11,92.937500,94.250000,91.250000,93.687500,59.144711,9635000
2001-01-12,93.687500,96.437500,92.375000,93.812500,59.223648,6448000
2001-01-16,93.750000,94.000000,91.812500,92.750000,58.552868,5671900
2001-01-17,95.375000,97.750000,94.312500,96.687500,61.038624,9727000
2001-01-18,104.375000,110.000000,103.500000,108.312500,68.377464,25244900
2001-01-19,107.500000,113.937500,107.250000,111.250000,70.231911,14762200
2001-01-22,109.500000,109.937500,108.187500,108.562500,68.535286,9618500
2001-01-23,109.562500,109.937500,107.625000,109.062500,68.850945,9826900
2001-01-24,109.062500,111.437500,108.937500,110.437500,69.718948,6760900
2001-01-25,110.125000,111.125000,109.437500,110.750000,69.916252,4982100
2001-01-26,109.625000,115.250000,109.187500,114.187500,72.086327,9095200
2001-01-29,112.500000,115.500000,112.470001,114.980003,72.586662,5125000
2001-01-30,115.000000,116.750000,113.400002,116.610001,73.615654,8242000
2001-01-31,115.750000,116.750000,112.000000,112.000000,70.705368,8314200
2001-02-01,112.400002,114.339996,111.199997,114.050003,71.999542,5580800
2001-02-02,112.750000,113.989998,109.599998,110.269997,69.613213,5428400
2001-02-05,109.400002,112.599998,109.300003,112.220001,70.844254,5113700
2001-02-06,112.230003,115.690002,111.199997,114.190002,72.087914,7526400
2001-02-07,113.400002,117.599998,112.669998,116.910004,73.889175,9006900
2001-02-08,116.910004,118.199997,114.029999,114.099998,72.113220,8380800
2001-02-09,114.029999,114.989998,111.000000,112.000000,70.785973,6318800
2001-02-12,110.550003,115.720001,110.300003,114.900002,72.618797,6729300
2001-02-13,114.150002,117.379997,113.070000,113.750000,71.891991,7193200
2001-02-14,113.750000,116.169998,112.500000,115.099998,72.745224,7032900
2001-02-15,116.800003,118.639999,116.379997,116.779999,73.807014,8098700
2001-02-16,114.550003,115.750000,113.940002,115.000000,72.681992,7073000
2001-02-20,114.550003,115.599998,110.779999,111.500000,70.469971,6748300
2001-02-21,109.550003,111.500000,107.290001,107.510002,67.948212,9156900
2001-02-22,106.500000,110.900002,103.379997,108.900002,68.826721,11709000
2001-02-23,107.500000,107.500000,100.250000,104.000000,65.729820,15276600
2001-02-26,105.800003,105.800003,101.830002,105.300003,66.551445,8344100
2001-02-27,104.900002,106.870003,102.559998,102.589996,64.838654,9787900
2001-02-28,102.949997,103.540001,99.099998,99.900002,63.138550,11933200
2001-03-01,99.300003,106.400002,97.500000,106.050003,67.025452,15102000
2001-03-02,104.000000,107.650002,100.940002,102.300003,64.655388,14745500
2001-03-05,102.809998,105.599998,102.639999,104.910004,66.304955,6743900
2001-03-06,106.250000,108.400002,105.250000,106.000000,66.993843,8120000
2001-03-07,107.449997,108.250000,105.660004,107.550003,67.973495,7788900
2001-03-08,107.169998,107.339996,105.370003,106.470001,67.290909,6793600
2001-03-09,105.000000,105.010002,97.900002,99.290001,62.753021,16688100
2001-03-12,97.900002,98.400002,95.019997,95.489998,60.351387,14494800
2001-03-13,95.099998,98.440002,94.199997,98.389999,62.184219,12127900
2001-03-14,95.400002,98.900002,93.339996,94.959999,60.016380,14246600
2001-03-15,96.000000,97.870003,95.169998,95.559998,60.395596,8420000
2001-03-16,93.900002,93.900002,88.199997,90.099998,56.944771,20029400
2001-03-19,91.000000,92.800003,89.199997,92.599998,58.524796,10235500
2001-03-20,91.599998,92.029999,88.099998,88.300003,55.807163,10101100
2001-03-21,88.449997,91.599998,87.750000,89.080002,56.300114,11013000
2001-03-22,89.120003,91.000000,87.650002,89.099998,56.312775,13328200
2001-03-23,93.500000,94.989998,90.290001,93.510002,59.099953,12233600
2001-03-26,95.250000,95.660004,93.750000,95.400002,60.294498,8581200
2001-03-27,94.000000,100.000000,93.970001,99.500000,62.885757,11851200
2001-03-28,97.900002,98.449997,94.250000,94.410004,59.668739,11890500
2001-03-29,94.459999,97.070000,94.260002,95.040001,60.066967,10553700
2001-03-30,96.500000,97.559998,95.139999,96.180000,60.787449,9461300
2001-04-02,97.449997,98.099998,93.580002,94.660004,59.826782,8787000
2001-04-03,94.599998,94.650002,90.099998,90.389999,57.128052,13330000
2001-04-04,90.449997,94.050003,90.050003,92.000000,58.145599,13515600
2001-04-05,95.800003,100.000000,95.529999,98.209999,62.070423,12506100
2001-04-06,98.000000,100.000000,96.400002,97.949997,61.906124,13424200
2001-04-09,98.500000,98.739998,93.800003,96.000000,60.673691,9486600
2001-04-10,97.000000,99.900002,96.559998,99.050003,62.601345,10499400
2001-04-11,101.500000,101.940002,95.800003,97.430000,61.577488,11498400
2001-04-12,96.400002,97.500000,95.150002,96.199997,60.800079,9390100
2001-04-16,96.199997,99.889999,95.199997,96.750000,61.147697,9188500
2001-04-17,97.000000,99.879997,97.000000,99.699997,63.012150,9957300
2001-04-18,103.000000,110.000000,102.300003,106.500000,67.309883,19814300
2001-04-19,112.000000,115.900002,110.449997,114.470001,72.347069,25822400
2001-04-20,114.349998,116.400002,113.750000,114.830002,72.574577,12759100
2001-04-23,114.010002,114.050003,111.680000,112.000000,70.785973,8537500
2001-04-24,113.400002,114.750000,112.300003,112.669998,71.209427,8742000
2001-04-25,112.000000,114.849998,111.989998,114.849998,72.587173,6858500
2001-04-26,114.949997,116.699997,113.680000,113.739998,71.885666,7346100
2001-04-27,116.800003,116.900002,114.550003,116.199997,73.440437,7390600
2001-04-30,116.400002,118.050003,114.720001,115.139999,72.770470,7357200
2001-05-01,115.849998,118.650002,114.900002,118.510002,74.900383,7790800
2001-05-02,118.300003,118.949997,113.739998,115.400002,72.934814,9706200
2001-05-03,114.599998,115.099998,112.349998,113.699997,71.860397,6578000
2001-05-04,112.000000,115.860001,111.199997,115.860001,73.225540,8681400
2001-05-07,116.199997,117.250000,115.000000,115.900002,73.250824,6088600
2001-05-08,117.250000,117.750000,115.500000,117.699997,74.478424,7605800
2001-05-09,116.199997,118.180000,115.300003,116.980003,74.022820,7680200
2001-05-10,118.500000,118.900002,115.199997,115.199997,72.896484,7993900
2001-05-11,113.750000,114.150002,110.959999,111.809998,70.751335,8390200
2001-05-14,111.199997,113.180000,111.000000,112.559998,71.225945,5254800
2001-05-15,113.500000,114.150002,112.500000,113.580002,71.871376,5873400
2001-05-16,112.500000,115.800003,112.199997,115.800003,73.276146,7796700
2001-05-17,115.800003,117.089996,115.050003,115.070000,72.814217,6887700
2001-05-18,115.070000,117.680000,114.900002,117.440002,74.313904,6714900
2001-05-21,117.949997,119.900002,117.550003,119.040001,75.326363,8409400
2001-05-22,119.699997,119.699997,117.250000,118.010002,74.674568,6005300
2001-05-23,117.800003,118.949997,117.099998,117.400002,74.288597,6402600
2001-05-24,117.500000,119.599998,117.500000,119.599998,75.680717,7726400
2001-05-25,119.519997,119.900002,117.760002,117.800003,74.541710,5629100
2001-05-29,117.349998,117.589996,115.080002,115.269997,72.940765,5818000
2001-05-30,114.000000,114.099998,112.000000,112.650002,71.282921,9598700
2001-05-31,112.650002,113.860001,111.639999,111.800003,70.745026,6724100
2001-06-01,112.500000,113.599998,111.900002,112.889999,71.434746,5138900
2001-06-04,113.250000,114.750000,112.849998,113.639999,71.909348,3812200
2001-06-05,113.639999,117.599998,113.559998,116.970001,74.016533,6154400
2001-06-06,117.599998,119.000000,116.500000,117.500000,74.351852,9624200
2001-06-07,117.000000,118.250000,117.000000,117.250000,74.193703,6423700
2001-06-08,117.500000,117.500000,115.599998,116.099998,73.465973,3099100
2001-06-11,116.300003,118.139999,116.099998,117.360001,74.263252,6542700
2001-06-12,116.750000,117.800003,115.550003,117.250000,74.193703,7301500
2001-06-13,117.250000,118.470001,116.529999,116.540001,73.744377,5703200
2001-06-14,115.599998,116.080002,113.989998,115.750000,73.244492,7502500
2001-06-15,115.099998,115.449997,113.379997,113.599998,71.884010,12470100
2001-06-18,113.980003,115.440002,113.309998,114.269997,72.307976,5182800
2001-06-19,116.260002,117.250000,114.559998,114.839996,72.668655,6152800
2001-06-20,113.500000,114.989998,111.760002,113.089996,71.561302,8828300
2001-06-21,112.150002,114.699997,111.360001,112.599998,71.251228,8155800
2001-06-22,112.599998,114.430000,112.500000,112.870003,71.422104,5607200
2001-06-25,113.750000,114.900002,111.779999,112.650002,71.282921,5675900
2001-06-26,111.250000,114.050003,111.099998,113.040001,71.529655,7081900
2001-06-27,113.099998,114.180000,112.449997,113.519997,71.833397,4814100
2001-06-28,113.800003,116.949997,113.750000,115.099998,72.833206,8181000
2001-06-29,115.599998,116.650002,113.000000,113.500000,71.820763,9477400
2001-07-02,113.500000,115.400002,112.959999,114.349998,72.358597,5913100
2001-07-03,114.099998,114.190002,112.760002,112.980003,71.491692,3325800
2001-07-05,112.599998,113.260002,111.790001,112.099998,70.934853,4419000
2001-07-06,110.900002,110.900002,105.809998,106.500000,67.391266,11704600
2001-07-09,106.500000,106.949997,103.650002,104.720001,66.264915,9312600
2001-07-10,104.730003,105.400002,101.599998,101.959999,64.518440,10266600
2001-07-11,101.599998,104.129997,101.559998,103.849998,65.714401,8895400
2001-07-12,105.900002,107.800003,105.620003,107.250000,67.865852,8766400
2001-07-13,106.150002,109.300003,106.110001,108.529999,68.675819,7841800
2001-07-16,108.529999,109.379997,107.279999,107.820000,68.226555,5330100
2001-07-17,106.099998,108.580002,104.750000,108.529999,68.675819,8662400
2001-07-18,106.099998,107.599998,103.199997,104.279999,65.986496,11670300
2001-07-19,105.599998,106.000000,103.099998,104.000000,65.809311,13644500
2001-07-20,103.400002,105.699997,103.029999,105.699997,66.885033,8991700
2001-07-23,105.699997,106.949997,105.300003,105.849998,66.979965,6315700
2001-07-24,104.849998,106.150002,103.790001,104.510002,66.132050,7299800
2001-07-25,104.500000,105.699997,102.730003,104.889999,66.372490,6247600
2001-07-26,104.750000,106.000000,102.930000,106.000000,67.074867,8428700
2001-07-27,104.750000,105.949997,104.110001,104.699997,66.252258,4346500
2001-07-30,104.900002,106.250000,104.760002,105.849998,66.979965,4030800
2001-07-31,105.900002,107.000000,105.150002,105.209999,66.574982,5603000
2001-08-01,105.349998,108.500000,105.309998,107.059998,67.745605,6036100
2001-08-02,108.500000,109.470001,107.209999,108.800003,68.846680,5675100
2001-08-03,107.800003,110.089996,107.099998,108.180000,68.454323,3704100
2001-08-06,107.250000,107.370003,105.790001,106.510002,67.397591,4176800
2001-08-07,105.800003,107.370003,105.260002,106.250000,67.233040,4029300
2001-08-08,105.000000,106.099998,104.099998,104.190002,66.016533,6398000
2001-08-09,103.699997,104.540001,102.699997,104.080002,65.946838,6763200
2001-08-10,103.849998,104.949997,102.809998,104.949997,66.498070,5254800
2001-08-13,105.000000,106.639999,104.650002,105.860001,67.074669,6024400
2001-08-14,106.500000,106.849998,105.400002,106.199997,67.290108,5730200
2001-08-15,106.349998,106.589996,105.010002,105.010002,66.536095,4712900
2001-08-16,104.199997,106.019997,103.660004,105.750000,67.004974,6215200
2001-08-17,105.489998,105.489998,103.900002,104.589996,66.269951,7006200
2001-08-20,104.680000,105.000000,102.800003,104.099998,65.959526,5612700
2001-08-21,103.849998,104.970001,101.400002,101.889999,64.559235,6515900
2001-08-22,102.500000,104.040001,101.760002,103.959999,65.870796,8029000
2001-08-23,104.000000,104.699997,103.000000,103.000000,65.262520,5474300
2001-08-24,103.949997,107.800003,103.410004,106.989998,67.790665,7711900
2001-08-27,106.989998,108.199997,106.639999,106.860001,67.708321,4540900
2001-08-28,106.900002,107.169998,104.870003,104.949997,66.498070,5808100
2001-08-29,105.750000,105.900002,103.820000,104.129997,65.978523,4840300
2001-08-30,102.750000,103.400002,98.860001,100.360001,63.589756,15015500
2001-08-31,101.000000,101.360001,99.239998,99.949997,63.329971,8126600
2001-09-04,100.150002,103.129997,99.290001,101.489998,64.305779,9891800
2001-09-05,101.500000,102.830002,99.610001,100.349998,63.583420,11880700
2001-09-06,100.680000,100.680000,97.650002,98.000000,62.094440,9043100
2001-09-07,97.900002,98.150002,96.000000,96.589996,61.201038,10507000
2001-09-10,96.000000,97.400002,95.589996,96.470001,61.125011,10311500
2001-09-17,93.900002,95.860001,92.550003,93.339996,59.141819,15132800
2001-09-18,94.000000,96.750000,93.680000,96.400002,61.080654,12305000
2001-09-19,96.400002,96.849998,92.449997,96.000000,60.827217,14883500
2001-09-20,94.099998,95.750000,92.849998,93.400002,59.179810,15182900
2001-09-21,90.599998,93.500000,89.500000,90.500000,57.342319,18364700
2001-09-24,91.800003,95.540001,91.800003,94.800003,60.066845,11201800
2001-09-25,94.099998,96.000000,93.410004,94.449997,59.845081,12575100
2001-09-26,94.449997,94.449997,90.300003,91.300003,57.849194,13783100
2001-09-27,91.300003,91.500000,87.489998,90.000000,57.025501,13172300
2001-09-28,90.199997,92.709999,89.900002,91.720001,58.115337,11077200
2001-10-01,91.720001,93.480003,91.339996,92.709999,58.742626,8676200
2001-10-02,92.300003,93.900002,92.099998,93.769997,59.414242,7221200
2001-10-03,92.900002,97.620003,92.400002,96.949997,61.429161,11117000
2001-10-04,97.150002,98.879997,96.800003,97.309998,61.657246,9785100
2001-10-05,96.650002,98.449997,95.370003,98.019997,62.107121,9708200
2001-10-08,98.029999,99.000000,96.750000,98.500000,62.411213,7093400
2001-10-09,98.500000,98.500000,96.760002,97.139999,61.549549,7525300
2001-10-10,95.000000,97.300003,94.900002,97.250000,61.619232,10636900
2001-10-11,97.699997,99.400002,96.500000,99.400002,62.981487,11501600
2001-10-12,98.699997,101.000000,98.000000,100.839996,63.893921,11501200
2001-10-15,99.849998,102.760002,99.849998,102.000000,64.628883,10204200
2001-10-16,101.870003,103.000000,99.660004,101.849998,64.533859,11946000
2001-10-17,106.300003,106.699997,102.900002,102.900002,65.199173,18920500
2001-10-18,103.050003,103.750000,100.779999,101.260002,64.160027,10694900
2001-10-19,101.650002,102.739998,100.070000,102.650002,65.040764,11771900
2001-10-22,102.650002,105.779999,101.900002,105.250000,66.688171,7623900
2001-10-23,105.750000,106.690002,104.550003,105.809998,67.042984,7429300
2001-10-24,106.500000,108.750000,106.089996,108.570000,68.791771,8293200
2001-10-25,108.050003,110.849998,106.750000,110.660004,70.116043,9683400
2001-10-26,110.000000,112.099998,109.620003,111.160004,70.432846,10142500
2001-10-29,110.500000,110.699997,108.620003,108.620003,68.823471,7072800
2001-10-30,107.800003,109.750000,107.760002,108.650002,68.842468,8625100
2001-10-31,109.599998,111.120003,108.070000,108.070000,68.474991,7177700
2001-11-01,107.250000,110.169998,106.900002,109.889999,69.628128,8024000
2001-11-02,109.150002,110.300003,108.769997,109.500000,69.381065,6216900
2001-11-05,109.949997,110.589996,109.080002,109.970001,69.678810,5708500
2001-11-06,109.599998,114.800003,109.000000,113.610001,71.985176,8509700
2001-11-07,113.050003,115.199997,113.029999,113.849998,72.226280,10129700
2001-11-08,113.959999,115.559998,113.610001,113.809998,72.200890,7991200
2001-11-09,113.099998,114.900002,113.099998,114.080002,72.372215,5045900
2001-11-12,113.000000,114.900002,112.050003,114.860001,72.867050,5608400
2001-11-13,115.699997,117.000000,115.699997,116.699997,74.034309,9216700
2001-11-14,116.699997,116.849998,113.330002,114.349998,72.543465,8091700
2001-11-15,114.099998,116.330002,113.839996,114.750000,72.797241,7013800
2001-11-16,115.000000,115.000000,112.550003,114.500000,72.638626,6661500
2001-11-19,114.699997,115.800003,113.769997,115.000000,72.955826,4931300
2001-11-20,114.349998,116.800003,114.250000,115.440002,73.234955,6452200
2001-11-21,114.949997,115.250000,113.050003,114.339996,72.537125,4184700
2001-11-23,114.290001,115.370003,113.720001,115.349998,73.177887,1714000
2001-11-26,115.900002,116.400002,115.199997,116.330002,73.799561,4854300
2001-11-27,116.250000,116.300003,114.070000,114.199997,72.448296,6894100
2001-11-28,114.099998,114.379997,112.099998,112.150002,71.147804,6161200
2001-11-29,112.900002,114.550003,111.809998,114.430000,72.594246,6128700
2001-11-30,114.430000,115.940002,113.800003,115.589996,73.330101,5597800
2001-12-03,114.800003,114.849998,113.209999,114.129997,72.403885,5785800
2001-12-04,114.300003,116.720001,113.379997,116.639999,73.996239,6585900
2001-12-05,116.849998,121.980003,116.650002,121.400002,77.015961,14646200
2001-12-06,120.500000,121.699997,119.800003,120.139999,76.216652,11225700
2001-12-07,119.500000,121.000000,118.750000,120.400002,76.381592,6889200
2001-12-10,120.000000,121.000000,119.410004,119.660004,75.912125,5570900
2001-12-11,120.400002,122.739998,119.800003,121.500000,77.079422,7793200
2001-12-12,121.120003,123.209999,120.059998,123.199997,78.157936,7977900
2001-12-13,121.550003,122.300003,120.120003,120.250000,76.286392,8061000
2001-12-14,120.800003,121.480003,119.410004,121.099998,76.825630,7036000
2001-12-17,120.150002,122.139999,120.150002,121.339996,76.977905,6205100
2001-12-18,121.510002,122.970001,121.349998,122.199997,77.523499,5596200
2001-12-19,121.900002,124.699997,121.010002,123.889999,78.595665,8053900
2001-12-20,123.889999,124.000000,122.150002,122.699997,77.840714,6344800
2001-12-21,122.699997,123.500000,121.709999,122.000000,77.396622,8659100
2001-12-24,122.050003,122.480003,121.099998,121.449997,77.047676,1654400
2001-12-26,122.000000,123.699997,121.809998,122.400002,77.650391,3755700
2001-12-27,122.750000,123.930000,122.639999,123.500000,78.348221,3826200
2001-12-28,123.500000,123.879997,122.349998,122.900002,77.967590,4213900
2001-12-31,122.750000,123.239998,120.949997,120.959999,76.736839,3512700
2002-01-02,120.599998,121.500000,119.800003,121.500000,77.079422,6862800
2002-01-03,121.500000,124.220001,120.250000,123.660004,78.449715,8621700
2002-01-04,124.050003,125.599998,123.980003,125.599998,79.680450,8405200
2002-01-07,125.000000,126.190002,123.699997,124.050003,78.697144,5939600
2002-01-08,124.250000,125.199997,123.730003,124.699997,79.109497,5311800
2002-01-09,124.699997,126.389999,124.150002,124.489998,78.976273,6839900
2002-01-10,123.750000,124.000000,121.419998,122.139999,77.485413,8926300
2002-01-11,121.500000,122.180000,120.279999,120.309998,76.324478,4797800
2002-01-14,120.000000,120.089996,117.099998,118.050003,74.890732,10026700
2002-01-15,118.050003,119.699997,117.720001,118.849998,75.398262,5647900
2002-01-16,118.000000,118.750000,117.250000,117.400002,74.478386,5366300
2002-01-17,119.849998,120.550003,117.260002,119.900002,76.064362,11153700
2002-01-18,114.250000,114.900002,112.809998,114.250000,72.480049,18440200
2002-01-22,114.250000,114.260002,110.330002,110.500000,70.101021,10130400
2002-01-23,110.800003,111.250000,107.000000,107.900002,68.451599,12556700
2002-01-24,108.800003,109.730003,107.070000,108.720001,68.971809,8581500
2002-01-25,108.500000,110.690002,108.099998,109.279999,69.327072,6761800
2002-01-28,109.500000,110.209999,107.059998,108.150002,68.610191,7092900
2002-01-29,108.150002,108.559998,102.410004,103.000000,65.343033,14509400
2002-01-30,104.250000,105.750000,101.000000,105.550003,66.960754,17713300
2002-01-31,106.400002,107.980003,104.459999,107.889999,68.445244,9877000
2002-02-01,107.639999,109.300003,106.639999,108.000000,68.515015,6799500
2002-02-04,108.000000,108.000000,105.989998,106.800003,67.753761,6601900
2002-02-05,106.250000,108.500000,106.000000,106.300003,67.436577,6737700
2002-02-06,106.699997,107.820000,105.330002,106.629997,67.735123,6669800
2002-02-07,106.639999,107.000000,103.860001,103.910004,66.007263,7253800
2002-02-08,103.000000,105.720001,102.610001,104.989998,66.693344,8339400
2002-02-11,105.000000,107.690002,104.510002,107.379997,68.211555,6271900
2002-02-12,106.750000,107.889999,106.059998,106.570000,67.697029,4559800
2002-02-13,106.699997,108.480003,106.120003,108.070000,68.649849,5086900
2002-02-14,109.000000,109.150002,107.199997,107.889999,68.535500,5816300
2002-02-15,104.800003,104.800003,101.699997,102.889999,65.359337,18204600
2002-02-19,101.500000,101.800003,98.860001,101.300003,64.349319,13395900
2002-02-20,99.540001,100.000000,97.000000,99.309998,63.085201,14525200
2002-02-21,98.750000,99.699997,96.010002,96.379997,61.223965,10131700
2002-02-22,96.379997,99.199997,95.760002,98.449997,62.538887,10471600
2002-02-25,98.449997,99.250000,97.120003,98.300003,62.443607,9902800
2002-02-26,99.000000,99.190002,95.989998,97.150002,61.713100,11634500
2002-02-27,98.099998,100.309998,96.699997,97.830002,62.145073,11978700
2002-02-28,98.489998,99.599998,97.820000,98.120003,62.329269,7939000
2002-03-01,98.599998,103.099998,98.500000,103.019997,65.441933,10492900
2002-03-04,103.349998,106.529999,103.129997,105.900002,67.271400,10767700
2002-03-05,104.250000,106.500000,104.160004,105.669998,67.125305,7562100
2002-03-06,105.150002,107.089996,104.750000,106.300003,67.525490,7687400
2002-03-07,107.300003,107.500000,103.239998,103.709999,65.880241,10971900
2002-03-08,104.820000,107.339996,104.820000,105.089996,66.756836,10726400
2002-03-11,104.349998,105.970001,103.599998,105.239998,66.852135,8639100
2002-03-12,105.519997,108.849998,105.510002,108.500000,68.923019,11059300
2002-03-13,108.300003,108.650002,106.699997,107.180000,68.084496,6409200
2002-03-14,107.019997,107.949997,106.589996,106.599998,67.716042,5335500
2002-03-15,106.550003,107.449997,105.589996,106.790001,67.836754,10864100
2002-03-18,107.099998,108.639999,106.230003,106.349998,67.557289,5301200
2002-03-19,106.849998,108.050003,106.489998,107.489998,68.281418,4614800
2002-03-20,106.900002,106.900002,105.489998,105.500000,67.017273,4844100
2002-03-21,105.699997,106.779999,104.699997,106.779999,67.830406,5113100
2002-03-22,106.500000,106.699997,105.070000,105.599998,67.080795,5507900
2002-03-25,105.800003,106.660004,103.500000,103.559998,65.784950,6277900
2002-03-26,103.570000,105.699997,102.300003,102.900002,65.365700,8144000
2002-03-27,103.750000,103.790001,102.500000,103.389999,65.676949,5602400
2002-03-28,103.550003,105.139999,103.389999,104.000000,66.064461,5347500
2002-04-01,104.000000,104.000000,102.400002,102.860001,65.340302,5587000
2002-04-02,102.000000,102.010002,100.510002,100.949997,64.126976,7382200
2002-04-03,101.400002,101.500000,98.900002,99.959999,63.498085,7649100
2002-04-04,99.959999,101.139999,99.500000,100.839996,64.057098,5928500
2002-04-05,100.839996,101.250000,97.250000,97.250000,61.776608,9801800
2002-04-08,87.500000,88.589996,85.349998,87.410004,55.525887,41207300
2002-04-09,88.500000,88.519997,87.099998,87.739998,55.735512,17383600
2002-04-10,88.449997,89.949997,88.199997,89.010002,56.542294,13143900
2002-04-11,88.050003,88.510002,83.339996,84.190002,53.480438,23343700
2002-04-12,87.559998,87.959999,84.400002,85.599998,54.376125,15819300
2002-04-15,86.500000,86.599998,84.699997,85.349998,54.217300,8871600
2002-04-16,86.349998,86.849998,85.580002,86.199997,54.757275,7933100
2002-04-17,87.050003,87.199997,84.000000,84.809998,53.874283,11019500
2002-04-18,86.970001,89.099998,86.900002,88.949997,56.504166,14763500
2002-04-19,89.900002,90.029999,87.599998,89.000000,56.535912,9273200
2002-04-22,88.949997,88.949997,87.360001,87.930000,55.856232,6757700
2002-04-23,88.349998,89.080002,87.239998,87.330002,55.475098,5144100
2002-04-24,88.199997,88.250000,86.269997,86.500000,54.947819,6520500
2002-04-25,86.050003,86.919998,85.769997,86.709999,55.081234,6870000
2002-04-26,86.699997,86.959999,84.699997,84.709999,53.810768,6684200
2002-04-29,84.709999,85.099998,83.550003,83.889999,53.289871,6535600
2002-04-30,83.910004,85.230003,83.529999,83.760002,53.207291,8883900
2002-05-01,83.849998,84.650002,81.669998,84.300003,53.550304,12203800
2002-05-02,83.750000,84.800003,83.129997,83.860001,53.270824,6582900
2002-05-03,83.099998,83.500000,81.110001,81.779999,51.949528,8656300
2002-05-06,81.699997,81.870003,76.000000,76.000000,48.277866,13648400
2002-05-07,76.889999,77.500000,75.919998,76.500000,48.595493,17418700
2002-05-08,78.199997,82.800003,78.199997,82.449997,52.478031,12779700
2002-05-09,81.900002,83.000000,79.000000,79.930000,50.874100,10130100
2002-05-10,79.949997,80.500000,79.250000,79.680000,50.714981,7386300
2002-05-13,80.250000,82.290001,79.500000,82.190002,52.312534,6527600
2002-05-14,84.500000,85.480003,82.190002,85.480003,54.406586,9624700
2002-05-15,84.599998,86.489998,84.050003,84.500000,53.782841,8552300
2002-05-16,84.199997,86.000000,83.400002,85.449997,54.387482,6768300
2002-05-17,86.250000,86.400002,85.000000,85.690002,54.540234,5874800
2002-05-20,85.449997,85.459999,83.930000,84.449997,53.750988,4530300
2002-05-21,84.410004,85.000000,83.300003,83.449997,53.114510,4454000
2002-05-22,83.760002,84.389999,82.739998,84.000000,53.464584,5040700
2002-05-23,84.250000,85.050003,82.519997,84.349998,53.687347,6865600
2002-05-24,83.650002,83.750000,82.620003,83.099998,52.891743,4122000
2002-05-28,82.800003,83.110001,81.690002,82.080002,52.242538,4552100
2002-05-29,81.500000,82.000000,81.000000,81.599998,51.937019,4519500
2002-05-30,80.599998,82.250000,80.220001,82.250000,52.350754,7374100
2002-05-31,82.050003,82.050003,80.400002,80.449997,51.205067,5126200
2002-06-03,80.750000,80.910004,78.000000,78.110001,49.715710,8383600
2002-06-04,78.110001,79.650002,77.599998,79.309998,50.479473,7273200
2002-06-05,79.650002,80.709999,79.110001,80.550003,51.268734,7172100
2002-06-06,80.550003,80.949997,78.889999,79.660004,50.702259,5540600
2002-06-07,78.480003,78.849998,77.000000,78.300003,49.836628,9309400
2002-06-10,77.750000,78.800003,76.599998,76.800003,48.881939,7075800
2002-06-11,77.849998,78.250000,75.199997,75.489998,48.048107,7953400
2002-06-12,75.400002,75.949997,73.250000,74.650002,47.513481,13296100
2002-06-13,75.449997,77.400002,75.300003,75.599998,48.118118,8909600
2002-06-14,74.199997,76.769997,73.250000,76.169998,48.480919,8592000
2002-06-17,76.180000,77.750000,75.160004,77.139999,49.098309,7775800
2002-06-18,75.599998,76.900002,75.470001,75.940002,48.334541,7242000
2002-06-19,74.199997,75.199997,73.250000,73.349998,46.686050,9455400
2002-06-20,74.000000,74.089996,71.430000,71.580002,45.559467,11116900
2002-06-21,70.000000,70.989998,68.190002,68.750000,43.758244,15542600
2002-06-24,67.250000,71.489998,67.250000,69.699997,44.362877,14687700
2002-06-25,70.300003,71.449997,68.410004,68.599998,43.662750,8554800
2002-06-26,66.099998,70.589996,66.099998,70.050003,44.585663,11544000
2002-06-27,71.199997,72.150002,69.099998,71.900002,45.763157,10610100
2002-06-28,71.349998,73.620003,71.250000,72.000000,45.826767,10945600
2002-07-01,72.010002,72.410004,67.160004,67.599998,43.026249,12055900
2002-07-02,67.849998,69.400002,67.699997,68.580002,43.650021,12012900
2002-07-03,67.949997,70.709999,67.870003,70.510002,44.878426,8469900
2002-07-05,72.449997,73.900002,72.000000,73.500000,46.781506,5243000
2002-07-08,73.000000,73.480003,71.029999,71.300003,45.381252,9488100
2002-07-09,71.400002,72.250000,69.449997,69.669998,44.343788,11165600
2002-07-10,70.599998,71.250000,68.529999,68.760002,43.764568,10073400
2002-07-11,68.000000,69.750000,67.550003,69.410004,44.178295,11026400
2002-07-12,70.000000,71.739998,68.800003,69.209999,44.050999,8572200
2002-07-15,68.400002,71.000000,66.599998,71.000000,45.190304,10420900
2002-07-16,69.510002,71.389999,68.480003,69.010002,43.923702,10486800
2002-07-17,71.000000,71.599998,69.620003,70.690002,44.992989,11537300
2002-07-18,70.500000,74.199997,70.000000,72.050003,45.858608,15310800
2002-07-19,70.959999,72.699997,70.000000,72.000000,45.826767,11612900
2002-07-22,71.250000,72.190002,68.309998,68.500000,43.599106,14866900
2002-07-23,68.250000,70.000000,66.660004,67.050003,42.676205,12766700
2002-07-24,66.000000,70.000000,65.699997,69.540001,44.261036,13804500
2002-07-25,68.900002,70.000000,67.300003,69.349998,44.140121,10989800
2002-07-26,68.750000,69.470001,65.760002,66.400002,42.262489,11576400
2002-07-29,70.370003,71.400002,68.000000,71.180000,45.304863,11919300
2002-07-30,70.500000,72.699997,70.019997,71.790001,45.693123,10138600
2002-07-31,70.750000,71.599998,69.110001,70.400002,44.808411,12718600
2002-08-01,70.400002,70.699997,67.220001,68.250000,43.439980,8832000
2002-08-02,68.209999,68.230003,67.120003,67.879997,43.204468,6915000
2002-08-05,67.940002,68.349998,65.849998,65.989998,42.001518,7126900
2002-08-06,67.000000,69.419998,66.610001,67.900002,43.217209,8370800
2002-08-07,69.000000,69.900002,66.800003,69.169998,44.123016,8037300
2002-08-08,69.199997,72.050003,68.349998,71.610001,45.679462,8420500
2002-08-09,70.610001,74.300003,70.400002,71.830002,45.819809,6940900
2002-08-12,71.050003,72.639999,70.610001,71.769997,45.781525,5263300
2002-08-13,71.550003,73.800003,71.190002,71.900002,45.864449,8014700
2002-08-14,71.949997,75.019997,71.349998,74.919998,47.790894,8353000
2002-08-15,75.400002,76.709999,74.599998,76.500000,48.798782,9267300
2002-08-16,76.500000,79.980003,75.980003,79.349998,50.616772,11645800
2002-08-19,79.349998,82.849998,79.010002,82.489998,52.619759,10803900
2002-08-20,81.559998,82.000000,80.180000,81.269997,51.841488,7671000
2002-08-21,81.900002,82.330002,79.550003,81.000000,51.669281,7768600
2002-08-22,80.949997,82.449997,80.199997,81.989998,52.300785,5446600
2002-08-23,81.199997,81.480003,79.349998,80.400002,51.286552,5908900
2002-08-26,80.400002,80.889999,77.800003,79.419998,50.661419,6997800
2002-08-27,80.400002,80.440002,77.300003,77.959999,49.730087,7087800
2002-08-28,76.000000,77.010002,75.669998,76.059998,48.518074,6590300
2002-08-29,75.599998,77.349998,75.150002,76.620003,48.875317,5857400
2002-08-30,75.550003,76.349998,75.099998,75.379997,48.084320,5002500
2002-09-03,74.199997,75.000000,72.300003,72.349998,46.151531,6849400
2002-09-04,72.349998,73.989998,71.599998,73.730003,47.031796,6264600
2002-09-05,72.739998,72.849998,71.500000,72.180000,46.043072,6467700
2002-09-06,73.750000,73.989998,73.070000,73.199997,46.693710,4586500
2002-09-09,72.449997,74.980003,71.849998,74.500000,47.522972,5785000
2002-09-10,74.599998,75.599998,73.849998,75.599998,48.224655,5538300
2002-09-11,76.400002,77.500000,74.059998,74.199997,47.331608,5394400
2002-09-12,74.050003,74.050003,71.639999,71.870003,45.845337,6707400
2002-09-13,71.500000,72.879997,71.309998,72.500000,46.247200,5949600
2002-09-16,72.000000,72.720001,71.230003,72.320000,46.132397,4595200
2002-09-17,73.000000,73.449997,71.349998,71.750000,45.768776,6195100
2002-09-18,70.650002,70.900002,68.860001,69.550003,44.365414,12712700
2002-09-19,64.800003,66.480003,64.650002,64.800003,41.335411,22034900
2002-09-20,65.400002,65.400002,63.900002,63.919998,40.774082,14195200
2002-09-23,63.750000,63.750000,62.369999,63.369999,40.423225,8377100
2002-09-24,61.080002,63.299999,59.549999,59.750000,38.114079,16710100
2002-09-25,61.200001,63.770000,60.990002,63.009998,40.193596,13119200
2002-09-26,64.199997,64.879997,61.330002,62.020000,39.562092,12368800
2002-09-27,61.430000,63.490002,60.310001,60.360001,38.503185,8793100
2002-09-30,59.549999,59.889999,57.990002,58.310001,37.195503,13020100
2002-10-01,59.200001,61.980000,58.990002,61.169998,39.019863,11642800
2002-10-02,61.180000,62.000000,58.349998,59.630001,38.037518,10653300
2002-10-03,60.299999,61.160000,58.950001,60.000000,38.273540,11001100
2002-10-04,59.500000,59.509998,55.770000,56.599998,36.104702,14551900
2002-10-07,56.599998,58.500000,56.599998,56.860001,36.270569,9641600
2002-10-08,57.779999,58.090000,54.799999,57.049999,36.391750,14744500
2002-10-09,56.049999,56.700001,54.810001,55.070000,35.128723,12156000
2002-10-10,54.650002,58.480000,54.009998,57.580002,36.729843,12670600
2002-10-11,62.000000,63.919998,61.500000,63.919998,40.774082,17853800
2002-10-14,61.540001,63.799999,61.540001,63.419998,40.455112,7925300
2002-10-15,67.750000,68.480003,66.580002,68.480003,43.682854,14600200
2002-10-16,66.599998,67.000000,64.239998,64.900002,41.399208,15900200
2002-10-17,72.800003,73.000000,71.230003,72.199997,46.055820,21344600
2002-10-18,71.730003,74.250000,70.260002,74.250000,47.363506,12482900
2002-10-21,73.650002,75.900002,72.940002,75.550003,48.192768,10875700
2002-10-22,74.500000,75.680000,73.620003,74.489998,47.516598,10371500
2002-10-23,74.400002,74.970001,72.459999,74.599998,47.586758,12441900
2002-10-24,75.500000,75.550003,71.750000,72.099998,45.992031,10524000
2002-10-25,72.500000,74.620003,72.160004,74.559998,47.561256,7514200
2002-10-28,75.150002,77.500000,74.559998,76.559998,48.837029,12544900
2002-10-29,76.559998,77.050003,74.199997,76.739998,48.951855,11455200
2002-10-30,77.000000,79.400002,76.019997,78.669998,50.182991,12865800
2002-10-31,78.669998,79.790001,78.500000,78.940002,50.355232,9864300
2002-11-01,78.900002,80.500000,78.320000,80.400002,51.286552,9395200
2002-11-04,81.989998,83.809998,81.699997,82.500000,52.626137,12006000
2002-11-05,81.750000,82.010002,80.470001,81.680000,52.103046,10466700
2002-11-06,80.800003,81.879997,80.050003,81.540001,52.109451,10480800
2002-11-07,80.000000,80.000000,78.320000,78.949997,50.454258,11036800
2002-11-08,78.500000,79.290001,77.199997,77.589996,49.585114,8119600
2002-11-11,77.589996,78.360001,76.699997,77.290001,49.393402,7386400
2002-11-12,77.500000,79.900002,77.300003,79.150002,50.582073,9027700
2002-11-13,79.500000,80.330002,77.980003,79.349998,50.709892,11984700
2002-11-14,80.379997,80.989998,79.400002,80.720001,51.585415,9662800
2002-11-15,80.379997,80.400002,79.010002,80.010002,51.131653,11367800
2002-11-18,80.800003,80.989998,79.080002,79.180000,50.601234,7321300
2002-11-19,78.239998,79.449997,77.839996,78.370003,50.083576,6918400
2002-11-20,77.949997,81.709999,77.900002,81.610001,52.154163,9070900
2002-11-21,82.050003,84.919998,82.050003,84.900002,54.256702,12737200
2002-11-22,83.949997,85.169998,83.800003,84.430000,53.956337,9053300
2002-11-25,84.629997,86.250000,83.519997,86.199997,55.087467,8651200
2002-11-26,86.150002,86.150002,84.389999,85.059998,54.358936,8560800
2002-11-27,85.900002,88.110001,85.849998,87.699997,56.046089,8209800
2002-11-29,87.709999,88.050003,86.760002,86.919998,55.547604,2980700
2002-12-02,88.599998,89.459999,86.300003,87.300003,55.790440,9694200
2002-12-03,86.720001,87.029999,85.150002,85.209999,54.454796,7027800
2002-12-04,83.410004,84.860001,82.820000,83.690002,53.483425,10053500
2002-12-05,84.900002,84.980003,82.599998,83.059998,53.080814,6900000
2002-12-06,81.500000,82.750000,81.070000,82.320000,52.607883,7594800
2002-12-09,81.000000,81.330002,79.500000,79.589996,50.863247,8841900
2002-12-10,78.599998,81.000000,78.599998,80.800003,51.636539,6869800
2002-12-11,80.800003,82.480003,79.989998,81.440002,52.045536,6661000
2002-12-12,81.250000,81.690002,79.699997,80.169998,51.233925,7208700
2002-12-13,79.250000,80.000000,78.269997,80.000000,51.125282,7773800
2002-12-16,79.599998,81.790001,79.050003,81.620003,52.160549,8483500
2002-12-17,80.599998,81.769997,80.029999,80.309998,51.323391,6167100
2002-12-18,79.250000,79.690002,78.239998,79.129997,50.569286,6514900
2002-12-19,78.599998,80.339996,78.349998,78.660004,50.268940,7319900
2002-12-20,79.400002,80.000000,78.879997,79.790001,50.991077,8053800
2002-12-23,79.750000,81.500000,79.440002,80.260002,51.291435,5922200
2002-12-24,80.199997,81.000000,79.760002,79.760002,50.971889,2420200
2002-12-26,79.809998,80.699997,78.260002,78.500000,50.166664,5784300
2002-12-27,78.500000,79.180000,76.610001,77.360001,49.438141,6334100
2002-12-30,77.000000,77.430000,75.599998,76.250000,48.728790,8066600
2002-12-31,77.099998,78.459999,77.099998,77.500000,49.527603,7871400
2003-01-02,78.800003,80.570000,78.190002,80.570000,51.489540,7864500
2003-01-03,80.699997,81.650002,80.209999,81.650002,52.179745,5962300
2003-01-06,81.900002,84.800003,81.809998,83.589996,53.419521,7921300
2003-01-07,83.949997,86.180000,83.750000,86.000000,54.959698,11906900
2003-01-08,85.550003,85.690002,84.070000,84.190002,53.802956,9508800
2003-01-09,84.750000,87.019997,84.750000,87.000000,55.598740,10711600
2003-01-10,85.849998,88.040001,85.699997,87.680000,56.033291,9955400
2003-01-13,88.309998,88.949997,87.349998,87.510002,55.924641,10499000
2003-01-14,87.230003,88.589996,87.220001,88.580002,56.608444,7569100
2003-01-15,88.580002,88.650002,86.949997,87.589996,55.975769,8146600
2003-01-16,87.400002,87.709999,85.379997,86.050003,54.991627,9904300
2003-01-17,83.739998,83.739998,81.180000,81.300003,51.956062,17331200
2003-01-21,81.300003,81.849998,80.500000,80.540001,51.470360,8926900
2003-01-22,80.000000,80.769997,79.389999,79.699997,50.933556,9432400
2003-01-23,80.150002,81.360001,79.800003,81.050003,51.796310,8371400
2003-01-24,80.599998,81.500000,78.820000,78.989998,50.479813,7748000
2003-01-27,77.989998,79.500000,77.610001,78.419998,50.115540,9307800
2003-01-28,78.500000,80.470001,78.360001,80.110001,51.195576,8017400
2003-01-29,79.500000,80.699997,78.570000,80.320000,51.329777,7755000
2003-01-30,81.300003,81.300003,78.300003,78.300003,50.038864,7349500
2003-01-31,77.699997,78.339996,77.019997,78.199997,49.974953,9744100
2003-02-03,78.199997,78.870003,77.750000,78.180000,49.962181,6683500
2003-02-04,78.180000,78.180000,76.250000,77.089996,49.265587,7216200
2003-02-05,77.849998,78.900002,76.870003,77.260002,49.374241,7427200
2003-02-06,77.110001,78.199997,76.510002,77.510002,49.630363,7755200
2003-02-07,77.970001,78.150002,76.610001,77.099998,49.367825,8296400
2003-02-10,77.099998,78.019997,76.449997,77.910004,49.886482,7949100
2003-02-11,78.300003,78.970001,77.309998,77.389999,49.553520,8598200
2003-02-12,77.500000,78.089996,76.500000,76.500000,48.983662,5609200
2003-02-13,76.099998,76.349998,74.309998,75.860001,48.573856,11218400
2003-02-14,76.400002,77.449997,75.349998,77.449997,49.591949,8299500
2003-02-18,78.019997,79.500000,77.910004,79.330002,50.795723,7791200
2003-02-19,79.080002,79.699997,78.820000,79.510002,50.910980,5440300
2003-02-20,79.570000,80.050003,78.709999,79.150002,50.680473,6285100
2003-02-21,79.489998,80.000000,78.160004,79.949997,51.192715,7453900
2003-02-24,79.699997,79.989998,78.559998,78.559998,50.302685,6874700
2003-02-25,77.900002,79.370003,76.900002,79.070000,50.629238,7675900
2003-02-26,78.449997,79.050003,77.300003,77.400002,49.559914,8587000
2003-02-27,77.900002,78.589996,76.750000,77.279999,49.483078,9926500
2003-02-28,77.000000,78.470001,77.000000,77.949997,49.912094,6585200
2003-03-03,78.900002,79.000000,77.120003,77.330002,49.515087,6618300
2003-03-04,77.599998,77.750000,76.529999,76.699997,49.111702,5672200
2003-03-05,76.699997,77.730003,76.250000,77.730003,49.771221,6658000
2003-03-06,77.000000,77.779999,76.699997,77.070000,49.348618,5876300
2003-03-07,75.709999,77.989998,75.709999,77.900002,49.880085,8129200
2003-03-10,77.449997,77.449997,75.500000,75.699997,48.471401,6641300
2003-03-11,75.820000,76.330002,75.199997,75.349998,48.247288,8119200
2003-03-12,75.250000,75.629997,73.169998,75.180000,48.138443,12773700
2003-03-13,75.989998,78.680000,75.309998,78.449997,50.232254,10452500
2003-03-14,78.449997,79.480003,78.110001,79.000000,50.584415,10117700
2003-03-17,78.000000,82.669998,77.839996,82.459999,52.799877,15193000
2003-03-18,82.459999,83.500000,81.489998,82.470001,52.806286,10795400
2003-03-19,82.089996,82.500000,81.080002,82.000000,52.505352,10473100
2003-03-20,81.709999,82.489998,80.639999,82.199997,52.633415,9046400
2003-03-21,82.760002,84.900002,82.760002,84.900002,54.362228,12625400
2003-03-24,82.459999,83.349998,82.230003,82.250000,52.665440,9352600
2003-03-25,82.000000,84.000000,81.739998,83.449997,53.433777,8777100
2003-03-26,83.000000,83.250000,81.180000,81.550003,52.217213,10531600
2003-03-27,80.750000,82.330002,80.510002,81.449997,52.153183,7265800
2003-03-28,81.050003,81.989998,80.500000,80.849998,51.768993,6649200
2003-03-31,79.260002,79.610001,78.309998,78.430000,50.219440,10169200
2003-04-01,78.500000,79.559998,78.120003,78.730003,50.411560,7861400
2003-04-02,79.900002,81.970001,79.900002,81.459999,52.159580,9700100
2003-04-03,82.320000,83.480003,81.709999,81.910004,52.447685,9623600
2003-04-04,82.349998,82.550003,80.040001,80.790001,51.730572,8985000
2003-04-07,82.599998,82.900002,80.250000,80.470001,51.525658,8881400
2003-04-08,80.620003,80.699997,78.470001,80.070000,51.269569,8057600
2003-04-09,79.699997,80.739998,78.629997,78.709999,50.398697,8543200
2003-04-10,79.099998,79.250000,78.129997,79.010002,50.590820,6880100
2003-04-11,80.099998,81.290001,78.449997,78.750000,50.424343,7573500
2003-04-14,78.500000,80.070000,78.160004,80.070000,51.269569,9006000
2003-04-15,80.070000,82.849998,79.709999,82.790001,53.011185,13613500
2003-04-16,83.379997,84.400002,82.739998,82.879997,53.068802,10790700
2003-04-17,81.889999,84.400002,81.889999,84.260002,53.952446,8802100
2003-04-21,84.400002,84.510002,83.099998,83.360001,53.376171,6703400
2003-04-22,83.360001,86.059998,82.599998,85.629997,54.829632,9542600
2003-04-23,85.239998,85.970001,84.959999,85.750000,54.906506,7084500
2003-04-24,84.650002,85.699997,84.629997,85.199997,54.554314,5943500
2003-04-25,85.209999,85.279999,83.860001,83.879997,53.709103,6790700
2003-04-28,84.050003,85.500000,83.620003,85.120003,54.503117,6363600
2003-04-29,85.339996,86.489998,84.970001,85.660004,54.848888,8682900
2003-04-30,85.660004,85.669998,84.680000,84.900002,54.362228,8444900
2003-05-01,85.300003,86.230003,84.470001,85.889999,54.996147,7485700
2003-05-02,84.449997,87.570000,84.449997,87.570000,56.071842,8381900
2003-05-05,87.199997,88.000000,86.519997,86.519997,55.399536,7632500
2003-05-06,86.300003,88.339996,86.000000,87.510002,56.033447,7459600
2003-05-07,86.949997,87.809998,86.500000,86.680000,55.603657,6754600
2003-05-08,86.370003,86.779999,85.750000,86.050003,55.199532,7188200
2003-05-09,86.900002,87.699997,86.400002,87.550003,56.161736,6222600
2003-05-12,87.550003,89.260002,87.099998,89.000000,57.091900,8445700
2003-05-13,88.779999,90.099998,88.559998,89.980003,57.720562,8668300
2003-05-14,90.000000,90.400002,88.300003,88.699997,56.899445,7752200
2003-05-15,89.500000,89.959999,89.000000,89.900002,57.669220,7102900
2003-05-16,89.669998,89.889999,88.949997,88.989998,57.085464,6831600
2003-05-19,88.050003,88.470001,86.410004,86.449997,55.456100,7298400
2003-05-20,86.580002,87.239998,84.889999,85.769997,55.019905,7331900
2003-05-21,85.769997,86.180000,85.080002,86.180000,55.282913,6741000
2003-05-22,86.250000,86.800003,85.800003,86.080002,55.218761,6277300
2003-05-23,85.750000,85.949997,85.099998,85.260002,54.692768,5187200
2003-05-27,84.510002,87.900002,84.510002,87.690002,56.251549,7163400
2003-05-28,87.599998,88.699997,87.400002,87.570000,56.174549,6539900
2003-05-29,87.570000,88.589996,87.199997,87.360001,56.039867,6898900
2003-05-30,87.449997,88.680000,87.449997,88.040001,56.476048,6184200
2003-06-02,89.000000,89.080002,87.250000,87.330002,56.020618,7697200
2003-06-03,84.320000,85.239998,83.239998,83.820000,53.769016,21106600
2003-06-04,84.000000,84.959999,83.830002,84.250000,54.044857,10734400
2003-06-05,84.000000,84.250000,81.750000,81.900002,52.537373,15256300
2003-06-06,82.250000,83.230003,79.839996,80.050003,51.350624,15160900
2003-06-09,80.000000,82.000000,79.809998,82.000000,52.601528,9756300
2003-06-10,82.349998,82.919998,81.209999,81.709999,52.415478,8896000
2003-06-11,82.750000,84.150002,82.290001,83.970001,53.865246,9815800
2003-06-12,84.800003,84.980003,83.550003,83.949997,53.852398,7072400
2003-06-13,84.150002,84.290001,82.510002,82.750000,53.082661,5727500
2003-06-16,83.099998,84.550003,82.550003,84.500000,54.205246,6492100
2003-06-17,84.949997,84.949997,83.800003,84.300003,54.076931,5873700
2003-06-18,84.150002,84.989998,83.220001,84.699997,54.333527,5941400
2003-06-19,84.949997,85.290001,84.500000,84.550003,54.237309,7277100
2003-06-20,85.000000,85.239998,84.690002,84.919998,54.474632,11900000
2003-06-23,84.790001,84.790001,82.970001,83.180000,53.358490,6311600
2003-06-24,82.949997,84.180000,82.849998,83.629997,53.647129,5062800
2003-06-25,83.550003,84.160004,82.089996,82.489998,52.915836,5548000
2003-06-26,83.699997,84.379997,82.820000,84.349998,54.108997,6374400
2003-06-27,84.150002,84.650002,83.220001,83.419998,53.512417,4532900
2003-06-30,83.900002,84.199997,82.500000,82.500000,52.922260,7950900
2003-07-01,81.400002,83.660004,81.400002,83.589996,53.621475,5785800
2003-07-02,83.949997,84.889999,83.750000,84.739998,54.359184,6009700
2003-07-03,84.250000,84.690002,83.480003,83.949997,53.852398,3009500
2003-07-07,84.800003,86.449997,84.739998,86.089996,55.225174,7614900
2003-07-08,86.089996,86.750000,85.190002,86.250000,55.327827,5873900
2003-07-09,86.099998,86.349998,84.849998,85.470001,54.827473,6709700
2003-07-10,85.000000,85.220001,83.470001,84.029999,53.903725,7509200
2003-07-11,84.099998,85.279999,83.699997,84.889999,54.455406,4534700
2003-07-14,86.000000,86.580002,85.419998,85.419998,54.795372,6455200
2003-07-15,86.150002,87.000000,85.820000,86.440002,55.449703,7910400
2003-07-16,87.000000,87.029999,85.849998,86.739998,55.642143,8837600
2003-07-17,82.699997,83.940002,82.500000,83.330002,53.454700,13515700
2003-07-18,83.849998,84.019997,83.209999,83.720001,53.704876,8567200
2003-07-21,83.199997,83.430000,82.209999,82.500000,52.922260,7036100
2003-07-22,82.500000,83.260002,81.519997,81.849998,52.505302,8744300
2003-07-23,82.000000,82.769997,81.730003,82.300003,52.793972,5326800
2003-07-24,82.949997,82.989998,81.510002,81.510002,52.287189,5859100
2003-07-25,81.599998,83.739998,81.570000,83.550003,53.595821,6204700
2003-07-28,83.669998,83.699997,82.040001,82.540001,52.947910,6423500
2003-07-29,82.550003,82.879997,81.599998,81.800003,52.473228,7282700
2003-07-30,82.449997,82.449997,80.580002,80.959999,51.934380,6654600
2003-07-31,81.800003,82.540001,81.099998,81.250000,52.120407,8050300
2003-08-01,81.150002,81.269997,80.050003,81.269997,52.133236,6475400
2003-08-04,80.750000,81.360001,80.059998,81.129997,52.043430,5888000
2003-08-05,81.129997,81.330002,79.800003,79.849998,51.222324,7018100
2003-08-06,79.699997,80.680000,78.730003,79.750000,51.260906,7472200
2003-08-07,79.690002,80.820000,79.379997,80.690002,51.865101,5298500
2003-08-08,81.050003,81.269997,80.349998,80.879997,51.987225,4613800
2003-08-11,80.870003,81.500000,80.279999,81.019997,52.077232,4261200
2003-08-12,81.449997,81.540001,80.650002,81.510002,52.392178,4634200
2003-08-13,81.650002,82.190002,80.580002,81.199997,52.192917,5138400
2003-08-14,81.000000,81.750000,80.690002,81.559998,52.424290,4562700
2003-08-15,81.800003,81.980003,81.199997,81.790001,52.572124,3623600
2003-08-18,82.050003,83.680000,81.900002,83.519997,53.684151,6847200
2003-08-19,83.099998,83.809998,82.559998,82.849998,53.253460,6318300
2003-08-20,82.000000,83.309998,82.000000,83.050003,53.382027,4829900
2003-08-21,83.389999,83.849998,82.849998,82.849998,53.253460,5185200
2003-08-22,84.250000,84.720001,82.959999,82.970001,53.330624,7434900
2003-08-25,82.849998,83.029999,81.750000,81.959999,52.681408,5150900
2003-08-26,81.650002,82.540001,81.269997,82.500000,53.028515,5569600
2003-08-27,82.000000,82.529999,81.900002,82.000000,52.707161,3834100
2003-08-28,82.000000,82.339996,81.269997,81.900002,52.642860,5516300
2003-08-29,81.949997,82.110001,81.559998,82.010002,52.713581,4222700
2003-09-02,82.400002,85.959999,82.300003,85.760002,55.123966,12406400
2003-09-03,86.239998,87.300003,86.000000,86.330002,55.490307,10835700
2003-09-04,86.330002,88.290001,85.690002,87.910004,56.505905,9889100
2003-09-05,87.000000,88.260002,86.750000,86.949997,55.888855,7896600
2003-09-08,88.449997,89.660004,88.349998,89.099998,57.270786,9213400
2003-09-09,89.199997,89.970001,88.930000,89.419998,57.476479,8102500
2003-09-10,88.989998,89.000000,87.610001,87.839996,56.460884,7322600
2003-09-11,86.750000,88.419998,86.400002,87.919998,56.512333,9753500
2003-09-12,87.599998,89.010002,87.199997,88.699997,57.013668,7209200
2003-09-15,89.699997,89.959999,88.389999,88.489998,56.878708,7305400
2003-09-16,88.489998,90.410004,88.489998,90.290001,58.035721,7896100
2003-09-17,90.400002,91.940002,90.199997,90.629997,58.254227,9086600
2003-09-18,90.629997,92.430000,90.459999,92.000000,59.134838,8338700
2003-09-19,92.449997,93.470001,91.800003,93.279999,59.957569,9412500
2003-09-22,92.239998,92.239998,90.900002,91.389999,58.742764,7302600
2003-09-23,91.500000,92.089996,90.559998,91.339996,58.710583,7935200
2003-09-24,91.080002,91.820000,89.330002,89.400002,57.463623,7575800
2003-09-25,89.400002,90.970001,89.199997,89.410004,57.470028,6585500
2003-09-26,89.410004,90.139999,89.000000,89.050003,57.238647,5095800
2003-09-29,89.250000,90.180000,89.070000,89.449997,57.495747,5723200
2003-09-30,89.199997,89.250000,87.900002,88.330002,56.775879,7056700
2003-10-01,88.750000,90.599998,88.699997,90.349998,58.074261,7925200
2003-10-02,89.550003,90.449997,89.220001,90.080002,57.900700,7428300
2003-10-03,91.000000,91.949997,90.570000,90.639999,58.260670,7479300
2003-10-06,90.739998,91.760002,90.510002,91.180000,58.607738,3845400
2003-10-07,90.500000,91.699997,90.400002,91.699997,58.941971,5369800
2003-10-08,92.000000,92.870003,91.949997,92.660004,59.559071,6418900
2003-10-09,93.300003,93.599998,92.199997,92.449997,59.424088,7593000
2003-10-10,92.400002,93.180000,92.360001,92.669998,59.565502,4500500
2003-10-13,93.099998,93.540001,92.580002,93.199997,59.906128,4839200
2003-10-14,92.650002,92.949997,92.320000,92.720001,59.597645,4699500
2003-10-15,93.900002,94.540001,92.739998,92.739998,59.610466,11558700
2003-10-16,89.269997,89.699997,88.660004,89.279999,57.386501,16994000
2003-10-17,89.279999,89.680000,88.809998,89.230003,57.354343,9506200
2003-10-20,89.349998,89.400002,88.860001,89.000000,57.206520,6971300
2003-10-21,89.250000,89.339996,88.699997,88.930000,57.161495,5287100
2003-10-22,88.300003,89.010002,87.900002,88.459999,56.859432,5600100
2003-10-23,87.599998,88.400002,87.529999,88.150002,56.660160,6046400
2003-10-24,88.150002,88.639999,87.720001,88.419998,56.833717,5471700
2003-10-27,88.800003,89.099998,88.050003,88.519997,56.897984,5099200
2003-10-28,89.050003,89.900002,88.519997,89.900002,57.785019,6959000
2003-10-29,89.599998,89.940002,89.150002,89.339996,57.425060,5180700
2003-10-30,90.000000,90.169998,89.059998,89.120003,57.283649,6535700
2003-10-31,90.709999,90.709999,89.199997,89.480003,57.515068,4836200
2003-11-03,89.900002,90.839996,89.480003,89.680000,57.643604,5825200
2003-11-04,89.680000,89.800003,88.860001,89.139999,57.296505,5146100
2003-11-05,88.519997,88.879997,88.000000,88.489998,56.878708,6296300
2003-11-06,88.330002,89.589996,87.720001,89.339996,57.529079,5668600
2003-11-07,89.400002,89.599998,88.260002,88.260002,56.833630,5543500
2003-11-10,89.550003,90.470001,89.550003,89.949997,57.921856,8349700
2003-11-11,90.000000,90.029999,88.889999,89.360001,57.541950,4841200
2003-11-12,89.449997,91.160004,89.309998,90.690002,58.398399,5901700
2003-11-13,90.400002,91.480003,90.160004,91.089996,58.655960,5277900
2003-11-14,91.019997,91.419998,89.809998,90.250000,58.115063,4510200
2003-11-17,89.900002,90.050003,89.029999,89.800003,57.825272,4748200
2003-11-18,89.919998,90.180000,88.900002,88.949997,57.277943,5284300
2003-11-19,88.320000,89.830002,88.320000,89.400002,57.567722,4156600
2003-11-20,89.300003,89.790001,88.379997,88.389999,56.917355,5111000
2003-11-21,88.400002,88.849998,88.230003,88.629997,57.071892,5935400
2003-11-24,89.029999,89.739998,88.949997,89.660004,57.735161,4722200
2003-11-25,89.660004,89.849998,89.269997,89.430000,57.587009,4305700
2003-11-26,89.790001,90.089996,89.110001,89.910004,57.896111,4146800
2003-11-28,89.900002,90.680000,89.620003,90.540001,58.301815,2195500
2003-12-01,90.900002,91.360001,90.480003,91.010002,58.604462,5234900
2003-12-02,90.570000,91.480003,90.519997,90.750000,58.437038,5091800
2003-12-03,91.150002,91.440002,90.300003,90.300003,58.147243,6169800
2003-12-04,90.050003,91.440002,90.029999,91.419998,58.868465,5360400
2003-12-05,91.300003,91.300003,90.500000,90.639999,58.366199,5878400
2003-12-08,90.519997,91.470001,90.519997,91.199997,58.726791,5342000
2003-12-09,91.150002,92.160004,90.610001,90.629997,58.359753,6971500
2003-12-10,90.690002,92.739998,90.650002,91.730003,59.068073,7138000
2003-12-11,91.959999,92.970001,91.919998,92.400002,59.499527,6412100
2003-12-12,92.699997,93.160004,92.239998,92.709999,59.699150,5079800
2003-12-15,93.430000,93.970001,92.080002,92.110001,59.312771,5964500
2003-12-16,92.110001,94.120003,91.879997,93.980003,60.516937,7501100
2003-12-17,93.849998,93.870003,92.849998,93.400002,60.143452,6052900
2003-12-18,93.000000,93.379997,92.500000,92.730003,59.712032,6873600
2003-12-19,93.230003,93.250000,92.669998,93.139999,59.976025,7090500
2003-12-22,92.830002,93.500000,92.779999,93.389999,60.136993,4332100
2003-12-23,93.070000,93.440002,92.339996,92.790001,59.750664,3677000
2003-12-24,92.800003,92.800003,92.180000,92.269997,59.415825,1760500
2003-12-26,92.370003,93.000000,92.300003,92.900002,59.821491,1408500
2003-12-29,93.099998,93.730003,93.029999,93.519997,60.220715,4033900
2003-12-30,93.269997,93.500000,92.360001,92.629997,59.647633,4003400
2003-12-31,92.660004,92.849998,92.160004,92.680000,59.679798,4726900
2004-01-02,92.860001,93.050003,91.199997,91.550003,58.952194,5327800
2004-01-05,92.000000,93.089996,92.000000,93.050003,59.918064,5276300
2004-01-06,92.199997,93.190002,92.139999,93.059998,59.924522,4380000
2004-01-07,93.139999,93.379997,92.470001,92.779999,59.744186,4927600
2004-01-08,93.209999,93.209999,92.029999,93.040001,59.911636,6179800
2004-01-09,91.750000,92.349998,91.000000,91.209999,58.733231,7930900
2004-01-12,91.209999,92.139999,91.209999,91.550003,58.952194,5130400
2004-01-13,91.449997,91.510002,89.010002,89.699997,57.760918,8842500
2004-01-14,89.900002,90.459999,89.750000,90.309998,58.153702,5505100
2004-01-15,95.070000,95.650002,93.550003,94.019997,60.542683,19812000
2004-01-16,95.000000,95.349998,94.709999,95.320000,61.379803,9302000
2004-01-20,96.000000,97.440002,95.730003,97.099998,62.526009,9285100
2004-01-21,97.230003,98.040001,96.639999,97.699997,62.912334,6949000
2004-01-22,97.839996,98.160004,97.320000,97.510002,62.790031,4371600
2004-01-23,97.820000,98.209999,97.099998,97.900002,63.041161,5283900
2004-01-26,97.900002,99.849998,97.559998,99.849998,64.296806,6189400
2004-01-27,99.400002,99.669998,98.699997,98.800003,63.620701,5345300
2004-01-28,99.150002,99.419998,97.279999,97.379997,62.706284,6549700
2004-01-29,98.099998,98.599998,96.550003,98.010002,63.112007,6642500
2004-01-30,98.019997,99.330002,97.839996,99.230003,63.897602,6137600
2004-02-02,99.150002,99.940002,98.500000,99.389999,64.000641,6200000
2004-02-03,99.000000,100.000000,98.949997,100.000000,64.393425,5604300
2004-02-04,99.379997,100.430000,99.300003,100.190002,64.515755,8387500
2004-02-05,100.000000,100.089996,98.260002,98.860001,63.659351,5975000
2004-02-06,98.849998,99.239998,98.250000,98.940002,63.814133,5516900
2004-02-09,99.309998,99.440002,98.599998,98.949997,63.820576,3742400
2004-02-10,98.449997,99.970001,98.410004,99.610001,64.246262,4057500
2004-02-11,99.199997,100.309998,98.800003,99.959999,64.471985,5505700
2004-02-12,100.059998,100.300003,99.300003,99.300003,64.046318,3611500
2004-02-13,99.099998,100.089996,99.080002,99.709999,64.310776,3562400
2004-02-17,99.989998,100.000000,99.320000,99.370003,64.091476,3930400
2004-02-18,99.309998,99.769997,98.150002,98.419998,63.478729,4830300
2004-02-19,98.419998,99.230003,97.519997,97.800003,63.078846,5447200
2004-02-20,98.599998,98.599998,97.190002,97.309998,62.762794,5690200
2004-02-23,97.400002,97.510002,95.459999,95.959999,61.892097,6629100
2004-02-24,95.199997,97.459999,95.199997,96.790001,62.427422,7008300
2004-02-25,96.500000,97.089996,96.230003,96.540001,62.266182,3362500
2004-02-26,96.269997,97.260002,96.250000,96.790001,62.427422,3965700
2004-02-27,96.800003,97.379997,96.099998,96.500000,62.240360,4715000
2004-03-01,96.500000,97.250000,96.150002,97.040001,62.588669,4454000
2004-03-02,97.599998,97.599998,96.620003,96.820000,62.446781,4976200
2004-03-03,96.570000,96.889999,95.599998,96.839996,62.459698,4806500
2004-03-04,96.580002,96.919998,96.129997,96.389999,62.169418,3547900
2004-03-05,95.949997,96.980003,95.559998,96.449997,62.208130,3970900
2004-03-08,96.489998,96.879997,94.589996,94.589996,61.008457,5084200
2004-03-09,94.300003,95.279999,93.769997,94.529999,60.969788,6390600
2004-03-10,94.379997,94.739998,92.680000,93.059998,60.021664,6536300
2004-03-11,92.000000,92.980003,91.150002,91.209999,58.828445,8560800
2004-03-12,92.000000,93.379997,91.680000,93.300003,60.176456,6290600
2004-03-15,92.599998,92.690002,90.879997,91.820000,59.221897,6523000
2004-03-16,92.400002,92.699997,91.419998,92.449997,59.628231,4627600
2004-03-17,92.570000,93.790001,92.449997,93.389999,60.234486,4663000
2004-03-18,93.050003,93.180000,91.900002,92.849998,59.886215,4605200
2004-03-19,92.860001,92.970001,91.510002,91.620003,59.092892,7058700
2004-03-22,91.269997,91.480003,90.279999,91.019997,58.705887,6223500
2004-03-23,91.599998,92.160004,90.680000,91.320000,58.899395,5065300
2004-03-24,91.570000,92.489998,91.040001,91.769997,59.189617,6210400
2004-03-25,92.150002,92.629997,91.449997,92.389999,59.589504,5585800
2004-03-26,92.389999,93.250000,92.160004,92.769997,59.834618,4397700
2004-03-29,92.989998,93.610001,92.180000,92.680000,59.776562,4876300
2004-03-30,92.669998,92.669998,91.349998,92.320000,59.544373,5415700
2004-03-31,92.070000,92.239998,91.510002,91.839996,59.234787,4613500
2004-04-01,91.669998,92.680000,91.620003,92.370003,59.576626,4246900
2004-04-02,93.550003,94.550003,93.330002,94.199997,60.756954,5894500
2004-04-05,93.949997,94.370003,93.510002,94.180000,60.744034,3936000
2004-04-06,93.599998,93.790001,93.019997,93.699997,60.434437,3860100
2004-04-07,93.370003,93.580002,92.510002,93.080002,60.034569,4537300
2004-04-08,94.000000,94.389999,92.550003,93.120003,60.060368,3868000
2004-04-12,93.500000,94.360001,93.400002,93.739998,60.460224,3112600
2004-04-13,93.790001,94.040001,92.500000,93.040001,60.008747,5013600
2004-04-14,92.099998,93.860001,92.099998,93.699997,60.434437,5316300
2004-04-15,93.800003,94.089996,93.059998,93.449997,60.273201,6844200
2004-04-16,92.300003,92.349998,91.040001,92.279999,59.518543,11118000
2004-04-19,91.900002,92.300003,91.699997,91.940002,59.299282,4159400
2004-04-20,92.000000,92.480003,90.650002,90.650002,58.467266,4260200
2004-04-21,91.150002,91.419998,90.690002,91.260002,58.860699,4623400
2004-04-22,90.500000,91.510002,89.699997,90.739998,58.525322,7988000
2004-04-23,91.000000,91.610001,90.360001,91.279999,58.873619,5063200
2004-04-26,90.750000,91.559998,90.349998,90.430000,58.325378,4533600
2004-04-27,90.650002,91.989998,90.559998,91.110001,58.763939,4768000
2004-04-28,90.300003,90.980003,90.209999,90.410004,58.312473,4706000
2004-04-29,90.010002,90.260002,88.190002,89.080002,57.454647,7763200
2004-04-30,89.010002,89.199997,88.010002,88.169998,56.867718,5019500
2004-05-03,88.129997,88.519997,87.199997,88.019997,56.770966,6070100
2004-05-04,88.019997,89.739998,88.000000,89.000000,57.403049,5451800
2004-05-05,89.750000,89.750000,88.510002,88.959999,57.377243,4402300
2004-05-06,88.099998,89.099998,87.589996,88.360001,57.105801,4319100
2004-05-07,87.750000,89.400002,87.620003,88.190002,56.995945,5407400
2004-05-10,87.599998,88.099998,86.370003,86.879997,56.149300,6692400
2004-05-11,87.199997,88.150002,86.820000,87.129997,56.310875,6575000
2004-05-12,87.250000,87.250000,85.120003,86.809998,56.104053,8445800
2004-05-13,86.790001,87.410004,86.260002,87.190002,56.349659,4708400
2004-05-14,86.650002,87.349998,86.070000,86.410004,55.845554,5197800
2004-05-17,85.300003,86.029999,85.150002,85.529999,55.276814,5700000
2004-05-18,86.080002,86.489998,86.000000,86.059998,55.619335,4401100
2004-05-19,87.400002,88.879997,86.500000,87.050003,56.259178,7431800
2004-05-20,87.059998,87.949997,87.050003,87.419998,56.498299,4031500
2004-05-21,87.589996,88.180000,86.910004,87.129997,56.310875,5130000
2004-05-24,87.750000,87.839996,86.550003,87.099998,56.291481,3778100
2004-05-25,86.750000,88.919998,86.550003,88.699997,57.325554,5358100
2004-05-26,88.639999,88.849998,88.040001,88.349998,57.099350,4308200
2004-05-27,88.750000,89.080002,87.980003,88.589996,57.254452,4094600
2004-05-28,88.480003,88.849998,88.250000,88.589996,57.254452,3203800
2004-06-01,88.000000,88.480003,87.300003,88.120003,56.950691,4884300
2004-06-02,88.639999,88.639999,87.889999,87.980003,56.860214,3912600
2004-06-03,87.849998,88.099998,87.349998,87.349998,56.453072,3011500
2004-06-04,87.949997,88.489998,87.500000,87.559998,56.588806,3803400
2004-06-07,88.750000,88.989998,88.010002,88.639999,57.286755,4264500
2004-06-08,88.639999,90.500000,88.400002,90.040001,58.191593,5400300
2004-06-09,89.900002,90.550003,89.809998,90.089996,58.223881,5233400
2004-06-10,90.230003,90.750000,89.889999,90.459999,58.463013,3468700
2004-06-14,90.050003,90.580002,89.620003,90.070000,58.210957,4121400
2004-06-15,90.489998,91.209999,90.230003,90.540001,58.514694,4508300
2004-06-16,90.250000,90.930000,90.089996,90.379997,58.411285,3145700
2004-06-17,90.500000,90.559998,90.070000,90.440002,58.450104,4180200
2004-06-18,90.199997,90.800003,89.900002,90.059998,58.204487,6470800
2004-06-21,90.400002,90.430000,89.309998,89.489998,57.836124,3843400
2004-06-22,89.279999,90.239998,89.129997,90.019997,58.178646,4149300
2004-06-23,90.099998,90.839996,89.839996,90.790001,58.676262,4354700
2004-06-24,90.279999,90.919998,89.839996,89.989998,58.159233,4069400
2004-06-25,89.949997,90.230003,88.940002,89.550003,57.874897,5604700
2004-06-28,89.709999,89.900002,88.360001,88.709999,57.332035,4423200
2004-06-29,88.349998,88.489998,87.900002,88.290001,57.060551,4394800
2004-06-30,88.300003,88.500000,87.699997,88.150002,56.970093,4724000
2004-07-01,88.279999,88.440002,86.570000,87.500000,56.550022,5093900
2004-07-02,87.449997,87.550003,86.599998,87.040001,56.252705,2874500
2004-07-06,86.500000,86.730003,85.129997,85.699997,55.386677,6408100
2004-07-07,85.300003,85.940002,85.050003,85.349998,55.160484,5677300
2004-07-08,85.000000,85.010002,83.580002,83.650002,54.061787,7529000
2004-07-09,84.400002,84.500000,83.510002,83.889999,54.216915,6595200
2004-07-12,84.000000,85.250000,83.419998,84.099998,54.352631,6009200
2004-07-13,85.900002,86.089996,85.199997,85.250000,55.095848,6001000
2004-07-14,84.839996,85.239998,83.779999,84.129997,54.372009,6298600
2004-07-15,84.129997,84.629997,83.610001,84.019997,54.300911,7086500
2004-07-16,86.050003,86.480003,84.279999,84.279999,54.468960,10441400
2004-07-19,84.500000,85.849998,84.400002,85.300003,55.128166,6596000
2004-07-20,85.629997,86.489998,85.300003,86.360001,55.813236,5651300
2004-07-21,86.750000,87.110001,85.300003,85.300003,55.128166,5534000
2004-07-22,85.000000,86.400002,84.680000,86.059998,55.619335,5972600
2004-07-23,85.699997,86.059998,84.500000,84.849998,54.837341,4309400
2004-07-26,84.849998,85.580002,84.510002,85.089996,54.992458,4517500
2004-07-27,85.599998,86.300003,85.449997,85.879997,55.503017,4098500
2004-07-28,85.879997,86.279999,84.879997,85.849998,55.483650,6566200
2004-07-29,86.250000,87.220001,86.230003,86.769997,56.078201,4232300
2004-07-30,86.449997,87.400002,86.389999,87.070000,56.272099,3508500
2004-08-02,86.870003,87.389999,86.419998,86.690002,56.026512,3408400
2004-08-03,86.699997,86.800003,85.440002,85.709999,55.393158,4147200
2004-08-04,85.300003,86.650002,85.250000,85.970001,55.561169,4160600
2004-08-05,85.970001,86.419998,85.010002,85.190002,55.057091,3879900
2004-08-06,84.379997,84.760002,83.419998,83.480003,54.066170,5219200
2004-08-09,83.480003,83.959999,82.870003,83.550003,54.111507,3621100
2004-08-10,84.000000,84.989998,83.809998,84.989998,55.044113,4351000
2004-08-11,83.699997,83.980003,83.099998,83.690002,54.202187,5288000
2004-08-12,83.050003,83.050003,81.900002,82.209999,53.243656,7134900
2004-08-13,82.540001,83.940002,82.510002,83.910004,54.344666,5801900
2004-08-16,83.699997,84.559998,83.510002,84.019997,54.415913,4361500
2004-08-17,84.099998,84.540001,83.660004,84.040001,54.428852,3559400
2004-08-18,83.599998,85.129997,83.570000,85.129997,55.134811,4397500
2004-08-19,84.750000,85.349998,84.449997,84.889999,54.979382,4704500
2004-08-20,84.519997,85.250000,84.519997,85.250000,55.212502,4501400
2004-08-23,85.230003,85.449997,84.650002,84.650002,54.823910,4260600
2004-08-24,85.000000,85.150002,84.349998,84.709999,54.862782,2710400
2004-08-25,85.000000,85.269997,84.550003,85.070000,55.095955,4405600
2004-08-26,85.000000,85.040001,84.690002,84.690002,54.849850,3134400
2004-08-27,84.650002,84.949997,84.589996,84.940002,55.011749,2444800
2004-08-30,84.570000,84.989998,84.389999,84.400002,54.662033,2277900
2004-08-31,84.550003,84.690002,83.650002,84.690002,54.849850,3399500
2004-09-01,84.050003,85.089996,84.010002,84.220001,54.545433,4748500
2004-09-02,84.220001,84.779999,83.849998,84.570000,54.772121,3380400
2004-09-03,84.300003,84.690002,83.959999,84.389999,54.655540,3479800
2004-09-07,84.699997,85.440002,84.599998,84.970001,55.031181,4002800
2004-09-08,84.900002,86.510002,84.879997,85.860001,55.607586,5721200
2004-09-09,85.860001,86.790001,85.860001,86.440002,55.983208,4517400
2004-09-10,86.430000,87.000000,86.250000,86.760002,56.190495,3753500
2004-09-13,87.000000,87.279999,86.080002,86.489998,56.015598,4801400
2004-09-14,86.599998,86.879997,86.150002,86.720001,56.164581,3953500
2004-09-15,85.940002,86.500000,85.889999,86.370003,55.937897,4631200
2004-09-16,86.199997,86.959999,85.930000,86.120003,55.775974,3623000
2004-09-17,86.400002,86.500000,85.440002,85.739998,55.529881,6198700
2004-09-20,85.400002,86.430000,85.400002,85.699997,55.503952,4380400
2004-09-21,85.699997,86.110001,85.339996,85.720001,55.516918,4049700
2004-09-22,85.349998,85.440002,84.169998,84.309998,54.603745,5037100
2004-09-23,84.040001,84.269997,83.239998,83.879997,54.325218,4801200
2004-09-24,83.800003,84.739998,83.779999,84.430000,54.681454,4899500
2004-09-27,84.099998,84.440002,83.980003,84.160004,54.506573,4650300
2004-09-28,84.349998,84.650002,83.879997,84.480003,54.713840,3874200
2004-09-29,84.480003,84.980003,84.150002,84.980003,55.037655,4204500
2004-09-30,85.139999,85.980003,85.010002,85.739998,55.529881,5198000
2004-10-01,85.949997,86.980003,85.879997,86.720001,56.164581,4538000
2004-10-04,87.000000,88.099998,86.720001,87.160004,56.449539,5001400
2004-10-05,87.949997,88.029999,87.129997,87.320000,56.553169,5150700
2004-10-06,87.139999,88.099998,87.099998,88.040001,57.019470,3984400
2004-10-07,88.040001,88.099998,87.400002,87.419998,56.617916,3076900
2004-10-08,87.430000,87.910004,86.510002,86.709999,56.158081,4090000
2004-10-11,86.769997,87.199997,86.269997,86.629997,56.106281,3016300
2004-10-12,86.019997,86.199997,85.580002,86.000000,55.698246,4626600
2004-10-13,86.260002,86.480003,84.430000,84.980003,55.037655,6651400
2004-10-14,84.750000,84.980003,84.300003,84.779999,54.908108,4233700
2004-10-15,84.779999,85.250000,84.599998,84.849998,54.953457,5928500
2004-10-18,84.300003,86.150002,84.290001,85.919998,55.646458,7182600
2004-10-19,88.199997,89.730003,88.000000,89.370003,57.880848,13692200
2004-10-20,88.449997,89.190002,88.290001,88.820000,57.524651,6926800
2004-10-21,88.400002,88.760002,87.660004,88.099998,57.058346,6137500
2004-10-22,88.220001,88.449997,87.290001,87.389999,56.598492,5988700
2004-10-25,87.360001,88.900002,87.309998,88.430000,57.272060,5774500
2004-10-26,88.330002,89.570000,88.250000,89.000000,57.641247,7335800
2004-10-27,88.580002,90.269997,88.500000,90.000000,58.288860,6035100
2004-10-28,89.800003,90.239998,89.430000,89.500000,57.965061,4226500
2004-10-29,89.400002,89.900002,88.949997,89.750000,58.126961,4518500
2004-11-01,89.330002,90.599998,89.230003,90.110001,58.360111,5160600
2004-11-02,89.550003,91.220001,89.500000,90.470001,58.593258,5388700
2004-11-03,91.250000,91.900002,90.970001,91.199997,59.066067,6553300
2004-11-04,91.050003,92.699997,90.820000,92.379997,59.830292,6951600
2004-11-05,92.400002,93.519997,92.400002,93.279999,60.413181,6708400
2004-11-08,92.500000,93.699997,92.500000,93.370003,60.588387,4907300
2004-11-09,93.000000,93.949997,93.000000,93.370003,60.588387,4513100
2004-11-10,92.919998,94.300003,92.919998,93.610001,60.744122,6258400
2004-11-11,93.599998,95.220001,93.540001,94.790001,61.509850,7453400
2004-11-12,94.660004,95.500000,94.559998,95.320000,61.853764,4958400
2004-11-15,95.080002,96.000000,94.800003,95.919998,62.243076,4887600
2004-11-16,95.250000,95.500000,94.650002,94.889999,61.574745,5684100
2004-11-17,95.300003,96.629997,95.300003,95.459999,61.944599,6353200
2004-11-18,95.360001,95.699997,95.029999,95.099998,61.711006,4655900
2004-11-19,94.949997,95.160004,94.250000,94.449997,61.289211,5679100
2004-11-22,94.300003,95.400002,94.160004,95.110001,61.717464,5814100
2004-11-23,94.699997,95.370003,94.550003,95.279999,61.827812,5529900
2004-11-24,95.040001,95.790001,95.040001,95.459999,61.944599,3750600
2004-11-26,95.050003,95.379997,94.580002,94.720001,61.464420,2204300
2004-11-29,94.940002,96.379997,94.940002,95.500000,61.970551,5699800
2004-11-30,95.150002,95.650002,94.239998,94.239998,61.152950,5870300
2004-12-01,94.500000,96.070000,94.470001,95.879997,62.217167,5664500
2004-12-02,95.650002,96.779999,95.489998,95.760002,62.139278,5152300
2004-12-03,96.550003,97.629997,96.550003,97.080002,62.995838,7026800
2004-12-06,96.879997,97.900002,96.650002,97.669998,63.378689,5263000
2004-12-07,97.699997,98.250000,95.989998,96.099998,62.359909,6477100
2004-12-08,96.430000,97.349998,95.769997,96.650002,62.716831,5310700
2004-12-09,96.199997,97.599998,95.709999,97.510002,63.274876,5713700
2004-12-10,96.099998,97.989998,96.099998,96.669998,62.729763,4188300
2004-12-13,96.849998,97.199997,96.080002,96.449997,62.587025,4799500
2004-12-14,96.300003,97.699997,96.290001,97.309998,63.145065,4493200
2004-12-15,96.919998,97.699997,96.809998,97.330002,63.158054,3914500
2004-12-16,96.800003,98.150002,96.800003,97.449997,63.235943,5660100
2004-12-17,97.000000,98.000000,96.199997,96.199997,62.424770,8853100
2004-12-20,96.349998,97.570000,96.349998,96.550003,62.651932,4769900
2004-12-21,96.589996,97.150002,96.510002,97.019997,62.956894,4841800
2004-12-22,97.349998,97.980003,97.290001,97.610001,63.339756,4950100
2004-12-23,97.500000,98.000000,97.500000,97.720001,63.411125,3590600
2004-12-27,97.690002,97.970001,97.379997,97.500000,63.268383,3262900
2004-12-28,97.400002,98.550003,97.370003,98.300003,63.787510,4336400
2004-12-29,97.809998,98.470001,97.800003,98.180000,63.709614,3296300
2004-12-30,98.099998,99.000000,98.070000,98.300003,63.787510,3812400
2004-12-31,98.599998,98.910004,98.489998,98.580002,63.969193,2793200
2005-01-03,98.970001,99.099998,97.250000,97.750000,63.430576,5295200
2005-01-04,97.739998,98.419998,96.519997,96.699997,62.749245,5711000
2005-01-05,96.599998,97.830002,96.400002,96.500000,62.619469,5646700
2005-01-06,96.540001,96.980003,96.050003,96.199997,62.424770,4561700
2005-01-07,96.500000,96.800003,95.470001,95.779999,62.152283,6200700
2005-01-10,95.779999,96.089996,95.239998,95.680000,62.087345,4625100
2005-01-11,95.680000,95.790001,94.709999,95.000000,61.646114,4746400
2005-01-12,95.000000,95.279999,94.059998,95.209999,61.782394,5828600
2005-01-13,95.389999,96.199997,93.699997,94.449997,61.289211,5339400
2005-01-14,94.010002,94.250000,93.550003,94.099998,61.062103,5520800
2005-01-18,93.650002,95.339996,93.620003,94.900002,61.581226,8492100
2005-01-19,94.949997,95.150002,92.930000,93.099998,60.413189,7352700
2005-01-20,92.610001,93.839996,92.599998,93.000000,60.348297,5708600
2005-01-21,93.000000,93.300003,92.230003,92.379997,59.945938,7002600
2005-01-24,92.699997,92.849998,91.760002,91.790001,59.563133,6537300
2005-01-25,91.980003,92.589996,91.949997,92.190002,59.822708,5070700
2005-01-26,92.300003,92.870003,91.940002,91.949997,59.666939,5352000
2005-01-27,91.500000,92.220001,91.440002,91.980003,59.686428,4746900
2005-01-28,92.680000,93.589996,92.480003,92.889999,60.276924,5960600
2005-01-31,93.650002,93.949997,93.050003,93.419998,60.620861,4759900
2005-02-01,93.669998,94.000000,93.370003,93.860001,60.906349,3637400
2005-02-02,93.779999,94.349998,93.629997,94.300003,61.191860,3597400
2005-02-03,93.870003,93.940002,93.059998,93.540001,60.698692,3928700
2005-02-04,93.010002,94.739998,93.000000,94.510002,61.328159,3807600
2005-02-07,94.349998,94.900002,94.330002,94.529999,61.341110,2837800
2005-02-08,94.209999,94.639999,94.129997,94.129997,61.198074,3541100
2005-02-09,94.139999,94.830002,92.540001,92.699997,60.268391,5657100
2005-02-10,92.949997,93.099998,92.300003,92.760002,60.307407,4838400
2005-02-11,92.699997,93.970001,92.500000,93.300003,60.658455,4229300
2005-02-14,93.160004,94.019997,93.160004,93.570000,60.834000,2868800
2005-02-15,93.500000,94.669998,93.480003,94.330002,61.328117,4148000
2005-02-16,94.230003,94.970001,94.199997,94.620003,61.516647,4466500
2005-02-17,94.500000,94.760002,93.739998,93.750000,60.951057,4254200
2005-02-18,93.750000,94.250000,92.900002,93.269997,60.638977,4265300
2005-02-22,92.669998,93.500000,92.230003,92.320000,60.021324,4825100
2005-02-23,92.290001,92.440002,91.550003,92.099998,59.878284,5622800
2005-02-24,91.980003,93.089996,91.849998,92.639999,60.229347,4153900
2005-02-25,92.349998,92.800003,92.290001,92.800003,60.333408,4078500
2005-02-28,92.529999,92.760002,92.410004,92.580002,60.190361,4949800
2005-03-01,92.639999,93.430000,92.589996,93.300003,60.658455,3819900
2005-03-02,92.750000,93.730003,92.750000,92.919998,60.411427,4467400
2005-03-03,93.150002,93.209999,92.199997,92.410004,60.079819,4037800
2005-03-04,92.940002,93.180000,92.360001,92.370003,60.053814,4754000
2005-03-07,92.349998,92.510002,91.589996,91.599998,59.553234,7046900
2005-03-08,91.699997,92.559998,91.699997,92.129997,59.897793,5087800
2005-03-09,92.019997,93.000000,92.010002,92.349998,60.040844,4511200
2005-03-10,92.349998,92.800003,92.089996,92.410004,60.079819,3422500
2005-03-11,92.250000,92.410004,91.199997,91.510002,59.494705,4494300
2005-03-14,91.500000,92.040001,91.500000,91.900002,59.748272,3935500
2005-03-15,92.000000,92.269997,91.199997,91.379997,59.410168,3663100
2005-03-16,90.739998,91.400002,90.250000,90.650002,58.935558,5065300
2005-03-17,90.489998,90.680000,89.699997,89.860001,58.421967,5562100
2005-03-18,89.860001,89.900002,89.089996,89.279999,58.044884,7541500
2005-03-21,89.419998,90.279999,89.269997,89.510002,58.194439,4402400
2005-03-22,89.610001,90.339996,89.260002,89.500000,58.187908,4452500
2005-03-23,89.970001,91.169998,89.820000,90.519997,58.851051,5472100
2005-03-24,90.800003,91.550003,90.699997,90.699997,58.968090,4577100
2005-03-28,90.709999,91.629997,90.620003,91.040001,59.189159,4088900
2005-03-29,90.739998,91.070000,90.180000,90.599998,58.903065,6070400
2005-03-30,90.320000,90.879997,90.320000,90.680000,58.955078,5253900
2005-03-31,90.459999,91.410004,90.220001,91.379997,59.410168,4418600
2005-04-01,91.489998,91.760002,90.040001,90.440002,58.799061,5721200
2005-04-04,90.080002,90.620003,89.769997,90.320000,58.721035,3737800
2005-04-05,90.230003,90.330002,89.260002,89.570000,58.233444,4568400
2005-04-06,89.050003,89.379997,88.709999,89.000000,57.862831,7836800
2005-04-07,89.000000,89.199997,88.099998,88.440002,57.498749,6355700
2005-04-08,88.279999,88.459999,87.500000,87.599998,56.952652,5179200
2005-04-11,87.349998,87.559998,86.089996,86.199997,56.042435,8296500
2005-04-12,85.900002,86.239998,85.169998,85.750000,55.749878,8429700
2005-04-13,85.760002,85.970001,84.239998,84.570000,54.982704,7090700
2005-04-14,84.510002,85.410004,83.470001,83.639999,54.378056,10421200
2005-04-15,79.000000,79.660004,76.330002,76.699997,49.866070,27906300
2005-04-18,77.150002,77.750000,76.139999,76.650002,49.833549,13255000
2005-04-19,76.980003,77.199997,75.250000,75.480003,49.072899,9259900
2005-04-20,75.480003,75.870003,71.849998,72.010002,46.816883,20366300
2005-04-21,73.000000,74.099998,72.800003,74.029999,48.130180,16224400
2005-04-22,74.230003,74.699997,73.260002,74.209999,48.247208,10984400
2005-04-25,75.099998,75.720001,74.050003,74.610001,48.507263,10219400
2005-04-26,74.680000,76.980003,74.650002,75.430000,49.040375,12484300
2005-04-27,75.599998,77.180000,75.500000,77.050003,50.093628,11631400
2005-04-28,77.050003,77.110001,75.650002,75.910004,49.352463,8629200
2005-04-29,77.050003,77.080002,75.910004,76.379997,49.658028,8147700
2005-05-02,76.879997,77.290001,76.029999,76.510002,49.742554,7232500
2005-05-03,76.779999,76.959999,75.930000,76.470001,49.716530,6196300
2005-05-04,76.599998,77.199997,76.500000,77.080002,50.113132,5512300
2005-05-05,78.000000,78.110001,75.330002,75.500000,49.085896,12371800
2005-05-06,75.559998,75.919998,74.970001,75.260002,49.059826,7750300
2005-05-09,75.260002,75.459999,74.709999,74.980003,48.877304,5616700
2005-05-10,74.750000,74.760002,73.040001,73.300003,47.782162,7982200
2005-05-11,73.629997,73.690002,72.510002,73.279999,47.769123,6915700
2005-05-12,73.529999,73.800003,72.500000,72.620003,47.338879,6061900
2005-05-13,72.529999,73.860001,72.519997,73.160004,47.690887,7150600
2005-05-16,73.089996,74.489998,73.089996,74.339996,48.460098,5501500
2005-05-17,73.930000,74.430000,73.330002,74.290001,48.427502,5135600
2005-05-18,75.000000,76.820000,74.690002,76.360001,49.776890,10309600
2005-05-19,76.500000,77.639999,76.370003,77.160004,50.298378,7030400
2005-05-20,77.279999,77.279999,76.360001,76.410004,49.809467,6329800
2005-05-23,76.300003,76.949997,76.000000,76.510002,49.874672,4759800
2005-05-24,76.139999,76.510002,75.559998,75.809998,49.418339,5660700
2005-05-25,75.419998,76.029999,75.169998,76.000000,49.542213,5483400
2005-05-26,76.449997,77.410004,76.290001,77.139999,50.285339,5832000
2005-05-27,77.110001,77.239998,76.529999,77.099998,50.259270,3163900
2005-05-31,77.300003,77.410004,75.500000,75.550003,49.248871,6419000
2005-06-01,75.570000,77.500000,75.570000,76.839996,50.089783,7380600
2005-06-02,76.750000,77.389999,76.680000,77.349998,50.422234,4025600
2005-06-03,77.059998,77.099998,75.739998,75.790001,49.405304,6149900
2005-06-06,75.800003,75.900002,74.919998,75.000000,48.890343,5978600
2005-06-07,75.000000,76.089996,75.000000,75.040001,48.916420,5226600
2005-06-08,75.040001,75.400002,74.629997,74.800003,48.759964,4280000
2005-06-09,74.580002,75.470001,74.230003,74.930000,48.844700,4423200
2005-06-10,74.750000,75.050003,74.099998,74.769997,48.740410,4895800
2005-06-13,74.500000,75.930000,74.449997,75.050003,48.922924,5715700
2005-06-14,75.050003,75.430000,74.730003,74.889999,48.818642,4314900
2005-06-15,75.699997,76.500000,75.150002,76.300003,49.737774,7103600
2005-06-16,76.400002,77.250000,76.309998,77.050003,50.226685,7840000
2005-06-17,77.699997,77.730003,76.379997,76.389999,49.796417,8593800
2005-06-20,76.029999,76.980003,75.570000,76.550003,49.900742,3745600
2005-06-21,76.699997,77.000000,76.110001,76.410004,49.809467,5339100
2005-06-22,76.830002,77.489998,76.669998,77.230003,50.344017,5646300
2005-06-23,76.809998,76.970001,75.059998,75.410004,49.157612,7766700
2005-06-24,75.169998,75.400002,74.000000,74.010002,48.244980,10792100
2005-06-27,74.010002,74.769997,73.500000,73.879997,48.160248,6489800
2005-06-28,73.830002,75.300003,73.449997,75.300003,49.085907,8188800
2005-06-29,75.260002,75.680000,74.620003,74.730003,48.714340,5519100
2005-06-30,74.800003,75.489998,74.070000,74.199997,48.368835,6127000
2005-07-01,74.300003,75.330002,74.300003,74.669998,48.675217,4353100
2005-07-05,74.379997,74.970001,74.160004,74.790001,48.753437,5181800
2005-07-06,74.800003,76.150002,74.400002,75.809998,49.418339,8009300
2005-07-07,75.150002,77.529999,75.000000,77.379997,50.441792,10757200
2005-07-08,77.379997,79.519997,77.139999,79.300003,51.693386,13440500
2005-07-11,79.400002,79.519997,78.519997,78.959999,51.471725,7186700
2005-07-12,79.199997,80.489998,79.180000,80.040001,52.175766,10945500
2005-07-13,81.160004,81.750000,81.160004,81.449997,53.094898,11340000
2005-07-14,82.000000,82.669998,82.000000,82.419998,53.727230,8546200
2005-07-15,82.430000,82.750000,81.519997,82.379997,53.701149,7644100
2005-07-18,81.989998,83.940002,81.680000,81.809998,53.329586,8705600
2005-07-19,84.720001,85.110001,83.699997,83.699997,54.561619,14149700
2005-07-20,83.199997,84.959999,82.989998,84.599998,55.148270,9323200
2005-07-21,84.599998,84.949997,83.400002,84.400002,55.017918,8265300
2005-07-22,83.980003,84.629997,83.860001,84.440002,55.044018,4570400
2005-07-25,83.980003,84.519997,83.919998,84.199997,54.887566,4457800
2005-07-26,84.150002,84.349998,83.849998,84.120003,54.835415,4542900
2005-07-27,83.800003,84.129997,82.809998,83.870003,54.672413,4862200
2005-07-28,83.550003,83.970001,83.269997,83.800003,54.626797,6189700
2005-07-29,83.300003,83.949997,83.220001,83.459999,54.405178,4330300
2005-08-01,83.000000,83.849998,82.849998,83.430000,54.385620,3664300
2005-08-02,83.269997,83.860001,83.040001,83.309998,54.307373,5380700
2005-08-03,83.309998,84.199997,83.110001,84.059998,54.796295,4256200
2005-08-04,83.750000,83.889999,82.980003,83.120003,54.183521,5249900
2005-08-05,82.750000,83.739998,82.730003,83.360001,54.339985,3714600
2005-08-08,83.410004,83.889999,83.019997,83.360001,54.470669,4424300
2005-08-09,83.400002,83.949997,82.940002,83.500000,54.562145,3793500
2005-08-10,83.650002,84.010002,81.970001,82.019997,53.595062,5402400
2005-08-11,81.930000,82.750000,81.620003,82.660004,54.013279,4570400
2005-08-12,82.150002,82.580002,82.059998,82.190002,53.706150,4378200
2005-08-15,81.900002,82.940002,81.610001,82.500000,53.908714,3431100
2005-08-16,82.070000,82.430000,81.089996,81.300003,53.124596,4407400
2005-08-17,81.400002,81.940002,80.839996,81.300003,53.124596,4853000
2005-08-18,81.099998,82.000000,80.800003,81.150002,53.026577,3713300
2005-08-19,81.360001,83.300003,81.360001,82.760002,54.078625,6481000
2005-08-22,82.750000,83.349998,81.849998,82.599998,53.974049,5157200
2005-08-23,82.699997,83.139999,81.599998,82.029999,53.601597,4000300
2005-08-24,81.529999,82.400002,81.230003,81.320000,53.137638,4417600
2005-08-25,81.449997,81.449997,80.720001,81.099998,52.993885,3606100
2005-08-26,80.809998,81.019997,80.260002,80.379997,52.523430,5029300
2005-08-29,80.000000,81.750000,79.900002,81.339996,53.150692,4025300
2005-08-30,81.000000,81.000000,79.980003,80.540001,52.627968,5674200
2005-08-31,80.349998,80.790001,79.870003,80.620003,52.680244,5400800
2005-09-01,80.160004,80.320000,79.339996,79.540001,51.974529,6390600
2005-09-02,79.500000,80.010002,79.459999,79.459999,51.922253,3680600
2005-09-06,79.699997,81.190002,79.699997,81.019997,52.941612,6305500
2005-09-07,80.699997,81.129997,80.320000,80.980003,52.915466,4116300
2005-09-08,81.279999,81.519997,80.500000,80.800003,52.797855,4277300
2005-09-09,80.860001,81.489998,80.519997,81.440002,53.216068,3982200
2005-09-12,81.029999,82.110001,81.000000,81.480003,53.242199,3692800
2005-09-13,81.489998,81.489998,80.519997,80.750000,52.765182,5040900
2005-09-14,80.750000,81.400002,80.419998,80.480003,52.588772,3887700
2005-09-15,80.430000,80.650002,79.669998,80.010002,52.281662,4864100
2005-09-16,80.379997,80.500000,79.830002,80.330002,52.490761,7624900
2005-09-19,79.739998,79.980003,79.010002,79.430000,51.902653,5148500
2005-09-20,79.269997,79.650002,78.629997,78.699997,51.425652,7122300
2005-09-21,78.000000,78.459999,77.370003,77.559998,50.680710,7126000
2005-09-22,77.559998,78.500000,77.300003,78.209999,51.105461,6870400
2005-09-23,77.699997,78.110001,77.500000,78.000000,50.968246,5434600
2005-09-26,78.309998,78.410004,76.930000,77.410004,50.582699,5433200
2005-09-27,77.169998,78.599998,77.160004,77.989998,50.961700,5499600
2005-09-28,78.059998,79.730003,78.059998,79.500000,51.948376,7747700
2005-09-29,79.250000,80.550003,78.870003,80.360001,52.510384,5899700
2005-09-30,80.019997,80.500000,79.970001,80.220001,52.418869,5536500
2005-10-03,80.220001,80.599998,79.500000,80.449997,52.569160,5297600
2005-10-04,80.650002,81.470001,79.930000,80.110001,52.347004,6365100
2005-10-05,80.110001,80.680000,79.559998,79.820000,52.157475,4998800
2005-10-06,79.820000,80.269997,78.699997,79.699997,52.079086,8130200
2005-10-07,80.250000,81.120003,80.089996,80.500000,52.601830,6130100
2005-10-10,81.239998,82.099998,81.080002,81.250000,53.091919,7882900
2005-10-11,82.250000,83.519997,81.970001,83.190002,54.359585,9781300
2005-10-12,82.750000,82.930000,81.949997,82.190002,53.706150,7580800
2005-10-13,81.699997,83.199997,81.699997,82.199997,53.712666,5530600
2005-10-14,82.599998,82.709999,81.599998,82.349998,53.810677,5573700
2005-10-17,82.360001,82.989998,81.930000,82.589996,53.967514,7964800
2005-10-18,84.330002,84.599998,83.349998,83.480003,54.549080,12045300
2005-10-19,82.410004,84.199997,82.379997,84.169998,54.999950,7502600
2005-10-20,84.000000,84.190002,82.879997,83.169998,54.346519,5752700
2005-10-21,83.080002,84.000000,82.910004,83.330002,54.451061,6020700
2005-10-24,83.150002,83.610001,82.599998,83.470001,54.542538,5482200
2005-10-25,83.080002,83.949997,82.709999,83.360001,54.470669,5393300
2005-10-26,82.970001,83.870003,82.720001,82.889999,54.163548,4270800
2005-10-27,82.529999,82.930000,82.250000,82.309998,53.784554,3705800
2005-10-28,82.320000,82.430000,80.500000,81.419998,53.202999,6941300
2005-10-31,81.510002,82.300003,81.300003,81.879997,53.503567,7531200
2005-11-01,81.849998,82.150002,81.290001,81.589996,53.314091,5653100
2005-11-02,81.199997,81.889999,80.639999,81.059998,52.967751,6447400
2005-11-03,81.550003,83.029999,81.309998,82.870003,54.150471,7690900
2005-11-04,82.910004,83.300003,82.650002,83.000000,54.235443,3831400
2005-11-07,83.099998,83.849998,83.070000,83.610001,54.634026,4455100
2005-11-08,83.410004,83.900002,83.110001,83.150002,54.463726,3798000
2005-11-09,82.709999,83.330002,82.489998,82.839996,54.260681,3936200
2005-11-10,82.699997,84.300003,82.300003,83.989998,55.013924,4732000
2005-11-11,84.199997,84.839996,84.150002,84.550003,55.380741,4841300
2005-11-14,84.250000,85.000000,84.110001,84.360001,55.256275,3915300
2005-11-15,84.029999,85.900002,84.029999,85.529999,56.022621,6830800
2005-11-16,85.449997,86.580002,85.389999,86.540001,56.684216,6694100
2005-11-17,86.180000,86.980003,85.760002,86.889999,56.913441,5293600
2005-11-18,88.000000,88.000000,87.169998,87.769997,57.489841,7985800
2005-11-21,87.599998,87.870003,87.010002,87.290001,57.175442,4807900
2005-11-22,86.879997,88.080002,86.879997,87.989998,57.633938,5786600
2005-11-23,88.120003,89.389999,87.949997,88.800003,58.164528,5399300
2005-11-25,88.949997,89.320000,88.620003,88.800003,58.164528,2199300
2005-11-28,88.800003,89.430000,88.750000,89.110001,58.367542,5197900
2005-11-29,89.180000,89.940002,89.019997,89.099998,58.361004,5147000
2005-11-30,89.050003,89.639999,88.730003,88.900002,58.230007,6021500
2005-12-01,89.150002,89.739998,89.050003,89.209999,58.433048,4668500
2005-12-02,89.000000,89.150002,88.360001,88.650002,58.066238,4730500
2005-12-05,88.400002,88.650002,87.709999,88.430000,57.922150,4023600
2005-12-06,88.559998,89.839996,88.559998,89.139999,58.387222,4871500
2005-12-07,89.000000,89.919998,88.449997,88.720001,58.112106,5284000
2005-12-08,88.570000,88.910004,86.669998,87.500000,57.312996,5787000
2005-12-09,86.800003,87.099998,86.330002,86.970001,56.965832,6461800
2005-12-12,87.010002,87.349998,85.760002,85.959999,56.304268,6044100
2005-12-13,84.500000,84.900002,83.500000,83.709999,54.830544,12545300
2005-12-14,83.650002,83.949997,82.949997,83.129997,54.450611,7161800
2005-12-15,82.879997,83.629997,82.750000,83.529999,54.712620,6155900
2005-12-16,83.889999,84.000000,83.000000,83.370003,54.607822,7398200
2005-12-19,83.230003,83.599998,82.650002,82.760002,54.208290,4985400
2005-12-20,82.949997,83.099998,82.059998,82.480003,54.024876,5276200
2005-12-21,82.459999,84.000000,82.459999,83.120003,54.444065,6846800
2005-12-22,82.610001,83.230003,82.300003,83.220001,54.509575,6573600
2005-12-23,84.000000,84.199997,83.389999,83.480003,54.679867,3616200
2005-12-27,83.480003,84.500000,82.889999,82.989998,54.358910,4377800
2005-12-28,83.099998,83.570000,82.800003,83.040001,54.391666,3836800
2005-12-29,82.800003,83.059998,82.220001,82.400002,53.972481,3958400
2005-12-30,81.849998,82.489998,81.559998,82.199997,53.841461,5449000
2006-01-03,82.449997,82.550003,80.809998,82.059998,53.749760,11715100
2006-01-04,82.199997,82.500000,81.330002,81.949997,53.677719,9832800
2006-01-05,81.400002,82.900002,81.250000,82.500000,54.037979,7213400
2006-01-06,83.949997,85.029999,83.410004,84.949997,55.642719,8196900
2006-01-09,83.900002,84.250000,83.379997,83.730003,54.843636,6851100
2006-01-10,83.150002,84.120003,83.120003,84.070000,55.066326,5700000
2006-01-11,84.370003,84.809998,83.400002,84.169998,55.131832,5776400
2006-01-12,83.820000,83.959999,83.400002,83.570000,54.738815,4924100
2006-01-13,83.000000,83.449997,82.500000,83.169998,54.476826,6921600
2006-01-17,82.800003,83.160004,82.540001,83.000000,54.365494,8718400
2006-01-18,84.000000,84.699997,83.519997,83.800003,54.889473,10984800
2006-01-19,84.139999,84.389999,83.019997,83.089996,54.424423,6483500
2006-01-20,83.040001,83.050003,81.250000,81.360001,53.291260,8605800
2006-01-23,81.330002,81.919998,80.919998,81.410004,53.324032,6114100
2006-01-24,81.389999,82.150002,80.800003,80.849998,52.957203,6069000
2006-01-25,81.050003,81.620003,80.610001,80.910004,52.996513,6374300
2006-01-26,81.500000,81.650002,80.589996,80.720001,52.872051,7810200
2006-01-27,80.750000,81.769997,80.750000,81.019997,53.068562,6103400
2006-01-30,80.209999,81.809998,80.209999,81.629997,53.468121,5325100
2006-01-31,81.500000,82.000000,81.169998,81.300003,53.251976,6771600
2006-02-01,80.900002,82.239998,80.650002,81.940002,53.671188,5419300
2006-02-02,81.449997,81.589996,80.900002,81.230003,53.206120,6198000
2006-02-03,80.550003,80.769997,79.720001,79.970001,52.380810,9852000
2006-02-06,79.940002,79.949997,78.930000,79.510002,52.079502,9568500
2006-02-07,79.500000,80.190002,79.300003,79.849998,52.302219,5247300
2006-02-08,80.580002,80.900002,80.239998,80.800003,53.057343,5029200
2006-02-09,80.400002,80.800003,79.500000,80.400002,52.794689,7609200
2006-02-10,80.400002,81.459999,80.199997,81.330002,53.405380,5371900
2006-02-13,81.330002,81.910004,80.180000,80.440002,52.820957,5257400
2006-02-14,80.550003,81.449997,80.349998,81.089996,53.247787,6075500
2006-02-15,80.860001,81.500000,80.500000,80.849998,53.090187,5052000
2006-02-16,80.680000,80.910004,80.129997,80.910004,53.129574,5310500
2006-02-17,80.910004,81.029999,80.129997,80.709999,52.998253,5298800
2006-02-21,80.099998,80.750000,79.970001,80.500000,52.860363,5838000
2006-02-22,80.000000,81.650002,79.970001,81.349998,53.418499,5294300
2006-02-23,81.199997,81.339996,80.040001,80.199997,52.663357,4979400
2006-02-24,80.650002,80.650002,79.849998,80.099998,52.597691,3903200
2006-02-27,79.970001,80.889999,79.949997,80.629997,52.945721,3787000
2006-02-28,80.099998,80.550003,79.709999,80.239998,52.689632,5960700
2006-03-01,80.199997,80.809998,79.779999,79.900002,52.466370,5172300
2006-03-02,79.550003,80.209999,79.540001,79.940002,52.492641,4418800
2006-03-03,79.510002,80.830002,79.510002,79.959999,52.505753,4354400
2006-03-06,79.910004,80.639999,79.900002,80.000000,52.532040,4709500
2006-03-07,80.010002,80.790001,79.860001,80.290001,52.722469,4330800
2006-03-08,80.250000,81.599998,80.250000,81.139999,53.280628,5569900
2006-03-09,81.260002,81.980003,80.800003,81.019997,53.201820,4310700
2006-03-10,81.029999,82.250000,81.029999,81.570000,53.562965,4787200
2006-03-13,81.559998,82.400002,81.449997,81.930000,53.799370,4571400
2006-03-14,81.510002,82.989998,81.470001,82.879997,54.423176,4518000
2006-03-15,82.650002,83.760002,82.639999,83.379997,54.751526,5370400
2006-03-16,83.430000,83.720001,82.610001,82.870003,54.416618,4299500
2006-03-17,83.349998,83.410004,82.820000,83.300003,54.698975,6414400
2006-03-20,83.110001,83.750000,82.989998,83.580002,54.882847,3870300
2006-03-21,83.820000,84.989998,83.580002,83.809998,55.033867,7404300
2006-03-22,83.349998,84.680000,83.349998,84.449997,55.454132,4968600
2006-03-23,84.230003,84.269997,82.930000,83.199997,54.633324,5105800
2006-03-24,82.989998,83.720001,82.989998,83.360001,54.738369,4198800
2006-03-27,82.980003,83.260002,82.580002,83.080002,54.554504,3910100
2006-03-28,82.860001,83.389999,82.290001,82.430000,54.127678,4508600
2006-03-29,82.199997,83.550003,82.199997,83.129997,54.587360,4392100
2006-03-30,82.879997,83.699997,82.830002,83.199997,54.633324,4467000
2006-03-31,82.949997,83.599998,82.290001,82.470001,54.153934,5862000
2006-04-03,82.720001,83.589996,82.650002,83.059998,54.541382,4121600
2006-04-04,83.050003,83.779999,82.800003,83.449997,54.797493,3853000
2006-04-05,83.330002,84.449997,83.320000,84.169998,55.270275,5523900
2006-04-06,83.699997,84.320000,83.360001,83.809998,55.033867,4944100
2006-04-07,83.599998,83.800003,82.440002,82.480003,54.160519,5337500
2006-04-10,82.269997,82.739998,82.000000,82.099998,53.910992,3627700
2006-04-11,81.830002,82.059998,80.750000,81.160004,53.293739,5959700
2006-04-12,81.099998,81.370003,80.629997,80.750000,53.024517,3905200
2006-04-13,81.180000,82.599998,81.120003,81.980003,53.832203,4799700
2006-04-17,81.919998,82.919998,81.400002,81.639999,53.608936,4634200
2006-04-18,81.889999,83.529999,81.699997,83.309998,54.705524,7905800
2006-04-19,83.949997,84.000000,81.260002,81.860001,53.753407,10554700
2006-04-20,81.650002,82.849998,81.639999,82.019997,53.858475,6237200
2006-04-21,82.489998,82.500000,81.379997,81.660004,53.622063,6117400
2006-04-24,81.300003,82.410004,81.099998,82.110001,53.917583,6604100
2006-04-25,81.949997,82.900002,81.599998,82.669998,54.285290,6856300
2006-04-26,82.839996,83.480003,82.709999,83.349998,54.731815,6648800
2006-04-27,82.699997,84.400002,82.699997,83.879997,55.079826,8174300
2006-04-28,83.510002,83.620003,81.980003,82.339996,54.068600,8201800
2006-05-01,82.589996,83.309998,82.099998,82.230003,53.996357,6011100
2006-05-02,82.110001,82.739998,82.000000,82.419998,54.121120,4336400
2006-05-03,82.540001,83.290001,82.449997,82.699997,54.305000,5721100
2006-05-04,82.870003,83.089996,82.400002,82.430000,54.127678,3966900
2006-05-05,82.949997,83.339996,82.699997,83.279999,54.685841,4504500
2006-05-08,82.599998,83.220001,82.300003,82.889999,54.626534,3856500
2006-05-09,82.489998,83.290001,82.410004,83.230003,54.850605,4072800
2006-05-10,82.900002,83.330002,82.599998,82.900002,54.633125,3430400
2006-05-11,82.650002,83.089996,82.449997,82.459999,54.343124,5274500
2006-05-12,82.470001,83.690002,82.300003,82.389999,54.297016,5685700
2006-05-15,81.800003,83.150002,81.800003,82.889999,54.626534,5776400
2006-05-16,83.000000,83.250000,82.070000,82.160004,54.145462,4454800
2006-05-17,81.750000,82.209999,81.019997,81.269997,53.558907,5936000
2006-05-18,80.500000,81.349998,80.029999,80.660004,53.156918,5443600
2006-05-19,80.860001,81.000000,79.510002,80.279999,52.906483,7019100
2006-05-22,79.830002,80.339996,79.400002,80.019997,52.735134,6250900
2006-05-23,80.250000,81.300003,79.639999,79.830002,52.609928,5006400
2006-05-24,79.349998,80.040001,79.059998,79.779999,52.576969,7389600
2006-05-25,79.889999,80.180000,79.650002,80.139999,52.814217,3995000
2006-05-26,80.160004,80.860001,79.699997,80.750000,53.216206,3580800
2006-05-30,80.349998,80.959999,80.150002,80.160004,52.827400,5049100
2006-05-31,80.150002,80.830002,79.610001,79.900002,52.656048,6384900
2006-06-01,79.889999,80.870003,79.809998,80.690002,53.176678,4866500
2006-06-02,80.500000,80.559998,79.150002,79.519997,52.405636,7232300
2006-06-05,79.099998,80.040001,79.010002,79.059998,52.102474,5555800
2006-06-06,79.059998,79.900002,78.500000,79.760002,52.563801,7250600
2006-06-07,79.779999,80.739998,79.120003,79.150002,52.161781,7924800
2006-06-08,78.550003,79.580002,76.750000,77.029999,50.764641,13474400
2006-06-09,77.239998,78.099998,77.050003,77.629997,51.160049,6135400
2006-06-12,77.629997,78.089996,77.010002,77.019997,50.758068,4924900
2006-06-13,77.139999,77.930000,76.820000,76.930000,50.698753,7374100
2006-06-14,76.930000,77.849998,76.930000,77.709999,51.212791,6038600
2006-06-15,77.849998,78.779999,76.949997,78.559998,51.772968,6679400
2006-06-16,78.440002,78.529999,77.570000,77.949997,51.370934,8133500
2006-06-19,77.900002,78.300003,77.339996,77.669998,51.186440,5302100
2006-06-20,77.839996,78.300003,77.250000,77.989998,51.397308,6124500
2006-06-21,77.989998,78.559998,77.980003,78.300003,51.601624,5559100
2006-06-22,78.160004,78.370003,77.000000,77.190002,50.870113,5563700
2006-06-23,77.150002,77.839996,76.940002,77.099998,50.810791,4520600
2006-06-26,77.040001,77.519997,76.800003,77.150002,50.843723,3448000
2006-06-27,77.320000,77.599998,76.320000,76.629997,50.501034,5596800
2006-06-28,76.529999,76.599998,76.059998,76.559998,50.454899,4392100
2006-06-29,76.889999,77.800003,76.559998,77.589996,51.133709,5448900
2006-06-30,77.699997,77.930000,76.790001,76.820000,50.626255,7911700
2006-07-03,77.540001,78.269997,77.269997,78.019997,51.417084,3177300
2006-07-05,78.000000,78.389999,77.519997,77.769997,51.252331,4047800
2006-07-06,77.589996,78.529999,77.570000,78.089996,51.463223,4333100
2006-07-07,78.089996,78.089996,76.120003,76.419998,50.362652,6641600
2006-07-10,76.180000,76.830002,75.870003,76.669998,50.527401,7154700
2006-07-11,76.250000,76.650002,75.440002,76.470001,50.395603,6086500
2006-07-12,76.070000,76.300003,74.820000,75.480003,49.743176,8372100
2006-07-13,75.010002,75.279999,73.830002,74.239998,48.925964,8754700
2006-07-14,74.239998,74.300003,73.370003,73.570000,48.484413,6957800
2006-07-17,73.349998,73.940002,73.199997,73.699997,48.570114,6822700
2006-07-18,73.699997,74.419998,72.730003,74.260002,48.939159,8667500
2006-07-19,76.000000,77.059998,76.000000,76.070000,50.131985,14536900
2006-07-20,75.730003,75.879997,75.199997,75.480003,49.743176,12214900
2006-07-21,75.489998,75.500000,74.500000,74.860001,49.334576,8372500
2006-07-24,74.919998,76.150002,74.919998,75.989998,50.079269,5611200
2006-07-25,75.989998,76.410004,75.309998,75.889999,50.013378,5580300
2006-07-26,75.480003,76.300003,75.360001,75.830002,49.973831,3870100
2006-07-27,75.830002,77.290001,75.750000,76.150002,50.184723,6439100
2006-07-28,76.379997,77.300003,76.260002,76.959999,50.718513,4165700
2006-07-31,76.440002,77.500000,76.150002,77.410004,51.015091,5381800
2006-08-01,76.650002,77.379997,75.750000,76.139999,50.178112,4406700
2006-08-02,76.209999,76.930000,76.199997,76.320000,50.296741,3283800
2006-08-03,76.000000,76.730003,75.400002,76.330002,50.303337,2765800
2006-08-04,76.650002,76.769997,75.320000,75.910004,50.026550,5062400
2006-08-07,75.629997,76.199997,75.279999,75.519997,49.769531,3870200
2006-08-08,75.629997,76.260002,75.110001,75.330002,49.842300,3794700
2006-08-09,75.559998,76.279999,75.389999,75.389999,49.881989,4480400
2006-08-10,75.199997,76.080002,75.050003,75.739998,50.113579,3213600
2006-08-11,75.339996,75.779999,75.199997,75.480003,49.941563,3695800
2006-08-14,76.050003,77.489998,75.599998,76.680000,50.735523,4997400
2006-08-15,76.900002,77.139999,76.309998,77.080002,51.000206,5985400
2006-08-16,77.480003,79.279999,77.349998,79.089996,52.330139,7386500
2006-08-17,78.930000,79.559998,78.529999,79.370003,52.515396,5535400
2006-08-18,79.379997,79.970001,78.629997,79.900002,52.866051,5399200
2006-08-21,79.510002,79.879997,78.870003,79.279999,52.455849,3676500
2006-08-22,79.279999,79.550003,78.610001,78.949997,52.237488,4057200
2006-08-23,78.949997,79.470001,78.419998,78.669998,52.052212,3425700
2006-08-24,78.900002,79.500000,78.870003,79.379997,52.521996,3473300
2006-08-25,79.199997,80.000000,79.139999,79.879997,52.852844,3427400
2006-08-28,79.910004,80.470001,79.760002,80.320000,53.143944,5259400
2006-08-29,80.059998,81.480003,80.059998,81.400002,53.858551,5208500
2006-08-30,81.260002,81.680000,80.839996,81.220001,53.739449,4688800
2006-08-31,81.300003,81.500000,80.779999,80.970001,53.574039,3786200
2006-09-01,81.129997,81.570000,80.809998,81.410004,53.865158,3294000
2006-09-05,81.190002,81.540001,80.599998,80.849998,53.494633,3968500
2006-09-06,80.290001,80.690002,80.169998,80.279999,53.117504,3727600
2006-09-07,79.900002,80.379997,79.309998,79.400002,52.535240,3913300
2006-09-08,79.599998,80.860001,79.349998,80.660004,53.368912,4498600
2006-09-11,80.599998,81.199997,80.250000,80.930000,53.547585,4314300
2006-09-12,81.139999,82.500000,81.059998,82.279999,54.440800,5722200
2006-09-13,82.250000,82.699997,81.839996,82.209999,54.394485,4920200
2006-09-14,81.900002,83.000000,81.739998,82.470001,54.566525,4265300
2006-09-15,83.209999,83.589996,82.790001,82.940002,54.877483,8203800
2006-09-18,82.559998,83.209999,82.169998,82.239998,54.414318,4417600
2006-09-19,81.970001,82.089996,81.419998,81.870003,54.169529,5088600
2006-09-20,82.370003,83.790001,82.199997,83.419998,55.195076,7524600
2006-09-21,82.610001,83.250000,81.349998,81.610001,53.997486,8909000
2006-09-22,81.750000,82.120003,81.010002,81.209999,53.732822,4350200
2006-09-25,81.650002,82.279999,81.279999,82.000000,54.255535,5683000
2006-09-26,81.900002,82.660004,81.699997,82.500000,54.586369,4731800
2006-09-27,82.000000,82.669998,81.709999,82.089996,54.315075,5880500
2006-09-28,81.849998,82.349998,81.720001,81.989998,54.248924,4592300
2006-09-29,81.900002,82.790001,81.769997,81.940002,54.215839,4770700
2006-10-02,81.760002,82.470001,81.580002,81.870003,54.169529,4483300
2006-10-03,81.879997,82.260002,81.559998,81.650002,54.023937,4838500
2006-10-04,81.650002,83.250000,81.629997,83.099998,54.983345,6119300
2006-10-05,82.809998,83.209999,82.599998,82.919998,54.864231,4956600
2006-10-06,82.930000,83.779999,82.500000,83.139999,55.009815,5340900
2006-10-09,83.139999,84.080002,83.000000,84.000000,55.578842,4490200
2006-10-10,83.709999,84.629997,83.559998,84.190002,55.704548,4712900
2006-10-11,84.150002,84.690002,83.790001,84.190002,55.704548,5210600
2006-10-12,84.199997,84.900002,84.099998,84.699997,56.041996,4661700
2006-10-13,84.449997,86.209999,84.440002,86.080002,56.955048,7788600
2006-10-16,86.080002,87.599998,85.750000,86.709999,57.371891,8633100
2006-10-17,86.330002,87.940002,86.220001,86.949997,57.530701,13295500
2006-10-18,90.510002,92.040001,89.730003,89.820000,59.429661,27875200
2006-10-19,89.800003,90.980003,89.309998,89.860001,59.456112,10671400
2006-10-20,90.040001,90.699997,89.550003,90.480003,59.866352,7390900
2006-10-23,90.050003,92.000000,90.010002,91.559998,60.580952,8862300
2006-10-24,90.910004,91.949997,90.800003,91.489998,60.534645,9222300
2006-10-25,91.209999,91.989998,90.940002,91.830002,60.759567,6122100
2006-10-26,91.830002,91.930000,91.250000,91.540001,60.567688,4990300
2006-10-27,90.910004,91.889999,90.580002,90.760002,60.051609,5840300
2006-10-30,89.800003,92.000000,89.800003,91.500000,60.541233,5594000
2006-10-31,91.500000,92.680000,91.500000,92.330002,61.090397,9267300
2006-11-01,92.500000,92.680000,91.500000,91.800003,60.739719,5845700
2006-11-02,91.800003,91.949997,91.250000,91.680000,60.660316,4895100
2006-11-03,91.760002,92.339996,91.180000,91.410004,60.481663,4506400
2006-11-06,91.500000,92.739998,91.500000,92.599998,61.269051,6240600
2006-11-07,92.419998,93.400002,92.410004,92.750000,61.368301,7305200
2006-11-08,92.250000,92.919998,92.010002,92.589996,61.461243,6022200
2006-11-09,92.589996,93.190002,92.370003,92.419998,61.348389,4518900
2006-11-10,92.300003,92.349998,91.629997,91.760002,60.910275,5369600
2006-11-13,91.550003,92.430000,91.410004,92.070000,61.116055,4358300
2006-11-14,92.000000,93.290001,91.650002,93.290001,61.925919,5873000
2006-11-15,93.080002,93.279999,92.540001,93.110001,61.806416,4172800
2006-11-16,93.070000,93.599998,92.599998,93.470001,62.045376,4171500
2006-11-17,93.419998,94.050003,93.309998,93.809998,62.271065,5251000
2006-11-20,93.599998,93.800003,93.010002,93.250000,61.899338,5010600
2006-11-21,93.010002,93.430000,92.849998,93.080002,61.786495,3067800
2006-11-22,92.900002,93.739998,92.800003,93.519997,62.078571,3351700
2006-11-24,93.050003,93.750000,92.980003,93.349998,61.965736,2129800
2006-11-27,92.709999,93.239998,91.120003,91.449997,60.704460,6284000
2006-11-28,90.650002,91.570000,90.430000,91.349998,60.638119,4962100
2006-11-29,91.349998,91.660004,91.010002,91.519997,60.750957,4623000
2006-11-30,91.349998,92.480003,91.250000,91.919998,61.016487,6470700
2006-12-01,91.900002,91.910004,90.550003,91.250000,60.571743,5445400
2006-12-04,92.500000,93.949997,92.250000,93.510002,62.071960,7507900
2006-12-05,93.510002,94.639999,93.440002,94.480003,62.715809,6886200
2006-12-06,94.480003,94.870003,94.010002,94.120003,62.476864,5947300
2006-12-07,94.000000,94.430000,93.550003,94.230003,62.549866,4310800
2006-12-08,93.650002,94.389999,93.470001,93.860001,62.304253,4140000
2006-12-11,93.720001,94.349998,93.559998,93.639999,62.158199,3459200
2006-12-12,93.599998,94.849998,93.300003,94.120003,62.476864,7783800
2006-12-13,94.779999,95.330002,94.500000,94.769997,62.908298,6441300
2006-12-14,94.970001,95.720001,94.540001,95.360001,63.299984,4644100
2006-12-15,95.610001,95.800003,95.050003,95.300003,63.260113,8086500
2006-12-18,94.949997,96.160004,94.800003,95.440002,63.353058,7984900
2006-12-19,95.099998,96.389999,94.910004,96.000000,63.724773,4933200
2006-12-20,96.099998,96.500000,95.699997,96.000000,63.724773,3654600
2006-12-21,95.779999,96.500000,95.529999,95.910004,63.665062,4405600
2006-12-22,95.750000,95.980003,95.239998,95.250000,63.226944,3031500
2006-12-26,95.000000,95.809998,94.919998,95.660004,63.499092,2278700
2006-12-27,96.300003,97.230003,96.269997,97.199997,64.521355,4571600
2006-12-28,97.110001,97.400002,96.870003,96.970001,64.368683,4501700
2006-12-29,97.000000,97.879997,96.830002,97.150002,64.488174,4455900
2007-01-03,97.180000,98.400002,96.260002,97.269997,64.567802,9196800
2007-01-04,97.250000,98.790001,96.879997,98.309998,65.258179,10524500
2007-01-05,97.599998,97.949997,96.910004,97.419998,64.667397,7221300
2007-01-08,98.500000,99.500000,98.349998,98.900002,65.649796,10340000
2007-01-09,99.080002,100.330002,99.070000,100.070000,66.426476,11108200
2007-01-10,98.500000,99.050003,97.930000,98.889999,65.643188,8744800
2007-01-11,99.000000,99.900002,98.500000,98.650002,65.483894,8000700
2007-01-12,98.989998,99.690002,98.500000,99.339996,65.941895,6636500
2007-01-16,99.400002,100.839996,99.300003,100.820000,66.924316,9602200
2007-01-17,100.690002,100.900002,99.900002,100.019997,66.393280,8200700
2007-01-18,99.800003,99.949997,98.910004,99.449997,66.014915,14636100
2007-01-19,95.000000,96.849998,94.550003,96.169998,63.837650,26035800
2007-01-22,96.419998,97.230003,96.120003,97.110001,64.461617,13539300
2007-01-23,96.910004,97.379997,96.199997,97.080002,64.441727,10337400
2007-01-24,97.080002,97.580002,96.580002,97.400002,64.654091,5700000
2007-01-25,97.220001,97.919998,97.220001,97.510002,64.727112,6201300
2007-01-26,97.519997,97.830002,96.839996,97.449997,64.687279,5771100
2007-01-29,97.699997,98.660004,97.449997,98.540001,65.410835,7294800
2007-01-30,98.570000,99.449997,98.500000,99.370003,65.961792,7177900
2007-01-31,98.800003,99.480003,98.349998,99.150002,65.815750,6432600
2007-02-01,98.970001,99.180000,97.959999,99.000000,65.716187,6610700
2007-02-02,99.099998,99.730003,98.879997,99.169998,65.829018,6656300
2007-02-05,99.169998,100.440002,98.900002,100.379997,66.632240,8184800
2007-02-06,100.000000,100.400002,99.540001,99.849998,66.280449,6532800
2007-02-07,99.800003,100.360001,99.120003,99.540001,66.273788,7698200
2007-02-08,98.900002,99.739998,98.650002,99.620003,66.327019,6152200
2007-02-09,99.519997,99.699997,97.809998,98.550003,65.614639,6100400
2007-02-12,98.800003,99.199997,98.220001,98.580002,65.634590,5331000
2007-02-13,98.599998,98.739998,97.800003,98.290001,65.441521,5702800
2007-02-14,98.500000,99.430000,98.250000,99.199997,66.047394,5644800
2007-02-15,99.059998,99.519997,98.480003,98.919998,65.860954,5568600
2007-02-16,99.120003,99.250000,98.629997,98.989998,65.907555,4800700
2007-02-20,98.660004,99.459999,98.550003,99.349998,66.147247,4124200
2007-02-21,98.900002,99.370003,98.699997,99.089996,65.974144,4302400
2007-02-22,98.800003,99.500000,97.769997,98.500000,65.581337,5900100
2007-02-23,98.400002,98.440002,97.410004,97.730003,65.068649,6355800
2007-02-26,97.860001,97.860001,96.459999,96.910004,64.522682,5922100
2007-02-27,96.000000,96.010002,92.879997,93.959999,62.558594,11996700
2007-02-28,93.709999,94.089996,92.470001,92.940002,61.879463,12191600
2007-03-01,90.250000,93.050003,88.769997,92.269997,61.433365,12865700
2007-03-02,92.000000,92.370003,90.839996,90.900002,60.521240,9451300
2007-03-05,90.250000,92.150002,90.099998,91.809998,61.127125,10314900
2007-03-06,92.400002,93.889999,92.260002,93.800003,62.452095,9184200
2007-03-07,93.970001,94.849998,93.620003,93.940002,62.545280,10269100
2007-03-08,94.500000,94.820000,92.519997,93.000000,61.919415,7403900
2007-03-09,93.480003,94.000000,92.820000,93.279999,62.105843,6333000
2007-03-12,93.290001,94.169998,92.970001,94.110001,62.658470,5531300
2007-03-13,93.860001,94.470001,92.620003,92.709999,61.726349,7539100
2007-03-14,92.650002,94.029999,92.099998,93.760002,62.425446,8713900
2007-03-15,93.400002,93.970001,93.099998,93.449997,62.219025,5910000
2007-03-16,94.449997,94.449997,93.019997,93.250000,62.085892,8728700
2007-03-19,93.949997,94.320000,93.389999,93.989998,62.578533,4568100
2007-03-20,94.000000,94.529999,93.550003,94.500000,62.918102,4560000
2007-03-21,94.500000,95.809998,93.830002,95.360001,63.490730,7665600
2007-03-22,95.099998,95.440002,94.650002,95.190002,63.377522,5700400
2007-03-23,94.820000,95.220001,94.650002,95.029999,63.270988,4412500
2007-03-26,95.000000,95.250000,94.320000,95.000000,63.251026,6729400
2007-03-27,94.709999,95.029999,94.199997,94.730003,63.071266,4695800
2007-03-28,93.900002,95.019997,93.800003,94.260002,62.758339,8128000
2007-03-29,94.660004,95.110001,93.959999,94.570000,62.964729,6851500
2007-03-30,94.239998,94.750000,93.570000,94.260002,62.758339,7638100
2007-04-02,94.510002,95.500000,94.059998,95.209999,63.390842,5883700
2007-04-03,95.449997,96.230003,95.330002,96.099998,63.983402,5730800
2007-04-04,95.800003,96.449997,95.570000,96.209999,64.056633,4276200
2007-04-05,95.980003,96.750000,95.750000,96.519997,64.263016,3307100
2007-04-09,96.430000,96.940002,96.120003,96.620003,64.329643,4850600
2007-04-10,96.400002,96.800003,96.160004,96.459999,64.223076,3596400
2007-04-11,96.510002,96.699997,94.949997,95.160004,63.357540,5936900
2007-04-12,95.029999,95.820000,94.529999,95.669998,63.697109,7085300
2007-04-13,95.750000,95.750000,94.589996,94.930000,63.204433,6027800
2007-04-16,94.989998,96.300003,94.720001,96.180000,64.036659,6865100
2007-04-17,96.300003,97.660004,96.019997,97.120003,64.662514,10264000
2007-04-18,94.800003,95.910004,94.400002,94.800003,63.117874,15871700
2007-04-19,94.500000,94.870003,94.000000,94.290001,62.778313,9445600
2007-04-20,95.019997,95.150002,93.910004,94.580002,62.971397,9340300
2007-04-23,95.160004,95.730003,95.050003,95.209999,63.390842,7247400
2007-04-24,97.230003,99.900002,97.230003,98.489998,65.574661,21450700
2007-04-25,98.739998,101.699997,98.730003,101.459999,67.552101,14827300
2007-04-26,101.000000,101.500000,100.209999,100.900002,67.179237,8608500
2007-04-27,100.300003,101.169998,100.059998,101.169998,67.359009,6141400
2007-04-30,101.110001,103.000000,100.970001,102.209999,68.051460,10050400
2007-05-01,102.059998,103.169998,102.050003,103.169998,68.690620,8670100
2007-05-02,102.800003,103.139999,102.129997,102.220001,68.058067,6820300
2007-05-03,101.750000,103.000000,101.349998,102.800003,68.444267,7302200
2007-05-04,102.750000,103.029999,102.250000,102.959999,68.550797,5464800
2007-05-07,102.760002,103.169998,102.400002,103.160004,68.683968,5620100
2007-05-08,102.419998,103.389999,102.209999,103.290001,69.038208,5965000
2007-05-09,103.930000,104.750000,103.699997,104.379997,69.766769,8408100
2007-05-10,103.820000,105.110001,103.709999,104.680000,69.967270,8959800
2007-05-11,104.690002,105.989998,104.669998,105.980003,70.836182,6026100
2007-05-14,105.809998,106.250000,104.790001,105.570000,70.562149,5732600
2007-05-15,105.400002,105.800003,104.699997,104.830002,70.067551,6104200
2007-05-16,105.099998,105.889999,104.529999,105.870003,70.762642,5613500
2007-05-17,105.610001,106.230003,104.730003,105.309998,70.388359,7706400
2007-05-18,105.839996,108.050003,105.599998,107.989998,72.179665,9857500
2007-05-21,107.669998,108.000000,106.870003,107.040001,71.544693,7512200
2007-05-22,106.949997,107.250000,106.010002,106.699997,71.317406,5313300
2007-05-23,106.800003,107.000000,105.250000,105.580002,70.568840,4396900
2007-05-24,105.449997,105.980003,103.570000,103.949997,69.479362,6926300
2007-05-25,103.900002,105.430000,103.849998,105.180000,70.301453,6123000
2007-05-29,105.570000,106.629997,105.300003,105.910004,70.789391,5420300
2007-05-30,105.400002,107.099998,105.209999,106.930000,71.471153,7401000
2007-05-31,107.260002,107.669998,106.000000,106.599998,71.250580,5097700
2007-06-01,106.620003,107.239998,106.019997,106.540001,71.210487,5289200
2007-06-04,106.500000,106.589996,105.580002,106.230003,71.003273,4569900
2007-06-05,106.550003,106.550003,105.540001,105.839996,70.742599,5244200
2007-06-06,105.500000,105.510002,102.389999,102.410004,68.450020,30770700
2007-06-07,102.459999,103.169998,101.559998,101.800003,68.042290,14384600
2007-06-08,101.800003,103.209999,101.750000,103.070000,68.891167,8216300
2007-06-11,102.870003,104.000000,102.500000,103.220001,68.991409,7903100
2007-06-12,103.110001,103.180000,102.150002,102.339996,68.403198,5578400
2007-06-13,102.849998,103.260002,102.099998,103.120003,68.924606,6437600
2007-06-14,103.099998,104.239998,102.809998,103.849998,69.412514,5165600
2007-06-15,104.220001,105.190002,103.879997,105.089996,70.241302,9432300
2007-06-18,105.269997,105.650002,104.889999,105.330002,70.401749,6359200
2007-06-19,104.930000,106.660004,104.900002,106.500000,71.183746,5754000
2007-06-20,106.500000,107.019997,105.949997,106.000000,70.849564,6541500
2007-06-21,105.769997,107.000000,105.610001,106.599998,71.250580,5587800
2007-06-22,105.959999,106.440002,104.440002,104.440002,69.806839,10808500
2007-06-25,104.730003,105.769997,104.500000,105.099998,70.247978,8476400
2007-06-26,105.099998,106.059998,104.820000,105.330002,70.401749,5229600
2007-06-27,104.750000,105.470001,104.400002,105.430000,70.468567,5403800
2007-06-28,105.519997,106.919998,105.220001,105.949997,70.816124,5430900
2007-06-29,105.959999,106.580002,104.099998,105.250000,70.348244,7018400
2007-07-02,105.389999,105.800003,104.580002,105.010002,70.187836,4701300
2007-07-03,105.500000,107.080002,105.239998,106.580002,71.237213,4217900
2007-07-05,106.309998,108.389999,105.980003,108.050003,72.219765,6670900
2007-07-06,107.790001,109.660004,107.660004,109.029999,72.874779,8977200
2007-07-09,108.730003,109.349998,108.199997,108.970001,72.834679,6046300
2007-07-10,108.550003,109.150002,108.250000,108.629997,72.607445,6209300
2007-07-11,108.300003,109.599998,108.250000,109.099998,72.921547,5887800
2007-07-12,109.349998,109.650002,108.220001,109.279999,73.041878,9544100
2007-07-13,108.750000,109.199997,108.099998,108.599998,72.587387,7124100
2007-07-16,108.570000,110.040001,108.419998,109.660004,73.295891,8864200
2007-07-17,109.660004,111.470001,109.449997,110.769997,74.037781,7619900
2007-07-18,110.250000,111.879997,110.040001,111.080002,74.244949,10154100
2007-07-19,115.000000,116.480003,114.650002,115.860001,77.439903,17281600
2007-07-20,114.849998,115.860001,113.940002,114.809998,76.738098,11706300
2007-07-23,114.879997,116.430000,114.849998,116.379997,77.787453,8040900
2007-07-24,115.320000,117.000000,115.019997,116.169998,77.647095,10499300
2007-07-25,116.190002,118.379997,115.239998,118.099998,78.937073,11340000
2007-07-26,117.010002,118.820000,115.519997,116.529999,77.887711,16822100
2007-07-27,116.620003,117.949997,115.620003,115.620003,77.279495,18138700
2007-07-30,115.000000,115.750000,113.519997,114.519997,76.544243,15095400
2007-07-31,114.720001,114.720001,110.019997,110.650002,73.957565,17816200
2007-08-01,110.389999,112.730003,110.059998,112.040001,74.886635,12390300
2007-08-02,112.099998,114.050003,111.500000,113.230003,75.682022,11318900
2007-08-03,113.239998,114.180000,111.699997,111.889999,74.786377,9571300
2007-08-06,111.970001,113.889999,111.699997,113.889999,76.123169,7245500
2007-08-07,113.019997,114.169998,112.250000,113.529999,75.882545,8021400
2007-08-08,114.300003,114.599998,112.260002,112.980003,75.781929,7681400
2007-08-09,110.769997,114.489998,110.730003,110.730003,74.272713,9086000
2007-08-10,109.750000,113.500000,109.699997,112.639999,75.553871,9592200
2007-08-13,112.989998,113.949997,112.309998,112.709999,75.600800,6135500
2007-08-14,112.830002,113.150002,111.739998,112.050003,75.158112,5615600
2007-08-15,111.000000,112.849998,109.910004,111.230003,74.608116,11640200
2007-08-16,110.980003,111.419998,103.699997,109.690002,73.575157,16723000
2007-08-17,111.870003,112.669998,108.660004,110.900002,74.386749,15274600
2007-08-20,110.900002,111.099998,109.129997,109.220001,73.259888,9839800
2007-08-21,108.900002,110.110001,108.080002,109.040001,73.139153,8458500
2007-08-22,110.089996,110.500000,109.150002,110.000000,73.783081,6329700
2007-08-23,110.400002,111.680000,110.010002,111.449997,74.755676,8271000
2007-08-24,111.449997,113.250000,110.809998,113.239998,75.956345,7058700
2007-08-27,113.000000,113.849998,112.800003,113.440002,76.090462,4921800
2007-08-28,112.900002,113.589996,111.629997,112.000000,75.124596,6006600
2007-08-29,112.879997,114.980003,112.070000,114.570000,76.848419,7049800
2007-08-30,113.620003,116.000000,113.620003,115.370003,77.385025,7756100
2007-08-31,115.989998,117.349998,115.550003,116.690002,78.270416,6883600
2007-09-04,116.339996,118.889999,116.150002,118.190002,79.276573,8070500
2007-09-05,117.480003,118.150002,116.550003,117.879997,79.068619,6555500
2007-09-06,117.919998,118.750000,116.239998,117.620003,78.894234,6778600
2007-09-07,116.199997,116.970001,115.330002,115.550003,77.505760,7511700
2007-09-10,116.150002,117.500000,115.320000,115.800003,77.673454,6118300
2007-09-11,116.349998,117.779999,116.040001,117.349998,78.713120,8098700
2007-09-12,116.949997,117.400002,115.690002,116.000000,77.807617,6287200
2007-09-13,116.300003,117.000000,115.739998,115.949997,77.774086,4802700
2007-09-14,115.050003,116.000000,114.650002,115.129997,77.224045,6904400
2007-09-17,114.699997,115.250000,114.300003,114.519997,76.814896,5022400
2007-09-18,115.000000,116.779999,114.830002,116.629997,78.230179,7839500
2007-09-19,116.900002,117.190002,115.779999,116.669998,78.256996,10311200
2007-09-20,116.269997,117.650002,116.199997,116.860001,78.384476,5806400
2007-09-21,117.889999,118.099998,116.349998,116.779999,78.330780,9097300
2007-09-24,116.900002,117.430000,115.849998,116.250000,77.975304,5734300
2007-09-25,116.019997,117.589996,115.790001,116.510002,78.149681,7045200
2007-09-26,116.940002,118.080002,116.750000,117.300003,78.679588,6695200
2007-09-27,117.500000,118.209999,117.040001,117.709999,78.954605,5834500
2007-09-28,117.139999,118.500000,117.099998,117.800003,79.014992,7720200
2007-10-01,117.610001,119.500000,117.500000,119.029999,79.840004,6777300
2007-10-02,119.309998,119.599998,118.139999,118.360001,79.390579,6911500
2007-10-03,117.650002,117.839996,116.279999,116.400002,78.075920,7914100
2007-10-04,116.199997,116.750000,115.000000,115.690002,77.599686,6177500
2007-10-05,116.169998,116.709999,115.470001,116.300003,78.008842,5749400
2007-10-08,116.099998,118.230003,115.879997,117.769997,78.994850,4822900
2007-10-09,117.849998,118.500000,116.419998,118.300003,79.350372,5670600
2007-10-10,118.000000,118.800003,117.680000,118.620003,79.564995,5913800
2007-10-11,118.989998,121.459999,117.370003,118.050003,79.182640,13018800
2007-10-12,118.500000,118.889999,117.279999,117.809998,79.021667,5656200
2007-10-15,117.949997,118.370003,116.750000,118.029999,79.169228,6267300
2007-10-16,118.019997,119.940002,117.500000,119.599998,80.222328,11527300
2007-10-17,118.010002,118.010002,114.150002,115.779999,77.660057,18100500
2007-10-18,114.820000,116.410004,114.440002,114.800003,77.002678,7736500
2007-10-19,113.980003,114.930000,111.800003,112.279999,75.312393,10327200
2007-10-22,110.970001,113.879997,110.959999,113.370003,76.043518,7576900
2007-10-23,113.779999,114.800003,113.500000,114.680000,76.922218,5562900
2007-10-24,114.199997,114.449997,111.680000,112.949997,75.761787,8072600
2007-10-25,113.320000,114.400002,111.690002,112.809998,75.667908,6519900
2007-10-26,113.000000,114.000000,112.070000,113.730003,76.284981,5030300
2007-10-29,113.900002,115.010002,113.849998,114.800003,77.002678,5103200
2007-10-30,114.500000,114.900002,113.750000,114.120003,76.546600,4015500
2007-10-31,114.750000,116.250000,113.279999,116.120003,77.888100,7216800
2007-11-01,115.500000,116.089996,113.320000,113.650002,76.231346,7594400
2007-11-02,114.419998,115.150002,113.570000,114.589996,76.861832,6114800
2007-11-05,115.110001,115.110001,112.830002,113.400002,76.063637,7155300
2007-11-06,113.489998,113.949997,111.669998,113.169998,75.909378,7299700
2007-11-07,113.559998,113.639999,110.900002,111.080002,74.771759,7087000
2007-11-08,105.650002,110.320000,103.989998,106.110001,71.426292,23092200
2007-11-09,104.919998,104.919998,99.269997,100.250000,67.481712,18084100
2007-11-12,101.889999,104.190002,100.699997,101.449997,68.289497,13553600
2007-11-13,102.730003,105.739998,102.500000,105.269997,70.860855,10777900
2007-11-14,106.120003,106.419998,102.839996,103.440002,69.629044,8453600
2007-11-15,103.239998,105.639999,103.050003,103.599998,69.736732,8023600
2007-11-16,104.510002,105.000000,103.250000,104.790001,70.537735,9294000
2007-11-19,104.339996,105.389999,101.339996,102.220001,68.807777,9502200
2007-11-20,102.589996,104.970001,101.379997,103.419998,69.615578,8393400
2007-11-21,101.410004,104.089996,101.410004,102.220001,68.807777,7097200
2007-11-23,103.099998,104.139999,102.320000,104.050003,70.039642,2827700
2007-11-26,104.260002,105.150002,101.720001,101.970001,68.639526,7340700
2007-11-27,102.699997,104.580002,101.500000,103.830002,69.891548,9117500
2007-11-28,104.820000,108.269997,104.360001,107.370003,72.274414,9397700
2007-11-29,107.239998,107.870003,106.250000,107.500000,72.361961,7813800
2007-11-30,108.570000,109.190002,103.930000,105.180000,70.800270,12900200
2007-12-03,105.550003,107.139999,104.580002,105.830002,71.237831,7918800
2007-12-04,105.410004,107.419998,104.720001,106.629997,71.776329,6361800
2007-12-05,107.830002,108.519997,106.980003,108.160004,72.806221,6090400
2007-12-06,108.000000,110.000000,107.930000,109.699997,73.842857,5315500
2007-12-07,109.680000,110.000000,107.949997,108.860001,73.277428,5985500
2007-12-10,109.379997,110.260002,109.000000,109.389999,73.634178,4442200
2007-12-11,109.339996,110.400002,106.459999,106.989998,72.018669,8439700
2007-12-12,109.169998,110.199997,107.379997,108.470001,73.014893,7879800
2007-12-13,108.000000,108.639999,106.940002,108.180000,72.819695,6252800
2007-12-14,107.309998,107.559998,104.099998,105.769997,71.197418,9711200
2007-12-17,105.370003,105.989998,104.000000,104.529999,70.362709,7131100
2007-12-18,105.080002,106.970001,104.129997,106.309998,71.560905,8042000
2007-12-19,106.540001,108.379997,105.870003,107.139999,72.119629,7031100
2007-12-20,107.779999,109.489998,107.610001,108.839996,73.263969,8030900
2007-12-21,109.900002,111.160004,109.150002,111.050003,74.751572,13246600
2007-12-24,111.199997,112.000000,110.550003,111.650002,75.155441,2342400
2007-12-26,110.900002,112.190002,110.900002,111.559998,75.094887,3849400
2007-12-27,110.529999,111.300003,109.489998,109.599998,73.775536,4513600
2007-12-28,110.760002,110.760002,109.110001,110.089996,74.105377,5834500
2007-12-31,109.510002,110.000000,107.260002,108.099998,72.765831,5732300
2008-01-02,108.989998,108.989998,104.169998,104.690002,70.470428,9503500
2008-01-03,104.830002,105.570000,103.980003,104.900002,70.611824,7528900
2008-01-04,103.949997,103.949997,100.480003,101.129997,68.074089,11034600
2008-01-07,100.250000,101.000000,99.029999,100.050003,67.347076,12650400
2008-01-08,100.050003,100.379997,97.169998,97.589996,65.691162,9434400
2008-01-09,97.760002,99.150002,97.160004,98.309998,66.175873,10922100
2008-01-10,97.389999,100.860001,97.150002,99.919998,67.259598,10634700
2008-01-11,99.199997,99.459999,97.040001,97.669998,65.745018,8959900
2008-01-14,105.010002,105.589996,101.330002,102.930000,69.285721,18009400
2008-01-15,102.029999,104.639999,101.230003,101.830002,68.545273,11629500
2008-01-16,100.139999,102.860001,100.139999,101.629997,68.410652,12681700
2008-01-17,102.000000,103.449997,100.050003,101.099998,68.053886,11934000
2008-01-18,106.720001,106.720001,102.500000,103.400002,69.602104,23871700
2008-01-22,98.550003,103.089996,98.550003,101.220001,68.134651,15129500
2008-01-23,99.629997,106.339996,98.500000,106.099998,71.419571,19588100
2008-01-24,106.379997,107.510002,104.680000,106.910004,71.964798,13025700
2008-01-25,107.790001,107.790001,104.099998,104.519997,70.355995,10025400
2008-01-28,104.440002,105.769997,103.830002,104.980003,70.665649,7858500
2008-01-29,105.500000,106.800003,104.599998,106.099998,71.419571,6616200
2008-01-30,105.849998,107.650002,104.860001,105.650002,71.116646,7431100
2008-01-31,104.209999,107.970001,103.699997,107.110001,72.099411,9054600
2008-02-01,107.160004,109.400002,105.860001,109.080002,73.425499,8047100
2008-02-04,108.669998,109.000000,107.230003,107.930000,72.651398,5985500
2008-02-05,107.059998,108.050003,104.680000,105.019997,70.692543,9048900
2008-02-06,105.050003,106.489998,103.580002,103.589996,69.996574,8265700
2008-02-07,102.889999,104.000000,100.599998,102.339996,69.151939,11255800
2008-02-08,102.190002,103.669998,102.070000,103.269997,69.780373,6085600
2008-02-11,103.050003,105.550003,102.870003,105.139999,71.043945,6098300
2008-02-12,105.160004,107.330002,104.699997,106.529999,71.983154,7650200
2008-02-13,107.129997,108.930000,106.800003,108.419998,73.260269,6608200
2008-02-14,107.940002,108.500000,105.500000,106.129997,71.712891,7340600
2008-02-15,105.269997,106.250000,105.000000,106.160004,71.733177,6235600
2008-02-19,106.940002,107.620003,104.639999,105.000000,70.949326,7376400
2008-02-20,105.430000,108.209999,104.529999,107.849998,72.875114,7671000
2008-02-21,108.099998,109.599998,106.430000,106.930000,72.253456,8328000
2008-02-22,107.139999,108.480003,105.709999,108.070000,73.023781,7917200
2008-02-25,107.430000,110.320000,107.430000,110.080002,74.381950,8158000
2008-02-26,109.519997,114.989998,109.050003,114.379997,77.287491,18651500
2008-02-27,113.839996,116.629997,112.910004,116.459999,78.692955,11854900
2008-02-28,115.599998,115.900002,114.559998,115.239998,77.868599,7227200
2008-02-29,114.040001,115.139999,113.349998,113.860001,76.936134,8475100
2008-03-03,113.860001,114.809998,113.480003,114.230003,77.186119,6335700
2008-03-04,113.400002,115.720001,112.750000,115.709999,78.186195,8593300
2008-03-05,116.410004,116.410004,114.250000,115.389999,77.969955,8434200
2008-03-06,115.059998,115.150002,112.250000,112.519997,76.030655,8018400
2008-03-07,111.849998,114.750000,111.800003,113.940002,76.990173,8124900
2008-03-10,113.120003,115.989998,113.120003,114.010002,77.037483,9747300
2008-03-11,115.800003,116.559998,114.040001,116.489998,78.713219,10480600
2008-03-12,116.440002,118.000000,115.110001,117.070000,79.105118,9083200
2008-03-13,115.690002,116.779999,113.639999,115.910004,78.321327,9548900
2008-03-14,116.070000,116.519997,112.690002,115.230003,77.861839,9734600
2008-03-17,113.000000,117.040001,113.000000,115.550003,78.078049,9280300
2008-03-18,116.599998,118.430000,113.809998,118.410004,80.010590,9966500
2008-03-19,118.290001,118.500000,116.650002,116.940002,79.017296,9314400
2008-03-20,117.089996,118.480003,116.650002,118.330002,79.956520,11417900
2008-03-24,118.570000,119.790001,118.129997,119.059998,80.449821,8398000
2008-03-25,119.099998,119.099998,117.150002,117.970001,79.713272,8443600
2008-03-26,117.589996,117.970001,114.959999,116.910004,78.997032,9617100
2008-03-27,116.019997,116.199997,114.510002,115.519997,78.057808,8437200
2008-03-28,115.860001,116.750000,114.209999,114.570000,77.415863,6600900
2008-03-31,114.150002,115.870003,113.339996,115.139999,77.801025,9707200
2008-04-01,115.199997,118.370003,114.970001,116.489998,78.713219,11875400
2008-04-02,116.839996,116.879997,113.980003,114.809998,77.578072,8007600
2008-04-03,114.349998,116.820000,113.860001,116.019997,78.395622,7052900
2008-04-04,116.050003,116.580002,114.599998,115.760002,78.219994,5733200
2008-04-07,116.370003,117.370003,115.820000,116.309998,78.591614,6181200
2008-04-08,115.720001,116.879997,115.279999,116.269997,78.564568,7283300
2008-04-09,116.500000,117.720001,115.720001,116.769997,78.902420,6819100
2008-04-10,116.930000,119.220001,116.879997,118.779999,80.260590,9149300
2008-04-11,117.309998,117.800003,115.510002,116.000000,78.382141,9556800
2008-04-14,116.199997,117.940002,115.949997,117.279999,79.247040,7745600
2008-04-15,117.099998,117.669998,115.540001,117.169998,79.172691,8642000
2008-04-16,118.150002,120.470001,117.169998,120.470001,81.402557,19317700
2008-04-17,122.389999,123.720001,120.699997,123.080002,83.166138,18999100
2008-04-18,123.919998,125.000000,123.150002,124.400002,84.058083,12490800
2008-04-21,123.620003,124.510002,122.050003,124.349998,84.024307,6952800
2008-04-22,123.870003,124.349998,123.010002,123.669998,83.564819,5417500
2008-04-23,123.690002,124.779999,122.639999,123.599998,83.517502,7593300
2008-04-24,123.379997,124.900002,122.730003,124.190002,83.916191,5996700
2008-04-25,124.500000,124.500000,122.059998,123.080002,83.166138,6313400
2008-04-28,122.610001,123.050003,121.639999,121.690002,82.226921,5605200
2008-04-29,122.040001,123.199997,122.040001,122.849998,83.010727,7226000
2008-04-30,123.339996,123.500000,120.500000,120.699997,81.557953,8128300
2008-05-01,121.059998,124.430000,121.059998,123.610001,83.524269,8230200
2008-05-02,123.300003,124.000000,121.760002,123.180000,83.233711,6916600
2008-05-05,122.290001,123.250000,121.739998,122.029999,82.456665,6359300
2008-05-06,121.500000,123.339996,120.779999,122.820000,82.990471,5910400
2008-05-07,122.779999,124.980003,122.410004,124.139999,84.225266,11406800
2008-05-08,124.199997,125.169998,123.699997,124.919998,84.754471,9794000
2008-05-09,124.370003,124.650002,123.629997,124.059998,84.171005,5502900
2008-05-12,123.820000,125.989998,123.559998,125.239998,84.971588,8666800
2008-05-13,125.120003,126.699997,125.029999,126.580002,85.880737,9693400
2008-05-14,126.519997,128.830002,126.199997,127.519997,86.518494,8888300
2008-05-15,127.330002,128.679993,126.900002,128.460007,87.156273,7227900
2008-05-16,128.460007,128.479996,126.800003,127.820000,86.722046,6372100
2008-05-19,127.680000,128.210007,126.050003,126.489998,85.819649,6385200
2008-05-20,126.050003,126.050003,124.449997,125.180000,84.930908,7017700
2008-05-21,125.050003,126.400002,123.019997,123.620003,83.872482,8333900
2008-05-22,123.550003,125.349998,123.550003,124.699997,84.605209,5031300
2008-05-23,124.349998,124.910004,123.769997,124.199997,84.265984,4701500
2008-05-27,124.010002,127.379997,124.000000,127.320000,86.382813,6989200
2008-05-28,127.500000,129.539993,126.989998,129.539993,87.889000,9875600
2008-05-29,128.759995,129.990005,128.660004,129.710007,88.004364,7561500
2008-05-30,129.220001,129.990005,128.800003,129.429993,87.814354,8652900
2008-06-02,128.490005,129.369995,126.699997,127.360001,86.409927,7599300
2008-06-03,127.470001,129.000000,127.459999,127.839996,86.735619,7238200
2008-06-04,127.870003,128.500000,126.449997,127.550003,86.538849,6432300
2008-06-05,127.410004,129.039993,127.199997,128.470001,87.163063,6153300
2008-06-06,127.769997,128.139999,124.739998,124.940002,84.768051,7886200
2008-06-09,125.379997,126.180000,124.059998,125.860001,85.392250,5584000
2008-06-10,124.879997,126.720001,124.629997,125.940002,85.446533,5384200
2008-06-11,125.900002,125.900002,122.860001,123.250000,83.621422,7207200
2008-06-12,123.849998,125.089996,123.129997,123.849998,84.028511,6748600
2008-06-13,124.419998,126.570000,124.150002,126.150002,85.589012,6379600
2008-06-16,125.459999,127.139999,124.650002,126.709999,85.968964,6280200
2008-06-17,127.099998,127.099998,124.620003,125.099998,84.876617,5277900
2008-06-18,124.550003,125.430000,123.699997,124.160004,84.238861,6614700
2008-06-19,123.669998,125.620003,122.360001,125.019997,84.822334,7570200
2008-06-20,124.809998,125.019997,122.500000,122.739998,83.275406,9624900
2008-06-23,123.000000,124.500000,122.400002,123.459999,83.763916,5852300
2008-06-24,123.080002,124.250000,121.900002,123.459999,83.763916,7552900
2008-06-25,123.669998,125.830002,123.199997,124.580002,84.523781,7131500
2008-06-26,123.430000,123.820000,120.760002,121.129997,82.183090,9710600
2008-06-27,121.019997,122.050003,118.260002,120.050003,81.450333,11660400
2008-06-30,120.029999,120.220001,118.150002,118.529999,80.419060,8439000
2008-07-01,117.500000,119.360001,116.599998,119.269997,80.921112,10069400
2008-07-02,118.410004,120.550003,118.120003,119.099998,80.805786,8093200
2008-07-03,119.949997,120.779999,117.889999,119.540001,81.104317,6115200
2008-07-07,119.620003,122.639999,119.620003,121.500000,82.434135,9131100
2008-07-08,120.550003,123.989998,120.550003,123.879997,84.048882,9813300
2008-07-09,124.209999,124.500000,120.400002,120.400002,81.687805,9506700
2008-07-10,120.660004,123.540001,120.660004,123.180000,83.573944,10053600
2008-07-11,121.800003,123.739998,120.570000,122.120003,82.854767,8841400
2008-07-14,123.510002,124.250000,121.239998,121.540001,82.461235,8317400
2008-07-15,121.000000,124.500000,119.900002,123.199997,83.587502,10710500
2008-07-16,122.809998,126.889999,122.250000,125.940002,85.446533,9898800
2008-07-17,126.389999,126.959999,124.000000,126.519997,85.840012,12298200
2008-07-18,125.809998,130.000000,125.419998,129.889999,88.126472,18317800
2008-07-21,129.830002,129.899994,127.639999,128.660004,87.291985,7779600
2008-07-22,127.500000,130.000000,127.260002,130.000000,88.201096,11428600
2008-07-23,129.779999,130.330002,128.289993,129.520004,87.875458,10230300
2008-07-24,129.059998,130.929993,128.800003,130.000000,88.201096,8946300
2008-07-25,129.000000,129.899994,128.000000,128.529999,87.203743,7565500
2008-07-28,127.690002,128.440002,126.129997,126.250000,85.656868,6096800
2008-07-29,126.540001,128.169998,126.250000,127.660004,86.613495,5979400
2008-07-30,128.119995,129.000000,127.089996,128.860001,87.427658,5826100
2008-07-31,128.100006,129.500000,127.739998,127.980003,86.830605,5857300
2008-08-01,128.520004,129.300003,126.279999,126.639999,85.921448,4939700
2008-08-04,126.769997,128.100006,126.250000,127.559998,86.545647,5994900
2008-08-05,128.199997,128.899994,127.080002,128.869995,87.434456,6969900
2008-08-06,128.449997,129.500000,127.750000,129.160004,87.972496,6253800
2008-08-07,128.300003,129.970001,127.900002,129.050003,87.897629,6633500
2008-08-08,128.500000,129.880005,127.629997,128.809998,87.734154,8561800
2008-08-11,128.429993,128.429993,125.750000,126.599998,86.228867,7490400
2008-08-12,126.010002,126.500000,124.400002,125.220001,85.288925,6996800
2008-08-13,125.000000,126.989998,124.750000,125.800003,85.683968,5857800
2008-08-14,125.010002,128.250000,124.800003,126.940002,86.460449,6813000
2008-08-15,127.070000,127.190002,125.349998,126.360001,86.065399,5566200
2008-08-18,126.489998,127.000000,123.680000,124.589996,84.859856,5970000
2008-08-19,123.629997,124.790001,122.010002,122.559998,83.477173,9311600
2008-08-20,123.500000,123.970001,122.010002,122.510002,83.443130,6871600
2008-08-21,121.580002,123.430000,121.550003,122.989998,83.770065,6315000
2008-08-22,123.300003,125.349998,122.800003,124.930000,85.091423,5989200
2008-08-25,124.480003,124.930000,122.699997,122.860001,83.681503,5827400
2008-08-26,122.580002,122.849998,121.500000,122.500000,83.436340,6218200
2008-08-27,122.419998,124.849998,122.180000,123.379997,84.035698,5843800
2008-08-28,124.059998,125.449997,123.580002,124.580002,84.853035,5448200
2008-08-29,123.709999,123.989998,121.629997,121.730003,82.911873,7156000
2008-09-02,122.870003,124.000000,117.900002,118.410004,80.650566,11749800
2008-09-03,118.339996,118.650002,115.150002,118.339996,80.602890,11316600
2008-09-04,117.989998,118.900002,114.900002,115.000000,78.327942,10133800
2008-09-05,114.150002,115.089996,113.169998,114.330002,77.871620,8811400
2008-09-08,118.000000,118.279999,115.139999,117.290001,79.887733,10452800
2008-09-09,117.779999,118.099998,115.000000,115.040001,78.355194,8106300
2008-09-10,116.400002,119.949997,116.099998,118.040001,80.398529,11852200
2008-09-11,116.599998,119.370003,116.110001,119.199997,81.188637,9737400
2008-09-12,118.660004,119.279999,116.820000,118.970001,81.031975,6635100
2008-09-15,115.360001,118.410004,115.190002,115.190002,78.457359,9908300
2008-09-16,113.730003,117.639999,113.320000,116.050003,79.043137,13673200
2008-09-17,114.790001,115.500000,110.610001,111.470001,75.923637,12298000
2008-09-18,112.910004,118.589996,111.040001,115.120003,78.409691,15995000
2008-09-19,119.589996,124.000000,117.500000,118.849998,80.950241,14432600
2008-09-22,118.449997,120.139999,116.019997,116.209999,79.152130,8844000
2008-09-23,116.209999,118.169998,114.139999,115.360001,78.573174,8012800
2008-09-24,116.930000,118.169998,114.260002,116.459999,79.322395,6574100
2008-09-25,117.750000,121.989998,116.120003,120.110001,81.808426,6539200
2008-09-26,117.209999,121.010002,117.010002,119.419998,81.338470,4760500
2008-09-29,117.440002,118.430000,109.949997,114.459999,77.960182,9586700
2008-09-30,115.830002,116.959999,111.809998,116.959999,79.662956,18991900
2008-10-01,115.510002,116.800003,107.750000,110.129997,75.010948,13134400
2008-10-02,108.480003,109.970001,103.040001,104.739998,71.339760,11458200
2008-10-03,105.160004,110.949997,103.029999,103.440002,70.454323,9637900
2008-10-06,101.209999,103.000000,96.599998,100.620003,68.533569,11521400
2008-10-07,101.500000,102.620003,94.239998,95.650002,65.148407,11416100
2008-10-08,91.510002,97.480003,89.980003,90.550003,61.674751,17980400
2008-10-09,95.290001,95.309998,88.230003,89.000000,60.619045,21293600
2008-10-10,87.410004,91.660004,83.510002,87.750000,59.767639,24637400
2008-10-13,90.440002,93.610001,86.949997,92.209999,62.805412,17101600
2008-10-14,96.419998,99.000000,92.000000,93.599998,63.752155,15114200
2008-10-15,92.769997,95.290001,87.709999,88.290001,60.135433,11330800
2008-10-16,89.379997,92.000000,84.349998,91.519997,62.335423,16271300
2008-10-17,91.750000,95.910004,87.709999,90.779999,61.831425,15230700
2008-10-20,92.209999,93.309998,89.330002,92.510002,63.009735,9747100
2008-10-21,92.220001,92.459999,88.570000,88.860001,60.523678,9716400
2008-10-22,87.000000,87.589996,80.800003,83.599998,56.941025,14198100
2008-10-23,84.089996,85.889999,81.000000,84.349998,57.451855,12358000
2008-10-24,79.269997,84.309998,78.820000,82.070000,55.898922,12287300
2008-10-27,80.269997,84.500000,79.010002,79.660004,54.257454,11099100
2008-10-28,81.400002,87.610001,79.519997,87.279999,59.447517,14205900
2008-10-29,87.739998,91.000000,86.250000,88.199997,60.074142,12692000
2008-10-30,91.010002,92.400002,88.900002,90.690002,61.770111,12033800
2008-10-31,90.900002,94.190002,89.029999,92.970001,63.323044,10506300
2008-11-03,92.639999,94.669998,92.169998,92.680000,63.125507,7686300
2008-11-04,94.760002,94.760002,92.070000,93.400002,63.615917,10173000
2008-11-05,92.930000,93.400002,89.699997,89.940002,61.259304,8706200
2008-11-06,87.680000,88.830002,84.279999,85.150002,58.320969,12522000
2008-11-07,85.779999,86.709999,84.250000,86.269997,59.088070,7927800
2008-11-10,87.989998,88.099998,82.739998,83.870003,57.444298,9685100
2008-11-11,83.250000,84.290001,80.250000,82.739998,56.670330,10013600
2008-11-12,80.730003,82.400002,79.570000,79.739998,54.615551,11368400
2008-11-13,79.620003,84.389999,75.400002,84.209999,57.677139,15103600
2008-11-14,82.629997,85.400002,79.500000,80.330002,55.019657,12023700
2008-11-17,79.400002,79.739998,77.160004,77.480003,53.067619,10315300
2008-11-18,79.129997,80.930000,77.000000,80.080002,54.848415,13050600
2008-11-19,79.930000,81.000000,75.730003,75.970001,52.033382,12606400
2008-11-20,75.000000,78.389999,70.510002,71.739998,49.136196,17634700
2008-11-21,72.739998,76.980003,69.500000,74.879997,51.286831,19804500
2008-11-24,75.739998,82.089996,75.000000,79.889999,54.718285,15023200
2008-11-25,81.370003,82.400002,78.220001,80.650002,55.238827,12519700
2008-11-26,79.519997,81.790001,78.610001,81.669998,55.937431,8240600
2008-11-28,81.000000,81.900002,80.099998,81.599998,55.889507,3908300
2008-12-01,80.949997,81.360001,76.790001,76.900002,52.670361,10265000
2008-12-02,77.800003,80.000000,76.139999,79.839996,54.684052,9305200
2008-12-03,78.620003,81.000000,76.989998,80.669998,55.252514,9757800
2008-12-04,80.029999,80.830002,76.180000,77.440002,53.040234,10914000
2008-12-05,76.779999,81.500000,75.309998,80.589996,55.197750,11212000
2008-12-08,82.570000,85.879997,81.730003,84.860001,58.122326,11177600
2008-12-09,83.820000,85.430000,82.199997,82.690002,56.636055,9356400
2008-12-10,83.949997,84.989998,81.830002,82.860001,56.752514,8187000
2008-12-11,81.500000,82.860001,79.769997,80.580002,55.190895,10682400
2008-12-12,78.680000,82.940002,78.059998,82.199997,56.300461,10381700
2008-12-15,82.510002,83.540001,80.000000,82.769997,56.690853,8848200
2008-12-16,83.110001,86.839996,82.870003,86.400002,59.177113,11559800
2008-12-17,85.440002,87.269997,84.660004,85.839996,58.793571,8592000
2008-12-18,85.769997,86.639999,82.959999,84.000000,57.533337,8029500
2008-12-19,85.220001,85.220001,82.970001,83.519997,57.204544,13098600
2008-12-22,83.269997,83.449997,80.320000,81.989998,56.156620,7083300
2008-12-23,82.349998,82.809998,80.129997,80.599998,55.204586,6374400
2008-12-24,80.550003,81.220001,79.919998,80.519997,55.149796,2415200
2008-12-26,80.930000,81.800003,80.550003,81.330002,55.704563,3101300
2008-12-29,81.720001,81.720001,79.680000,81.250000,55.649754,6062600
2008-12-30,81.830002,83.639999,81.519997,83.550003,57.225113,5774400
2008-12-31,83.500000,85.000000,83.500000,84.160004,57.642910,6667700
2009-01-02,83.889999,87.589996,83.889999,87.370003,59.841476,7558200
2009-01-05,86.419998,87.669998,86.180000,86.820000,59.464779,8315700
2009-01-06,87.110001,90.410004,86.370003,89.230003,61.115459,9649500
2009-01-07,87.830002,88.800003,87.120003,87.790001,60.129158,8455100
2009-01-08,87.809998,88.139999,85.980003,87.180000,59.711349,7231800
2009-01-09,87.050003,87.500000,84.250000,84.699997,58.012756,7440300
2009-01-12,84.570000,86.599998,84.419998,85.709999,58.704521,8072700
2009-01-13,85.500000,86.589996,84.790001,85.339996,58.451103,7657200
2009-01-14,84.199997,84.820000,82.110001,83.190002,56.978531,9470000
2009-01-15,83.610001,84.830002,82.260002,84.120003,57.615505,11734800
2009-01-16,84.610001,85.739998,83.080002,84.919998,58.163425,11245300
2009-01-20,84.760002,84.919998,81.760002,81.980003,56.149773,13800100
2009-01-21,86.290001,91.599998,86.000000,91.419998,62.615414,24905000
2009-01-22,89.830002,90.739998,88.110001,90.070000,61.690781,12350700
2009-01-23,88.400002,90.699997,87.809998,89.489998,61.293514,10253700
2009-01-26,89.769997,92.669998,89.519997,91.599998,62.738716,9840800
2009-01-27,91.769997,91.970001,90.500000,91.660004,62.779816,8720800
2009-01-28,92.699997,94.940002,91.910004,94.820000,64.944122,13407200
2009-01-29,93.580002,94.580002,92.019997,92.510002,63.361992,9233500
2009-01-30,92.230003,93.480003,91.250000,91.650002,62.772953,9617000
2009-02-02,90.599998,91.860001,89.690002,90.930000,62.279808,9926400
2009-02-03,91.070000,93.730003,90.160004,93.480003,64.026352,8864500
2009-02-04,93.739998,94.910004,91.820000,92.830002,63.581165,10189800
2009-02-05,92.129997,93.199997,91.220001,92.410004,63.293507,11622900
2009-02-06,92.510002,97.099998,91.650002,96.139999,66.206444,13055900
2009-02-09,95.930000,96.980003,94.720001,96.820000,66.674706,8165800
2009-02-10,95.580002,96.820000,92.959999,93.269997,64.230042,13541300
2009-02-11,93.480003,95.769997,93.000000,95.160004,65.531601,10765700
2009-02-12,94.410004,95.199997,92.199997,95.070000,65.469612,9917700
2009-02-13,94.790001,95.180000,93.570000,93.839996,64.622589,6742400
2009-02-17,91.730003,92.489998,90.500000,90.669998,62.439587,8903500
2009-02-18,91.169998,92.250000,90.440002,91.510002,63.018051,8492600
2009-02-19,91.059998,92.160004,88.449997,88.930000,61.241333,12622700
2009-02-20,88.050003,89.900002,87.339996,88.790001,61.144917,12400700
2009-02-23,89.300003,89.330002,84.190002,84.370003,58.101124,13509600
2009-02-24,84.629997,87.080002,84.099998,86.400002,59.499043,12915300
2009-02-25,86.000000,87.120003,82.849998,85.900002,59.154728,12646400
2009-02-26,86.849998,90.199997,86.330002,88.970001,61.268887,17423200
2009-02-27,88.120003,93.279999,88.010002,92.029999,63.376118,21311200
2009-03-02,91.169998,91.900002,88.750000,89.050003,61.323971,15231700
2009-03-03,90.160004,90.180000,87.190002,87.769997,60.442497,13744100
2009-03-04,88.970001,91.239998,87.599998,89.489998,61.626957,15391700
2009-03-05,88.129997,90.160004,87.019997,87.480003,60.242783,14930100
2009-03-06,87.470001,88.250000,83.809998,85.809998,59.092747,15186000
2009-03-09,84.699997,86.800003,83.019997,83.480003,57.488197,13151800
2009-03-10,85.110001,87.250000,83.639999,87.250000,60.084404,15914800
2009-03-11,87.510002,89.540001,86.720001,88.620003,61.027863,11823900
2009-03-12,88.589996,90.599998,87.489998,90.400002,62.253643,11829200
2009-03-13,90.400002,90.650002,89.290001,90.360001,62.226070,9111900
2009-03-16,91.650002,93.000000,90.540001,91.220001,62.818329,11793700
2009-03-17,91.110001,92.910004,90.449997,92.910004,63.982143,11489700
2009-03-18,89.459999,92.900002,89.410004,91.949997,63.321026,17954300
2009-03-19,92.839996,93.349998,91.510002,92.660004,63.809978,9899300
2009-03-20,93.160004,95.000000,92.180000,92.510002,63.706688,12193900
2009-03-23,93.699997,98.709999,93.699997,98.709999,67.976280,12407200
2009-03-24,97.690002,99.550003,97.519997,98.300003,67.693954,9346700
2009-03-25,98.470001,99.860001,96.089996,97.949997,67.452911,12017000
2009-03-26,98.470001,99.199997,97.750000,98.779999,68.024498,11434600
2009-03-27,95.989998,96.000000,92.750000,94.150002,64.836060,15745200
2009-03-30,92.000000,94.739998,91.800003,94.519997,65.090851,10964000
2009-03-31,94.959999,98.660004,94.849998,96.889999,66.722969,14553700
2009-04-01,96.129997,98.000000,95.699997,97.610001,67.218788,12212900
2009-04-02,99.150002,101.989998,98.379997,100.820000,69.429337,16219000
2009-04-03,99.730003,102.660004,99.709999,102.220001,70.393433,10962900
2009-04-06,100.900002,101.849998,100.000000,101.559998,69.938927,8819800
2009-04-07,100.169998,100.500000,98.519997,98.750000,68.003853,8768400
2009-04-08,99.449997,101.550003,99.000000,101.190002,69.684135,7285200
2009-04-09,102.010002,102.449997,100.250000,101.699997,70.035324,8013700
2009-04-13,100.279999,101.650002,99.040001,99.949997,68.830200,7797200
2009-04-14,99.080002,99.949997,98.269997,99.269997,68.361938,6276700
2009-04-15,98.230003,99.059998,96.440002,98.849998,68.072678,8164200
2009-04-16,99.739998,101.919998,99.180000,101.430000,69.849426,9259500
2009-04-17,101.180000,102.040001,99.690002,101.269997,69.739220,10214200
2009-04-20,100.290001,101.190002,99.209999,100.430000,69.160744,12524700
2009-04-21,98.410004,102.480003,98.199997,102.309998,70.455399,15226700
2009-04-22,101.169998,103.860001,101.059998,102.550003,70.620689,12120000
2009-04-23,102.650002,102.779999,99.800003,101.419998,69.842522,9440400
2009-04-24,101.169998,101.580002,99.500000,100.080002,68.919731,10157500
2009-04-27,99.610001,101.690002,99.290001,99.949997,68.830200,8611400
2009-04-28,99.360001,102.730003,99.250000,101.940002,70.200623,11110500
2009-04-29,101.980003,105.000000,101.669998,104.040001,71.646782,9783700
2009-04-30,104.550003,106.050003,102.849998,103.209999,71.075203,10654500
2009-05-01,103.779999,104.860001,102.940002,104.610001,72.039276,6234200
2009-05-04,105.260002,106.750000,104.610001,106.190002,73.127373,8313900
2009-05-05,106.000000,106.820000,105.510002,105.849998,72.893204,6750000
2009-05-06,105.230003,105.500000,103.709999,104.620003,72.422508,7530900
2009-05-07,104.650002,104.800003,101.830002,102.589996,71.017220,8521400
2009-05-08,103.580002,103.750000,99.830002,101.489998,70.255760,11575500
2009-05-11,101.089996,103.879997,100.949997,102.900002,71.231842,8253000
2009-05-12,102.980003,104.379997,102.370003,103.940002,71.951775,7961600
2009-05-13,102.879997,103.099998,101.349998,102.260002,70.788803,8202100
2009-05-14,101.720001,102.709999,100.769997,101.050003,69.951195,9445100
2009-05-15,100.900002,103.070000,100.570000,101.370003,70.172722,8367400
2009-05-18,102.000000,104.709999,101.940002,104.580002,72.394798,7429500
2009-05-19,104.330002,106.120003,104.000000,105.510002,73.038605,7079200
2009-05-20,105.510002,105.980003,103.809998,104.050003,72.027939,7083100
2009-05-21,103.070000,103.250000,101.739998,102.820000,71.176453,7411500
2009-05-22,102.669998,103.309998,101.750000,101.889999,70.532661,5596200
2009-05-26,101.320000,105.629997,101.019997,105.019997,72.699387,7211200
2009-05-27,104.339996,105.169998,102.910004,102.930000,71.252609,7119600
2009-05-28,103.339996,105.139999,102.680000,104.690002,72.470955,6127500
2009-05-29,104.470001,106.500000,103.949997,106.279999,73.571625,6871800
2009-06-01,106.940002,108.669998,106.669998,108.370003,75.018425,7725000
2009-06-02,107.510002,108.800003,106.660004,106.830002,73.952362,7045800
2009-06-03,106.529999,106.599998,105.110001,106.489998,73.716988,7688000
2009-06-04,106.169998,106.870003,105.599998,106.330002,73.606239,5468500
2009-06-05,107.330002,108.400002,106.750000,107.239998,74.236191,7665000
2009-06-08,106.639999,107.980003,105.500000,107.489998,74.409218,6363800
2009-06-09,108.150002,109.139999,107.989998,108.139999,74.859200,8585900
2009-06-10,109.199997,109.279999,107.050003,108.349998,75.004570,7578100
2009-06-11,108.750000,110.639999,108.559998,109.400002,75.731422,9134300
2009-06-12,108.400002,109.279999,107.750000,108.209999,74.907639,7250900
2009-06-15,107.629997,108.830002,107.239998,107.620003,74.499252,8567600
2009-06-16,108.470001,109.139999,107.269997,107.320000,74.291557,7231000
2009-06-17,107.459999,107.879997,106.879997,107.000000,74.070030,7366200
2009-06-18,106.930000,107.529999,106.120003,106.330002,73.606239,6206900
2009-06-19,106.309998,106.650002,105.500000,105.889999,73.301659,13559000
2009-06-22,105.180000,105.879997,104.230003,104.519997,72.353287,7295400
2009-06-23,104.750000,104.870003,103.790001,104.440002,72.297882,5152600
2009-06-24,105.389999,106.480003,103.720001,104.150002,72.097168,6395200
2009-06-25,103.699997,106.790001,103.510002,106.059998,73.419334,6900600
2009-06-26,106.500000,106.500000,105.050003,105.680000,73.156281,5127900
2009-06-29,105.989998,106.180000,105.160004,105.830002,73.260124,4681800
2009-06-30,105.690002,106.029999,103.809998,104.419998,72.284058,7512600
2009-07-01,105.000000,106.269997,104.730003,104.839996,72.574814,5537300
2009-07-02,103.800003,103.910004,101.730003,101.730003,70.421936,7026700
2009-07-06,101.570000,102.230003,100.470001,101.650002,70.366547,6522500
2009-07-07,101.339996,101.959999,100.029999,100.190002,69.355858,6685600
2009-07-08,100.290001,101.169998,99.500000,100.680000,69.695061,7380800
2009-07-09,101.120003,102.779999,100.849998,102.080002,70.664223,6153200
2009-07-10,100.970001,101.720001,99.800003,100.830002,69.798889,7465900
2009-07-13,101.279999,103.650002,100.190002,103.620003,71.730278,9494300
2009-07-14,103.419998,103.620003,102.519997,103.250000,71.474106,5413500
2009-07-15,104.750000,107.220001,104.599998,107.220001,74.222321,8699100
2009-07-16,106.839996,110.970001,106.790001,110.639999,76.589813,14997900
2009-07-17,113.410004,115.529999,113.160004,115.419998,79.898735,20188900
2009-07-20,114.529999,116.879997,114.389999,116.440002,80.604813,10682500
2009-07-21,115.870003,117.040001,115.379997,117.040001,81.020172,8301700
2009-07-22,116.180000,117.199997,115.089996,115.570000,80.002571,8813400
2009-07-23,115.059998,118.000000,115.059998,117.059998,81.034019,8461400
2009-07-24,116.680000,118.150002,116.629997,117.639999,81.435486,6261000
2009-07-27,116.949997,117.919998,116.570000,117.629997,81.428574,5069200
2009-07-28,116.629997,117.519997,116.339996,117.279999,81.186295,5782900
2009-07-29,116.360001,117.279999,116.050003,117.260002,81.172455,5100900
2009-07-30,118.000000,119.370003,117.669998,117.860001,81.587791,6803100
2009-07-31,117.559998,118.989998,117.559998,117.930000,81.636238,5329600
2009-08-03,118.879997,119.959999,118.690002,119.919998,83.013809,6108200
2009-08-04,119.169998,119.800003,119.019997,119.599998,82.792313,4993500
2009-08-05,118.519997,119.000000,117.860001,118.470001,82.010071,5025800
2009-08-06,118.309998,118.400002,116.699997,117.379997,81.634514,6003100
2009-08-07,118.110001,119.910004,118.110001,119.330002,82.990685,5763200
2009-08-10,118.169998,119.190002,117.970001,118.699997,82.552528,3981300
2009-08-11,118.029999,118.500000,117.320000,117.790001,81.919662,4844500
2009-08-12,117.599998,119.959999,117.419998,119.290001,82.962868,6289700
2009-08-13,119.279999,119.779999,118.629997,119.580002,83.164574,5489200
2009-08-14,119.290001,119.739998,117.620003,118.570000,82.462135,4796400
2009-08-17,116.690002,117.440002,116.209999,116.860001,81.272888,5349600
2009-08-18,116.809998,118.000000,116.730003,117.629997,81.808395,4286200
2009-08-19,116.360001,118.769997,116.120003,118.570000,82.462135,4837900
2009-08-20,118.440002,119.410004,118.099998,118.949997,82.726395,4841700
2009-08-21,119.650002,120.010002,118.550003,119.900002,83.387093,8306800
2009-08-24,119.919998,120.879997,119.099998,119.320000,82.983704,6363400
2009-08-25,119.250000,120.150002,118.709999,118.830002,82.642960,4652200
2009-08-26,118.639999,119.849998,117.510002,119.470001,83.088074,4515500
2009-08-27,118.730003,119.589996,117.849998,119.430000,83.060242,4356900
2009-08-28,120.099998,120.230003,117.769997,118.220001,82.218719,6235700
2009-08-31,117.099998,118.059998,116.919998,118.050003,82.100464,5439400
2009-09-01,117.669998,118.930000,116.500000,116.690002,81.154625,6303800
2009-09-02,116.339996,117.239998,116.000000,116.089996,80.737328,5178800
2009-09-03,116.550003,116.730003,115.150002,116.330002,80.904266,4936200
2009-09-04,116.580002,117.500000,116.209999,117.459999,81.690147,3451700
2009-09-08,117.940002,118.169998,116.629997,117.160004,81.481522,5797500
2009-09-09,117.029999,117.669998,116.160004,116.760002,81.203331,5248100
2009-09-10,116.989998,117.830002,116.750000,117.669998,81.836182,4889400
2009-09-11,117.800003,119.250000,117.470001,118.050003,82.100464,5893700
2009-09-14,117.000000,118.989998,116.940002,118.879997,82.677742,4758600
2009-09-15,118.779999,119.449997,118.160004,119.349998,83.004623,6536000
2009-09-16,119.500000,122.000000,119.300003,121.820000,84.722374,11236700
2009-09-17,121.139999,122.779999,121.050003,121.879997,84.764145,8392600
2009-09-18,122.449997,122.879997,121.620003,122.110001,84.924088,9935800
2009-09-21,121.029999,122.080002,120.879997,121.570000,84.548546,4515100
2009-09-22,122.089996,122.110001,120.980003,121.610001,84.576355,5564700
2009-09-23,121.260002,122.739998,120.709999,120.820000,84.026939,5538100
2009-09-24,120.690002,121.650002,120.400002,120.940002,84.110397,5426800
2009-09-25,120.269997,121.650002,120.099998,121.080002,84.207756,5187900
2009-09-28,120.519997,122.000000,118.940002,119.330002,82.990685,8248600
2009-09-29,119.360001,119.940002,118.599998,118.809998,82.629036,6748800
2009-09-30,119.180000,120.000000,117.550003,119.610001,83.185410,7733300
2009-10-01,119.389999,119.610001,117.559998,117.900002,81.996170,7067500
2009-10-02,117.400002,119.660004,117.260002,119.019997,82.775101,7581900
2009-10-05,118.900002,120.180000,118.129997,119.750000,83.282776,5673300
2009-10-06,120.389999,121.589996,120.220001,121.349998,84.395546,6659100
2009-10-07,121.120003,122.849998,120.940002,122.779999,85.390076,5872000
2009-10-08,122.519997,122.980003,121.849998,122.290001,85.049278,6498000
2009-10-09,122.430000,126.000000,122.300003,125.930000,87.580811,13123100
2009-10-12,125.440002,127.099998,125.199997,127.040001,88.352760,7730500
2009-10-13,126.220001,127.389999,126.199997,127.019997,88.338890,7581300
2009-10-14,127.709999,128.610001,126.599998,128.350006,89.263863,9545500
2009-10-15,127.559998,128.000000,126.320000,127.980003,89.006523,11904600
2009-10-16,123.150002,123.699997,121.250000,121.639999,84.597229,19216900
2009-10-19,121.760002,123.360001,121.610001,123.059998,85.584770,7514100
2009-10-20,123.360001,123.500000,121.500000,122.820000,85.417877,8780700
2009-10-21,122.180000,124.110001,120.860001,120.870003,84.061707,7171000
2009-10-22,120.750000,123.000000,120.339996,122.690002,85.327477,6027000
2009-10-23,122.949997,123.059998,120.000000,120.360001,83.707039,6799200
2009-10-26,120.610001,122.440002,119.550003,120.110001,83.533142,6538500
2009-10-27,120.180000,122.139999,119.150002,120.650002,83.908684,9445400
2009-10-28,120.470001,121.680000,119.870003,121.500000,84.499886,8780400
2009-10-29,122.150002,123.029999,121.599998,122.870003,85.452652,6309400
2009-10-30,122.629997,123.250000,120.480003,120.610001,83.880882,7711700
2009-11-02,120.769997,121.930000,119.500000,120.559998,83.846100,7049400
2009-11-03,119.529999,121.190002,119.529999,121.160004,84.263405,5706800
2009-11-04,121.459999,122.500000,121.160004,121.290001,84.353821,6353300
2009-11-05,122.120003,123.500000,122.000000,123.099998,85.612610,6701800
2009-11-06,122.510002,123.489998,122.230003,123.489998,86.269295,4979600
2009-11-09,123.919998,126.000000,123.489998,126.000000,88.022774,7764600
2009-11-10,125.300003,127.050003,125.169998,126.910004,88.658493,6444500
2009-11-11,126.550003,127.300003,125.940002,127.190002,88.854103,6530800
2009-11-12,126.610001,127.650002,126.110001,126.260002,88.204414,5345400
2009-11-13,126.410004,127.800003,126.269997,127.029999,88.742294,4979700
2009-11-16,127.169998,128.240005,127.029999,128.210007,89.566666,7822500
2009-11-17,127.430000,128.649994,127.400002,128.630005,89.860062,1027500
2009-11-18,128.050003,128.350006,127.550003,128.149994,89.524727,3970100
2009-11-19,127.279999,127.839996,126.510002,127.540001,89.098587,5308400
2009-11-20,127.169998,127.690002,126.459999,126.959999,88.693390,5354200
2009-11-23,127.699997,128.940002,127.650002,128.199997,89.559662,7003500
2009-11-24,127.900002,128.320007,127.139999,127.930000,89.371048,4816500
2009-11-25,127.879997,128.220001,127.080002,127.279999,88.916946,3967700
2009-11-27,124.589996,126.620003,124.260002,125.699997,87.813164,3319200
2009-11-30,125.120003,126.599998,124.919998,126.349998,88.267258,6302700
2009-12-01,127.290001,128.389999,126.849998,127.940002,89.378059,6578600
2009-12-02,127.320000,128.389999,127.160004,127.209999,88.868073,4597900
2009-12-03,127.599998,128.470001,127.250000,127.550003,89.105591,5760000
2009-12-04,128.399994,128.899994,126.000000,127.250000,88.895973,7068500
2009-12-07,126.879997,127.529999,126.589996,127.040001,88.749329,4144400
2009-12-08,126.970001,127.349998,126.160004,126.800003,88.581619,5351400
2009-12-09,126.699997,128.389999,126.110001,128.389999,89.692390,6071900
2009-12-10,128.130005,129.470001,128.089996,129.339996,90.356056,7077800
2009-12-11,129.009995,129.770004,128.710007,129.679993,90.593590,6597200
2009-12-14,129.649994,129.979996,129.600006,129.929993,90.768250,5201300
2009-12-15,129.460007,129.860001,127.940002,128.490005,89.762283,7862600
2009-12-16,128.740005,129.600006,128.350006,128.710007,89.915955,6372500
2009-12-17,128.000000,128.559998,127.120003,127.400002,89.000793,5909500
2009-12-18,127.970001,128.389999,127.000000,127.910004,89.357079,9106600
2009-12-21,127.800003,128.940002,127.680000,128.649994,89.874008,4772500
2009-12-22,129.300003,129.979996,129.190002,129.929993,90.768250,5535500
2009-12-23,129.699997,130.000000,129.300003,130.000000,90.817116,4127600
2009-12-24,129.889999,130.570007,129.479996,130.570007,91.215378,4265100
2009-12-28,130.990005,132.309998,130.720001,132.309998,92.430878,5800400
2009-12-29,132.279999,132.369995,131.800003,131.850006,92.109535,4184200
2009-12-30,131.229996,132.679993,130.679993,132.570007,92.612495,3867000
2009-12-31,132.410004,132.850006,130.750000,130.899994,91.445862,4223400
2010-01-04,131.179993,132.970001,130.850006,132.449997,92.528694,6155300
2010-01-05,131.679993,131.850006,130.100006,130.850006,91.410950,6841400
2010-01-06,130.679993,131.490005,129.809998,130.000000,90.817116,5605300
2010-01-07,129.869995,130.250000,128.910004,129.550003,90.502762,5840600
2010-01-08,129.070007,130.919998,129.050003,130.850006,91.410950,4197200
2010-01-11,131.059998,131.059998,128.669998,129.479996,90.453857,5730400
2010-01-12,129.029999,131.330002,129.000000,130.509995,91.173416,8081500
2010-01-13,130.389999,131.119995,129.160004,130.229996,90.977806,6455400
2010-01-14,130.550003,132.710007,129.910004,132.309998,92.430878,7111800
2010-01-15,132.029999,132.889999,131.089996,131.779999,92.060623,8494400
2010-01-19,131.630005,134.250000,131.559998,134.139999,93.709312,13916200
2010-01-20,130.460007,131.149994,128.949997,130.250000,90.991783,15197500
2010-01-21,130.470001,130.690002,128.059998,129.000000,90.118561,9608600
2010-01-22,128.669998,128.889999,125.370003,125.500000,87.673470,10088600
2010-01-25,126.330002,126.889999,125.709999,126.120003,88.106613,5738500
2010-01-26,125.919998,127.750000,125.410004,125.750000,87.848099,7135300
2010-01-27,125.820000,126.959999,125.040001,126.330002,88.253296,8719200
2010-01-28,127.029999,127.040001,123.050003,123.750000,86.450920,9622200
2010-01-29,124.320000,125.000000,121.900002,122.389999,85.500839,11571200
2010-02-01,123.230003,124.949997,122.779999,124.669998,87.093628,7242900
2010-02-02,124.790001,125.809998,123.949997,125.529999,87.694420,5899900
2010-02-03,125.160004,126.070000,125.070000,125.660004,87.785225,4177100
2010-02-04,125.190002,125.440002,122.900002,123.000000,85.926971,9126900
2010-02-05,123.040001,123.720001,121.830002,123.519997,86.290230,8617000
2010-02-08,123.150002,123.220001,121.739998,121.879997,85.525360,5718500
2010-02-09,122.650002,124.199997,122.459999,123.209999,86.458672,6044500
2010-02-10,122.940002,123.650002,122.209999,122.809998,86.177963,5219100
2010-02-11,122.580002,124.199997,122.059998,123.730003,86.823570,5089000
2010-02-12,123.010002,124.050003,121.610001,124.000000,87.013008,8017700
2010-02-16,124.910004,125.230003,124.110001,125.230003,87.876129,6777300
2010-02-17,125.500000,126.529999,125.209999,126.330002,88.648018,5827400
2010-02-18,126.129997,128.000000,126.000000,127.809998,89.686546,5525900
2010-02-19,127.349998,128.059998,126.870003,127.190002,89.251518,6303100
2010-02-22,127.300003,127.430000,126.309998,126.849998,89.012924,3808100
2010-02-23,126.480003,127.660004,126.000000,126.459999,88.739250,4591900
2010-02-24,127.019997,128.270004,126.809998,127.589996,89.532181,4782000
2010-02-25,126.050003,127.239998,125.570000,127.070000,89.167297,5658700
2010-02-26,127.010002,128.000000,126.739998,127.160004,89.230453,4784200
2010-03-01,127.500000,128.830002,127.470001,128.570007,90.219864,4577700
2010-03-02,128.699997,129.089996,127.129997,127.419998,89.412903,6013300
2010-03-03,127.730003,128.020004,126.680000,126.879997,89.033951,6390000
2010-03-04,127.070000,127.070000,125.470001,126.720001,88.921692,6032300
2010-03-05,127.169998,127.550003,127.040001,127.250000,89.293579,6140200
2010-03-08,127.059998,127.500000,126.360001,126.410004,88.704163,6199300
2010-03-09,126.269997,126.290001,125.199997,125.550003,88.100716,7528800
2010-03-10,125.989998,126.360001,125.209999,125.620003,88.149818,6916200
2010-03-11,125.709999,127.809998,125.709999,127.599998,89.539192,7922200
2010-03-12,127.910004,128.369995,127.510002,127.940002,89.777802,5169500
2010-03-15,127.400002,128.339996,127.279999,127.830002,89.700592,4497700
2010-03-16,128.000000,128.880005,127.449997,128.669998,90.290039,6134900
2010-03-17,128.899994,128.929993,127.360001,127.760002,89.651489,6348400
2010-03-18,127.459999,128.750000,127.449997,128.380005,90.086533,4954400
2010-03-19,127.709999,128.929993,126.779999,127.709999,89.616394,10744300
2010-03-22,127.110001,128.389999,126.570000,127.980003,89.805855,5651900
2010-03-23,127.940002,129.429993,127.639999,129.369995,90.781250,5978500
2010-03-24,128.630005,129.949997,128.470001,128.529999,90.191772,6669300
2010-03-25,129.360001,130.729996,129.130005,129.240005,90.690033,7603200
2010-03-26,128.929993,129.779999,128.720001,129.259995,90.704056,5550800
2010-03-29,129.300003,129.949997,128.259995,128.589996,90.233894,4643000
2010-03-30,128.899994,129.130005,128.250000,128.770004,90.360207,3426600
2010-03-31,128.229996,128.750000,127.650002,128.250000,89.995323,4904800
2010-04-01,128.949997,129.309998,127.550003,128.250000,89.995323,4980500
2010-04-05,128.380005,129.800003,128.139999,129.350006,90.767220,4118700
2010-04-06,128.679993,129.300003,128.050003,128.929993,90.472488,3926300
2010-04-07,128.529999,129.270004,128.009995,128.479996,90.156708,5157000
2010-04-08,128.039993,128.229996,127.199997,127.610001,89.546219,6006900
2010-04-09,127.879997,128.869995,127.120003,128.759995,90.353195,5185100
2010-04-12,128.570007,128.960007,128.240005,128.360001,90.072495,3992300
2010-04-13,128.259995,129.429993,127.839996,129.029999,90.542648,6819100
2010-04-14,129.729996,131.419998,129.460007,131.250000,92.100464,8545800
2010-04-15,130.529999,131.139999,130.190002,130.889999,91.847839,6425300
2010-04-16,130.679993,132.169998,130.250000,130.630005,91.665443,9546200
2010-04-19,130.380005,132.279999,130.380005,132.229996,92.788124,11353700
2010-04-20,129.199997,130.330002,128.259995,129.690002,91.005791,15216500
2010-04-21,129.869995,130.270004,128.500000,128.990005,90.514603,7559200
2010-04-22,128.639999,129.360001,127.769997,129.130005,90.612846,6018500
2010-04-23,129.080002,130.100006,128.710007,129.990005,91.216324,6197300
2010-04-26,129.759995,131.039993,129.539993,130.729996,91.735542,5285400
2010-04-27,129.899994,132.000000,128.710007,128.820007,90.395309,10916700
2010-04-28,129.399994,130.470001,129.029999,130.100006,91.293503,7122300
2010-04-29,130.550003,131.210007,130.149994,130.460007,91.546135,5786900
2010-04-30,130.429993,130.639999,128.839996,129.000000,90.521614,6266700
2010-05-03,129.389999,130.139999,128.800003,129.600006,90.942635,4992100
2010-05-04,128.889999,128.929993,126.570000,128.119995,89.904076,8285000
2010-05-05,127.120003,128.229996,126.870003,127.459999,89.440971,6072800
2010-05-06,126.290001,127.930000,116.000000,123.919998,87.402596,13168800
2010-05-07,123.360001,124.389999,120.000000,122.099998,86.118919,10584800
2010-05-10,126.269997,126.669998,125.059998,126.269997,89.060097,8463900
2010-05-11,125.209999,128.419998,125.150002,126.889999,89.497368,6498900
2010-05-12,127.160004,132.850006,127.010002,132.679993,93.581161,16626900
2010-05-13,130.929993,133.100006,130.850006,131.479996,92.734772,10497800
2010-05-14,131.059998,131.669998,129.410004,131.190002,92.530251,9920100
2010-05-17,130.679993,131.759995,128.699997,130.440002,92.001259,8923400
2010-05-18,131.259995,131.990005,129.899994,129.949997,91.655632,9330000
2010-05-19,129.369995,130.500000,127.820000,128.860001,90.886871,8669300
2010-05-20,127.220001,127.959999,123.680000,123.800003,87.317993,13176500
2010-05-21,122.160004,125.610001,121.400002,125.419998,88.460587,12639500
2010-05-24,125.260002,126.019997,124.040001,124.449997,87.776390,6868600
2010-05-25,121.470001,124.949997,121.470001,124.519997,87.825783,9494800
2010-05-26,124.889999,125.940002,123.000000,123.230003,86.915939,9083200
2010-05-27,125.050003,126.389999,124.769997,126.389999,89.144730,7725900
2010-05-28,125.959999,126.279999,124.290001,125.260002,88.347740,7421900
2010-06-01,124.690002,126.879997,124.199997,124.339996,87.698830,7135400
2010-06-02,124.849998,127.500000,124.349998,127.410004,89.864143,7705300
2010-06-03,127.750000,128.220001,126.459999,127.959999,90.252098,6645300
2010-06-04,126.370003,127.099998,124.669998,125.279999,88.361847,9669200
2010-06-07,125.570000,125.860001,124.129997,124.129997,87.550697,6951400
2010-06-08,124.260002,124.459999,122.820000,123.720001,87.261536,8399200
2010-06-09,124.830002,125.839996,123.580002,123.900002,87.388496,7795500
2010-06-10,125.989998,128.220001,125.800003,127.680000,90.054581,7479700
2010-06-11,126.730003,128.800003,126.440002,128.449997,90.597687,5820200
2010-06-14,128.500000,129.970001,128.490005,128.500000,90.632973,6753000
2010-06-15,128.929993,129.949997,128.369995,129.789993,91.542793,6652500
2010-06-16,128.339996,130.679993,128.339996,130.350006,91.937790,6401000
2010-06-17,130.070007,131.029999,129.860001,130.979996,92.382133,5571000
2010-06-18,131.020004,131.250000,130.130005,130.149994,91.796700,9581400
2010-06-21,131.419998,131.940002,130.220001,130.649994,92.149376,6857800
2010-06-22,130.369995,131.470001,129.070007,129.300003,91.197220,6030200
2010-06-23,129.250000,131.470001,129.089996,130.110001,91.768486,6855800
2010-06-24,129.570007,129.729996,127.699997,128.190002,90.414299,5565500
2010-06-25,128.339996,129.100006,127.120003,127.120003,89.659615,10420400
2010-06-28,127.650002,129.470001,127.220001,128.979996,90.971504,6335100
2010-06-29,127.349998,128.399994,124.120003,125.089996,88.227814,9376200
2010-06-30,124.830002,125.220001,123.000000,123.480003,87.092262,8018000
2010-07-01,123.550003,124.209999,121.610001,122.570000,86.450439,9742100
2010-07-02,123.290001,123.290001,120.610001,121.860001,85.949654,6454500
2010-07-06,123.580002,124.629997,122.169998,123.459999,87.078178,6348700
2010-07-07,123.470001,127.120003,123.470001,127.000000,89.574966,7090300
2010-07-08,127.370003,128.149994,126.739998,127.970001,90.259132,5439300
2010-07-09,127.900002,128.199997,127.290001,127.959999,90.252098,3898000
2010-07-12,127.370003,128.830002,127.160004,128.669998,90.752861,4206900
2010-07-13,128.970001,130.979996,128.690002,130.479996,92.029465,6687700
2010-07-14,129.320007,131.600006,129.139999,130.720001,92.198738,6607200
2010-07-15,129.869995,130.919998,129.550003,130.720001,92.198738,6186800
2010-07-16,129.960007,130.149994,127.849998,128.029999,90.301460,7002900
2010-07-19,128.669998,130.380005,128.369995,129.789993,91.542793,8388600
2010-07-20,122.970001,126.559998,122.930000,126.550003,89.257599,16337400
2010-07-21,126.440002,126.500000,124.620003,125.269997,88.354782,8615500
2010-07-22,126.320000,127.779999,126.050003,127.470001,89.906471,6909000
2010-07-23,127.300003,128.800003,127.000000,128.380005,90.548302,5078000
2010-07-26,128.179993,128.429993,127.139999,128.410004,90.569496,5174900
2010-07-27,128.779999,129.169998,127.889999,128.630005,90.724632,4648200
2010-07-28,128.669998,129.350006,127.879997,128.429993,90.583580,4248800
2010-07-29,129.059998,129.500000,127.139999,128.020004,90.294395,8994200
2010-07-30,127.430000,128.979996,127.040001,128.399994,90.562431,6021000
2010-08-02,129.250000,131.199997,129.250000,130.759995,92.226974,6437500
2010-08-03,130.029999,131.039993,129.330002,130.369995,91.951881,5091800
2010-08-04,130.460007,131.500000,129.850006,131.270004,92.586662,4567500
2010-08-05,130.729996,131.979996,130.529999,131.830002,92.981651,4520600
2010-08-06,130.410004,130.479996,128.759995,130.139999,92.244499,6136200
2010-08-09,130.789993,132.339996,130.399994,132.000000,93.562889,6131700
2010-08-10,131.179993,132.490005,130.770004,131.839996,93.449455,5471700
2010-08-11,130.690002,130.690002,129.460007,129.830002,92.024757,6316100
2010-08-12,127.690002,128.779999,127.519997,128.300003,90.940277,5132200
2010-08-13,127.959999,128.460007,127.330002,127.870003,90.635490,4669400
2010-08-16,127.470001,128.229996,126.959999,127.769997,90.564598,4009200
2010-08-17,128.830002,129.850006,127.900002,128.449997,91.046600,4298300
2010-08-18,128.869995,130.199997,127.800003,129.389999,91.712875,4883200
2010-08-19,128.669998,129.589996,128.020004,128.899994,91.365540,5402400
2010-08-20,128.720001,128.979996,126.959999,127.500000,90.373230,6246300
2010-08-23,127.570000,128.029999,126.440002,126.470001,89.643150,4034400
2010-08-24,125.209999,126.019997,124.570000,124.900002,88.530327,5621200
2010-08-25,124.570000,125.599998,124.000000,125.269997,88.792580,5235300
2010-08-26,125.779999,125.779999,122.779999,122.779999,87.027641,7746600
2010-08-27,123.830002,124.800003,122.419998,124.730003,88.409813,6214200
2010-08-30,125.080002,125.269997,123.400002,123.400002,87.467117,3604000
2010-08-31,123.309998,123.989998,122.279999,123.129997,87.275726,5624200
2010-09-01,125.309998,126.309998,124.519997,125.769997,89.146980,5623100
2010-09-02,126.029999,126.230003,124.650002,125.040001,88.629578,5103300
2010-09-03,126.220001,127.599998,125.900002,127.580002,90.429962,5142900
2010-09-07,126.989998,127.360001,125.879997,125.949997,89.274582,4353300
2010-09-08,126.019997,126.519997,125.389999,126.080002,89.366745,4477500
2010-09-09,127.269997,127.570000,126.150002,126.360001,89.565201,3436700
2010-09-10,126.989998,128.289993,126.260002,127.989998,90.720551,4418700
2010-09-13,128.630005,130.000000,128.520004,129.610001,91.868813,5271300
2010-09-14,128.429993,129.919998,128.429993,128.850006,91.330116,4850500
2010-09-15,128.649994,129.960007,128.539993,129.429993,91.741211,4762500
2010-09-16,129.199997,129.949997,128.800003,129.669998,91.911354,4685000
2010-09-17,129.919998,130.600006,129.699997,130.190002,92.279930,10397400
2010-09-20,130.240005,132.089996,130.110001,131.789993,93.414040,7145500
2010-09-21,131.449997,132.800003,130.779999,131.979996,93.548683,5267900
2010-09-22,131.610001,132.580002,131.399994,132.570007,93.966904,4922400
2010-09-23,131.419998,132.779999,131.220001,131.669998,93.328957,3898800
2010-09-24,132.419998,134.149994,132.339996,134.110001,95.058456,7122400
2010-09-27,133.509995,135.000000,133.509995,134.649994,95.441208,6155400
2010-09-28,134.669998,135.139999,133.710007,134.889999,95.611328,7481300
2010-09-29,134.399994,135.800003,134.339996,135.479996,96.029526,5151200
2010-09-30,135.500000,136.110001,133.669998,134.139999,95.079712,6425800
2010-10-01,135.509995,136.279999,135.089996,135.639999,96.142921,5621200
2010-10-04,135.229996,135.919998,134.389999,135.250000,95.866493,4059900
2010-10-05,136.179993,137.899994,136.119995,137.660004,97.574715,6202500
2010-10-06,136.880005,137.960007,136.830002,137.839996,97.702309,4783000
2010-10-07,137.919998,138.880005,137.520004,138.720001,98.326065,6440800
2010-10-08,138.399994,139.089996,138.059998,138.850006,98.418213,4540800
2010-10-11,138.789993,139.940002,138.639999,139.660004,98.992355,4004300
2010-10-12,138.399994,139.990005,138.270004,139.850006,99.127037,5637300
2010-10-13,139.910004,141.479996,139.779999,140.369995,99.495598,8784300
2010-10-14,140.350006,141.500000,139.690002,141.500000,100.296577,5653100
2010-10-15,142.100006,142.100006,140.539993,141.059998,99.984657,7220400
2010-10-18,140.899994,143.029999,140.839996,142.830002,101.239281,10322700
2010-10-19,137.300003,139.339996,136.699997,138.029999,97.836998,14159100
2010-10-20,138.279999,139.869995,138.130005,139.070007,98.574127,6945500
2010-10-21,139.809998,140.490005,138.399994,139.830002,99.112862,6221200
2010-10-22,140.149994,140.750000,139.460007,139.669998,98.999474,4105300
2010-10-25,140.419998,141.399994,139.809998,139.839996,99.119919,4870000
2010-10-26,139.289993,142.000000,138.529999,140.669998,99.708252,7327100
2010-10-27,139.520004,141.570007,139.000000,141.429993,100.246956,6465300
2010-10-28,141.839996,141.949997,140.419998,140.899994,99.871277,5481600
2010-10-29,140.899994,144.000000,140.750000,143.600006,101.785072,8439300
2010-11-01,143.639999,144.259995,142.320007,143.320007,101.586578,5674600
2010-11-02,143.850006,144.710007,143.710007,143.839996,101.955147,4626400
2010-11-03,144.240005,144.460007,142.630005,144.169998,102.189079,5182100
2010-11-04,144.820007,146.839996,144.710007,146.789993,104.046188,6622500
2010-11-05,145.940002,146.929993,145.669998,146.919998,104.138298,4995800
2010-11-08,145.350006,146.580002,145.250000,146.460007,104.273582,4459700
2010-11-09,146.699997,147.529999,145.630005,146.139999,104.045753,5700600
2010-11-10,146.089996,146.789993,145.630005,146.550003,104.337669,5172000
2010-11-11,144.699997,145.500000,143.350006,145.429993,103.540230,4752200
2010-11-12,144.589996,145.770004,143.550003,143.740005,102.337067,4731500
2010-11-15,143.889999,144.750000,143.270004,143.639999,102.265869,3827700
2010-11-16,142.929993,143.380005,141.179993,142.240005,101.269112,6342100
2010-11-17,142.490005,142.490005,141.389999,141.949997,101.062653,4785900
2010-11-18,143.039993,144.990005,142.750000,144.360001,102.778458,4236200
2010-11-19,144.380005,145.350006,143.990005,145.050003,103.269730,5015900
2010-11-22,144.000000,145.429993,143.559998,145.389999,103.511780,3730700
2010-11-23,144.240005,144.529999,142.330002,143.179993,101.938377,4570300
2010-11-24,143.949997,146.440002,143.820007,145.809998,103.810814,4874100
2010-11-26,145.300003,145.300003,143.570007,143.899994,102.450935,2081300
2010-11-29,143.529999,143.669998,141.500000,142.889999,101.731880,5040300
2010-11-30,142.240005,142.759995,141.279999,141.460007,100.713799,7674800
2010-12-01,143.610001,145.130005,143.509995,144.410004,102.814087,6822800
2010-12-02,144.330002,145.850006,144.300003,145.179993,103.362282,5374000
2010-12-03,144.250000,145.679993,144.250000,145.380005,103.504692,3710600
2010-12-06,144.539993,145.869995,144.520004,144.990005,103.226997,3321800
2010-12-07,146.020004,146.300003,143.869995,144.020004,102.536392,4828600
2010-12-08,144.350006,145.649994,143.839996,144.979996,103.219879,4961400
2010-12-09,145.940002,145.940002,143.520004,144.300003,102.735733,4405300
2010-12-10,144.880005,144.949997,143.729996,144.820007,103.105988,3503800
2010-12-13,145.139999,145.399994,144.210007,144.279999,102.721512,4741000
2010-12-14,144.259995,146.009995,144.259995,145.820007,103.817947,4800800
2010-12-15,145.130005,145.720001,144.309998,144.720001,103.034775,4447400
2010-12-16,144.839996,145.320007,144.149994,144.550003,102.913734,4178600
2010-12-17,144.690002,145.500000,144.399994,145.000000,103.234131,10027000
2010-12-20,145.389999,145.539993,144.389999,144.509995,102.885254,3995000
2010-12-21,144.990005,145.990005,144.330002,145.740005,103.760971,3777100
2010-12-22,145.660004,146.399994,145.580002,145.949997,103.910477,3388800
2010-12-23,145.889999,146.330002,145.330002,145.889999,103.867775,2424500
2010-12-27,145.119995,145.699997,145.000000,145.339996,103.476181,2314700
2010-12-28,145.309998,146.149994,145.059998,145.710007,103.739639,2699600
2010-12-29,146.000000,147.500000,145.710007,146.520004,104.316315,3661100
2010-12-30,146.360001,147.110001,146.250000,146.669998,104.423096,3039100
2010-12-31,146.729996,147.070007,145.960007,146.759995,104.487190,2969800
2011-01-03,147.210007,148.199997,147.139999,147.479996,104.999786,4603800
2011-01-04,147.559998,148.220001,146.639999,147.639999,105.113693,5060100
2011-01-05,147.339996,147.479996,146.729996,147.050003,104.693611,4657400
2011-01-06,147.130005,148.789993,146.820007,148.660004,105.839890,5029200
2011-01-07,148.789993,148.860001,146.940002,147.929993,105.320175,4135700
2011-01-10,147.580002,148.059998,147.229996,147.639999,105.113693,3633400
2011-01-11,148.199997,148.350006,146.750000,147.279999,104.857391,4163600
2011-01-12,147.990005,149.289993,147.669998,149.100006,106.153160,4091500
2011-01-13,149.240005,149.289993,148.250000,148.820007,105.953812,3445800
2011-01-14,148.889999,150.000000,148.470001,150.000000,106.793915,4544200
2011-01-18,149.820007,151.460007,149.380005,150.649994,107.256668,9176900
2011-01-19,153.259995,156.130005,152.830002,155.690002,110.844971,12141000
2011-01-20,154.529999,155.960007,154.449997,155.800003,110.923286,7439900
2011-01-21,156.399994,156.779999,154.960007,155.500000,110.709709,7009000
2011-01-24,155.419998,159.789993,155.330002,159.630005,113.650063,7285100
2011-01-25,159.210007,164.350006,159.000000,161.440002,114.938713,8260800
2011-01-26,161.669998,161.899994,160.419998,161.039993,114.653946,5353100
2011-01-27,161.429993,162.179993,160.860001,161.070007,114.675285,4878300
2011-01-28,161.050003,161.919998,158.669998,159.210007,113.351051,6725600
2011-01-31,159.179993,162.000000,158.679993,162.000000,115.337440,7197200
2011-02-01,162.110001,163.940002,162.000000,163.559998,116.448105,5831300
2011-02-02,163.399994,163.600006,162.610001,163.300003,116.263000,3904000
2011-02-03,163.160004,164.199997,162.809998,163.529999,116.426704,4683400
2011-02-04,163.479996,164.139999,163.220001,164.000000,116.761391,3755200
2011-02-07,164.080002,164.990005,164.020004,164.820007,117.345215,4928100
2011-02-08,164.820007,166.250000,164.320007,166.050003,118.688950,5612600
2011-02-09,165.619995,165.970001,164.100006,164.649994,117.688248,4633600
2011-02-10,163.899994,165.000000,163.179993,164.089996,117.287979,5737800
2011-02-11,163.979996,165.009995,163.309998,163.850006,117.116455,5185200
2011-02-14,164.179993,164.380005,162.850006,163.220001,116.666168,4129800
2011-02-15,162.889999,163.570007,162.520004,162.839996,116.394485,3768700
2011-02-16,163.330002,163.600006,162.750000,163.399994,116.794769,3216000
2011-02-17,163.300003,164.669998,162.850006,164.240005,117.395187,3230500
2011-02-18,164.460007,164.839996,164.100006,164.839996,117.824036,4245000
2011-02-22,163.570007,164.259995,161.779999,161.949997,115.758362,5209300
2011-02-23,161.809998,162.679993,160.139999,160.179993,114.493210,5998100
2011-02-24,159.630005,161.270004,159.029999,160.770004,114.914902,5707500
2011-02-25,161.059998,162.339996,160.860001,162.279999,115.994232,4518400
2011-02-28,162.360001,162.990005,161.240005,161.880005,115.708374,4773000
2011-03-01,163.149994,163.149994,159.880005,159.970001,114.343094,4382800
2011-03-02,159.429993,161.110001,159.410004,160.160004,114.478935,3413000
2011-03-03,161.419998,164.000000,161.270004,163.479996,116.851952,4057800
2011-03-04,163.399994,164.309998,160.649994,161.830002,115.672546,4910700
2011-03-07,161.600006,162.979996,158.850006,159.929993,114.314491,5312000
2011-03-08,159.699997,163.429993,159.210007,162.279999,115.994232,5384800
2011-03-09,163.470001,167.720001,163.279999,165.860001,118.553123,9086600
2011-03-10,164.639999,164.669998,161.380005,162.020004,115.808342,7041400
2011-03-11,162.399994,163.240005,160.839996,162.429993,116.101418,4271000
2011-03-14,161.160004,161.979996,160.089996,161.389999,115.358086,4300500
2011-03-15,157.350006,159.639999,156.880005,159.020004,113.664093,6475800
2011-03-16,156.520004,156.979996,151.710007,153.000000,109.361053,12195300
2011-03-17,154.000000,154.500000,152.699997,154.179993,110.204498,7376400
2011-03-18,156.500000,156.949997,154.320007,155.889999,111.426804,11450000
2011-03-21,157.639999,159.630005,157.070007,157.679993,112.706276,5784000
2011-03-22,158.559998,158.610001,157.520004,158.000000,112.934998,4311400
2011-03-23,158.000000,160.080002,157.529999,159.529999,114.028603,4782500
2011-03-24,160.229996,160.710007,158.839996,160.039993,114.393097,5145800
2011-03-25,160.979996,162.740005,160.759995,162.179993,115.922775,5348100
2011-03-28,161.539993,162.580002,161.119995,161.369995,115.343742,3972800
2011-03-29,161.339996,163.089996,161.149994,162.880005,116.423103,3456700
2011-03-30,163.550003,163.990005,163.020004,163.600006,116.937767,3394100
2011-03-31,163.399994,164.059998,163.070007,163.070007,116.558899,3860800
2011-04-01,163.699997,164.419998,163.039993,164.270004,117.416618,4381900
2011-04-04,164.419998,164.729996,163.580002,164.250000,117.402367,3225100
2011-04-05,163.809998,164.699997,163.619995,163.990005,117.216499,3612000
2011-04-06,164.339996,164.750000,163.809998,164.039993,117.252274,3774800
2011-04-07,164.100006,164.550003,163.279999,164.380005,117.495255,3666700
2011-04-08,164.350006,164.380005,163.160004,164.050003,117.259369,3324100
2011-04-11,163.440002,164.000000,163.110001,163.949997,117.187866,4139000
2011-04-12,163.360001,163.770004,162.300003,163.250000,116.687584,3860600
2011-04-13,163.970001,164.929993,163.660004,163.949997,117.187866,4181900
2011-04-14,163.839996,165.360001,163.160004,164.970001,117.916962,4699100
2011-04-15,165.000000,166.339996,164.869995,166.210007,118.803307,5287400
2011-04-18,164.639999,166.160004,162.860001,165.940002,118.610352,6160700
2011-04-19,165.710007,166.380005,164.440002,165.399994,118.224327,6547100
2011-04-20,163.100006,165.889999,162.190002,164.750000,117.759689,10891800
2011-04-21,165.630005,168.449997,164.860001,168.279999,120.282906,6158400
2011-04-25,167.649994,168.770004,167.229996,167.669998,119.846939,3583800
2011-04-26,167.990005,169.199997,167.399994,168.490005,120.433022,7300000
2011-04-27,168.610001,170.589996,168.460007,170.369995,121.776764,5299700
2011-04-28,169.990005,171.380005,169.699997,170.779999,122.069847,5087700
2011-04-29,171.100006,173.000000,170.479996,170.580002,121.926849,5587700
2011-05-02,172.110001,173.539993,171.490005,172.149994,123.049072,5396200
2011-05-03,172.000000,173.479996,171.229996,172.869995,123.563698,5007700
2011-05-04,172.360001,172.619995,169.589996,170.619995,121.955482,6890300
2011-05-05,170.470001,170.869995,167.500000,168.460007,120.411575,7332000
2011-05-06,169.029999,170.149994,168.240005,168.889999,121.258781,4839400
2011-05-09,168.389999,169.850006,168.309998,169.100006,121.409546,3594800
2011-05-10,169.250000,170.899994,169.220001,170.380005,122.328568,4934800
2011-05-11,170.300003,170.520004,167.820007,169.500000,121.696709,4663200
2011-05-12,169.649994,172.770004,168.649994,172.240005,123.663986,5138500
2011-05-13,171.699997,172.149994,169.440002,169.919998,121.998245,5167400
2011-05-16,169.809998,170.639999,168.309998,168.860001,121.237221,4662200
2011-05-17,167.850006,171.410004,166.529999,170.500000,122.414711,8773200
2011-05-18,170.100006,171.190002,169.460007,170.440002,122.371605,4154300
2011-05-19,170.860001,171.399994,169.320007,170.589996,122.479301,3538300
2011-05-20,170.399994,171.149994,169.380005,170.160004,122.170601,4869900
2011-05-23,168.580002,168.690002,167.070007,168.259995,120.806458,5144000
2011-05-24,168.500000,168.669998,167.509995,167.990005,120.612579,4643600
2011-05-25,167.630005,168.399994,167.509995,167.750000,120.440247,3882100
2011-05-26,167.460007,167.500000,165.899994,167.179993,120.031021,5771300
2011-05-27,167.910004,168.470001,167.000000,167.500000,120.260796,3277600
2011-05-31,168.440002,169.889999,167.820007,168.929993,121.287491,9123400
2011-06-01,168.899994,169.580002,166.500000,166.559998,119.585884,5134600
2011-06-02,166.440002,167.100006,165.710007,166.089996,119.248413,3854100
2011-06-03,164.300003,165.889999,164.130005,165.050003,118.501732,5230500
2011-06-06,164.759995,165.580002,164.270004,164.750000,118.286316,3619700
2011-06-07,165.110001,165.240005,163.610001,163.690002,117.525299,4187000
2011-06-08,163.270004,164.850006,163.259995,164.339996,117.991982,3850800
2011-06-09,165.009995,165.960007,164.759995,164.839996,118.350945,4299800
2011-06-10,164.570007,164.839996,162.869995,163.179993,117.159134,4683300
2011-06-13,164.440002,164.460007,162.729996,163.169998,117.151939,5099200
2011-06-14,163.869995,164.570007,163.649994,164.119995,117.834015,7050000
2011-06-15,162.750000,163.410004,161.520004,162.330002,116.548828,5225600
2011-06-16,162.059998,163.630005,161.779999,162.669998,116.792946,4861100
2011-06-17,164.240005,165.100006,163.580002,164.440002,118.063812,7149700
2011-06-20,163.699997,165.610001,163.589996,165.020004,118.480225,3956100
2011-06-21,165.199997,166.750000,164.000000,166.220001,119.341751,5387300
2011-06-22,165.589996,166.809998,165.100006,165.679993,118.954063,3960500
2011-06-23,164.059998,166.729996,163.800003,166.119995,119.269974,5271500
2011-06-24,165.850006,165.940002,164.570007,165.070007,118.516098,4402600
2011-06-27,165.740005,168.240005,165.210007,167.619995,120.346947,4446700
2011-06-28,168.330002,170.699997,168.009995,170.009995,122.062874,4850000
2011-06-29,170.610001,170.860001,169.820007,170.539993,122.443474,3817100
2011-06-30,171.110001,172.449997,170.750000,171.550003,123.168564,5105200
2011-07-01,171.610001,174.649994,171.490005,174.539993,125.315315,5181700
2011-07-05,173.520004,175.429993,173.520004,175.429993,125.954330,4586500
2011-07-06,175.190002,177.770004,175.089996,177.710007,127.591309,5885900
2011-07-07,176.779999,177.270004,176.119995,176.479996,126.708191,5905600
2011-07-08,175.490005,176.490005,175.009995,176.490005,126.715378,4399900
2011-07-11,174.899994,176.149994,174.610001,174.990005,125.638382,4766500
2011-07-12,174.929993,175.369995,173.889999,174.050003,124.963539,5036800
2011-07-13,174.899994,176.320007,174.000000,174.320007,125.157356,4074800
2011-07-14,174.399994,176.100006,173.839996,174.229996,125.092728,4613100
2011-07-15,175.080002,175.940002,174.070007,175.539993,126.033318,5347100
2011-07-18,174.729996,176.460007,173.580002,175.279999,125.846642,8879700
2011-07-19,178.740005,185.210007,178.649994,185.210007,132.976105,13245600
2011-07-20,183.839996,184.419998,183.000000,183.649994,131.856079,5901100
2011-07-21,183.589996,185.500000,182.899994,184.899994,132.753540,4958400
2011-07-22,184.639999,185.630005,184.259995,185.179993,132.954575,4516100
2011-07-25,183.889999,184.960007,183.279999,183.699997,131.891968,4987000
2011-07-26,182.940002,184.050003,182.649994,182.929993,131.339096,4356200
2011-07-27,182.009995,182.910004,180.929993,181.350006,130.204727,5806800
2011-07-28,181.059998,183.270004,180.880005,181.800003,130.527847,4478800
2011-07-29,180.259995,183.429993,179.729996,181.850006,130.563721,6665600
2011-08-01,182.600006,183.690002,178.500000,180.750000,129.773926,5842700
2011-08-02,179.949997,182.289993,177.860001,178.050003,127.835464,5770400
2011-08-03,177.669998,179.229996,175.410004,178.830002,128.395447,6722000
2011-08-04,176.500000,177.919998,171.179993,171.479996,123.118317,11022300
2011-08-05,172.100006,174.220001,166.520004,172.979996,124.195282,11871800
2011-08-08,168.830002,172.610001,166.000000,166.220001,119.861511,15804900
2011-08-09,167.460007,171.050003,162.000000,170.610001,123.027061,12517600
2011-08-10,168.179993,169.229996,161.850006,162.539993,117.207840,13993600
2011-08-11,164.100006,168.770004,162.940002,166.729996,120.229233,9175600
2011-08-12,168.500000,169.380005,165.830002,168.199997,121.289253,5187000
2011-08-15,171.320007,174.000000,170.389999,172.990005,124.743340,7645400
2011-08-16,172.190002,172.190002,169.000000,171.240005,123.481438,5585400
2011-08-17,171.570007,172.990005,169.889999,171.479996,123.654480,5129700
2011-08-18,166.320007,166.460007,160.160004,163.830002,118.138031,15082600
2011-08-19,162.169998,163.940002,157.130005,157.539993,113.602295,14068600
2011-08-22,161.350006,161.679993,157.619995,158.979996,114.640701,7249100
2011-08-23,160.649994,164.589996,159.529999,164.320007,118.491356,6923300
2011-08-24,164.130005,166.830002,163.350006,166.759995,120.250854,6427000
2011-08-25,167.520004,168.529999,164.850006,165.580002,119.399979,6751600
2011-08-26,164.850006,169.330002,163.279999,169.139999,121.967110,6438200
2011-08-29,170.580002,172.720001,170.360001,172.619995,124.476509,5293400
2011-08-30,172.059998,173.509995,170.880005,172.509995,124.397209,4477700
2011-08-31,173.289993,173.720001,170.710007,171.910004,123.964546,6074200
2011-09-01,172.710007,173.679993,170.119995,170.330002,122.825157,5463900
2011-09-02,167.690002,168.929993,166.000000,166.979996,120.409485,4979100
2011-09-06,163.059998,165.550003,162.199997,165.110001,119.061035,5761200
2011-09-07,167.279999,167.899994,166.160004,167.309998,120.647453,6796600
2011-09-08,167.000000,169.580002,165.100006,165.250000,119.162018,6027200
2011-09-09,164.570007,165.190002,160.809998,161.369995,116.364136,6743900
2011-09-12,160.039993,162.440002,158.759995,162.419998,117.121284,5247200
2011-09-13,163.639999,163.919998,161.539993,163.429993,117.849586,4723800
2011-09-14,164.009995,169.660004,161.990005,167.240005,120.597000,6980700
2011-09-15,168.639999,170.160004,167.229996,170.089996,122.652138,5464400
2011-09-16,171.330002,172.990005,169.740005,172.990005,124.743340,11048100
2011-09-19,169.500000,173.869995,169.429993,173.130005,124.844269,4755600
2011-09-20,173.570007,177.429993,172.699997,174.720001,125.990807,6209600
2011-09-21,175.000000,177.669998,172.619995,173.020004,124.764931,7043100
2011-09-22,168.330002,169.970001,166.500000,168.619995,121.592094,8195600
2011-09-23,166.990005,169.539993,165.759995,169.339996,122.111290,5586600
2011-09-26,170.960007,174.699997,169.860001,174.509995,125.839439,6745700
2011-09-27,176.820007,179.619995,176.429993,177.710007,128.146927,7638800
2011-09-28,177.970001,180.750000,177.080002,177.550003,128.031570,7732200
2011-09-29,179.690002,180.910004,175.529999,179.169998,129.199707,6944300
2011-09-30,176.009995,178.270004,174.750000,174.869995,126.098991,7807400
2011-10-03,174.360001,177.919998,173.039993,173.289993,124.959641,9042600
2011-10-04,171.539993,175.070007,168.880005,174.740005,126.005272,9200000
2011-10-05,174.570007,177.300003,172.679993,176.850006,127.526825,5851700
2011-10-06,176.809998,181.990005,175.660004,181.690002,131.016937,7180900
2011-10-07,182.320007,183.720001,181.639999,182.389999,131.521667,6842600
2011-10-10,183.000000,186.630005,182.899994,186.619995,134.571915,5784800
2011-10-11,184.589996,186.000000,184.110001,185.000000,133.403763,5330500
2011-10-12,186.080002,188.000000,185.649994,186.119995,134.211365,5338200
2011-10-13,184.970001,187.500000,184.500000,186.820007,134.716171,4399200
2011-10-14,188.190002,190.529999,187.729996,190.529999,137.391479,5368200
2011-10-17,189.710007,190.160004,185.899994,186.589996,134.550308,8790300
2011-10-18,178.000000,179.380005,176.250000,178.899994,129.005051,15729400
2011-10-19,179.679993,179.809998,177.009995,177.389999,127.916145,6708300
2011-10-20,178.130005,179.240005,176.169998,177.250000,127.815208,7513800
2011-10-21,179.110001,181.669998,178.750000,181.630005,130.973633,8054200
2011-10-24,181.509995,183.389999,180.619995,182.250000,131.420715,5890600
2011-10-25,181.660004,182.970001,180.009995,180.360001,130.057846,5373100
2011-10-26,181.740005,182.279999,179.029999,181.970001,131.218826,5387700
2011-10-27,184.990005,187.000000,183.179993,185.880005,134.038315,7057800
2011-10-28,185.570007,188.070007,185.279999,187.449997,135.170456,5009800
2011-10-31,185.589996,186.910004,184.630005,184.630005,133.136963,4710000
2011-11-01,181.550003,183.259995,180.740005,181.350006,130.771713,5881200
2011-11-02,184.000000,185.250000,183.029999,183.919998,132.624969,4136600
2011-11-03,185.130005,187.779999,184.020004,187.300003,135.062271,4953500
2011-11-04,186.270004,187.139999,184.740005,186.380005,134.398834,3237600
2011-11-07,186.220001,187.729996,184.750000,187.320007,135.076721,3530800
2011-11-08,187.479996,187.880005,185.509995,187.250000,135.569046,4330600
2011-11-09,184.199997,185.240005,181.160004,182.240005,131.941818,5494800
2011-11-10,183.580002,184.770004,181.869995,183.350006,132.745407,3881600
2011-11-11,185.270004,187.830002,185.139999,187.380005,135.663147,3665300
2011-11-14,189.169998,189.839996,186.850006,187.350006,135.641418,6038600
2011-11-15,187.490005,189.970001,185.639999,188.750000,136.655029,4585300
2011-11-16,187.820007,189.899994,186.300003,186.619995,135.112885,4616800
2011-11-17,186.809998,188.830002,183.389999,185.729996,134.468521,5840500
2011-11-18,186.710007,186.970001,184.660004,185.240005,134.113770,4440900
2011-11-21,183.369995,183.960007,180.000000,181.479996,131.391586,5145100
2011-11-22,182.220001,182.979996,180.289993,181.309998,131.268463,4178600
2011-11-23,180.669998,181.490005,177.520004,177.949997,128.835831,4800900
2011-11-25,178.009995,179.559998,177.059998,177.059998,128.191406,2232800
2011-11-28,182.710007,182.929993,180.669998,182.210007,131.920044,4524200
2011-11-29,182.020004,183.309998,180.839996,180.940002,131.000580,3661600
2011-11-30,184.570007,188.350006,184.210007,188.000000,136.112030,7836800
2011-12-01,187.009995,189.990005,186.770004,189.449997,137.161804,4858800
2011-12-02,189.919998,191.330002,189.449997,189.660004,137.313919,4962200
2011-12-05,191.179993,193.610001,190.380005,190.839996,138.168213,5699400
2011-12-06,190.649994,193.529999,190.320007,192.940002,139.688614,4144900
2011-12-07,191.990005,194.899994,191.279999,194.050003,140.492203,5081700
2011-12-08,192.479996,193.800003,191.070007,191.580002,138.703903,4369000
2011-12-09,192.910004,194.869995,192.399994,194.559998,140.861465,4847900
2011-12-12,193.639999,193.899994,191.220001,192.179993,139.138306,3796100
2011-12-13,193.460007,194.300003,190.639999,191.149994,138.392639,5008400
2011-12-14,189.839996,190.279999,188.000000,188.720001,136.633286,5057700
2011-12-15,190.479996,191.199997,186.889999,187.479996,135.735519,4474500
2011-12-16,188.009995,188.009995,181.910004,183.570007,132.904678,11849400
2011-12-19,184.509995,184.690002,182.250000,182.889999,132.412399,5039900
2011-12-20,185.500000,187.330002,184.759995,187.240005,135.561768,4740100
2011-12-21,183.220001,183.500000,179.039993,181.470001,131.384277,9282500
2011-12-22,182.710007,182.800003,181.000000,182.039993,131.796967,5052000
2011-12-23,183.110001,184.850006,181.889999,184.750000,133.759003,3052300
2011-12-27,184.970001,185.850006,184.389999,184.949997,133.903885,2775200
2011-12-28,185.190002,185.399994,183.339996,183.990005,133.208755,2872000
2011-12-29,184.070007,186.229996,184.009995,186.179993,134.794312,2941600
2011-12-30,186.330002,186.479996,183.850006,183.880005,133.129135,3530900
2012-01-03,186.729996,188.710007,186.000000,186.300003,134.881241,5646000
2012-01-04,185.570007,186.330002,184.940002,185.539993,134.330948,4346700
2012-01-05,184.809998,185.029999,183.100006,184.660004,133.693863,4463100
2012-01-06,184.389999,184.479996,182.309998,182.539993,132.158981,4897100
2012-01-09,182.199997,182.270004,180.270004,181.589996,131.471176,5201200
2012-01-10,183.229996,183.720001,181.199997,181.309998,131.268463,5161000
2012-01-11,180.729996,182.809998,180.500000,182.320007,131.999710,4110800
2012-01-12,181.860001,181.910004,178.380005,180.550003,130.718216,6881000
2012-01-13,179.479996,179.610001,177.350006,179.160004,129.711868,5279200
2012-01-17,180.360001,182.000000,179.320007,180.000000,130.320023,6003400
2012-01-18,179.830002,181.600006,179.500000,181.070007,131.094696,4600600
2012-01-19,181.789993,182.360001,180.350006,180.520004,130.696518,8567200
2012-01-20,185.770004,188.970001,184.750000,188.520004,136.488495,12849700
2012-01-23,187.910004,190.520004,187.669998,189.979996,137.545547,5751700
2012-01-24,188.630005,192.300003,188.520004,191.929993,138.957352,5345700
2012-01-25,191.330002,192.240005,189.610001,191.729996,138.812515,4359700
2012-01-26,191.789993,192.789993,190.470001,190.979996,138.269531,4004700
2012-01-27,190.009995,191.770004,189.809998,190.460007,137.893005,3360400
2012-01-30,189.389999,192.729996,188.220001,192.500000,139.370056,4359000
2012-01-31,193.089996,193.100006,191.000000,192.600006,139.442398,4826800
2012-02-01,193.210007,194.809998,192.410004,192.619995,139.456909,5088800
2012-02-02,192.720001,193.330002,191.330002,191.529999,138.667770,3907300
2012-02-03,192.929993,194.130005,192.539993,193.639999,140.195374,4521700
2012-02-06,192.479996,193.759995,192.000000,192.820007,139.601715,3639800
2012-02-07,192.449997,194.139999,191.970001,193.350006,139.985458,3433000
2012-02-08,192.779999,193.580002,191.729996,192.949997,140.239822,3803800
2012-02-09,193.029999,194.460007,192.550003,193.130005,140.370651,3876400
2012-02-10,191.759995,192.429993,191.279999,192.419998,139.854599,3391100
2012-02-13,193.309998,193.690002,191.740005,192.619995,139.999969,2458800
2012-02-14,191.759995,192.600006,190.830002,192.220001,139.709244,3398100
2012-02-15,192.309998,193.440002,191.259995,192.250000,139.731018,4020900
2012-02-16,192.610001,193.250000,192.000000,193.020004,140.290665,3525500
2012-02-17,193.710007,193.860001,192.300003,193.419998,140.581421,3746500
2012-02-21,193.729996,194.240005,192.460007,193.389999,140.559570,3293600
2012-02-22,193.029999,194.740005,192.750000,193.869995,140.908508,3275800
2012-02-23,193.869995,199.229996,193.279999,197.610001,143.626755,8032700
2012-02-24,198.380005,198.559998,196.610001,197.759995,143.735809,3353200
2012-02-27,196.779999,198.710007,196.100006,197.529999,143.568604,3758400
2012-02-28,197.750000,198.960007,197.429993,197.979996,143.895691,3167400
2012-02-29,197.860001,199.169998,196.449997,196.729996,142.987213,5117100
2012-03-01,197.229996,198.470001,196.929993,197.529999,143.568604,3560300
2012-03-02,197.100006,198.889999,197.059998,198.809998,144.498962,3727400
2012-03-05,198.360001,201.190002,198.300003,200.660004,145.843552,6938000
2012-03-06,199.139999,199.639999,196.809998,197.259995,143.372406,5214700
2012-03-07,198.089996,198.570007,197.309998,197.770004,143.743103,3346900
2012-03-08,199.240005,199.990005,198.649994,199.809998,145.225800,3145800
2012-03-09,199.979996,201.100006,199.720001,200.619995,145.814545,3178200
2012-03-12,200.929993,201.570007,200.229996,201.000000,146.090637,3119700
2012-03-13,201.720001,203.899994,201.610001,203.779999,148.111252,4866000
2012-03-14,203.779999,205.149994,203.639999,204.720001,148.794479,4602300
2012-03-15,204.940002,206.179993,204.740005,206.000000,149.724777,3621100
2012-03-16,207.029999,207.520004,206.009995,206.009995,149.732071,9637000
2012-03-19,205.710007,206.529999,204.500000,205.720001,149.521255,3763200
2012-03-20,204.740005,205.000000,203.699997,204.250000,148.452881,3695100
2012-03-21,204.320007,205.770004,204.300003,204.690002,148.772644,3329900
2012-03-22,204.000000,205.990005,203.960007,205.490005,149.354111,3307800
2012-03-23,205.889999,205.960007,204.559998,205.479996,149.346817,3036200
2012-03-26,206.449997,207.919998,206.320007,207.770004,151.011276,3418200
2012-03-27,208.460007,208.660004,207.000000,207.179993,150.582443,2704500
2012-03-28,207.440002,208.690002,206.270004,207.289993,150.662415,3265700
2012-03-29,206.089996,208.500000,206.020004,208.270004,151.374664,3403700
2012-03-30,208.740005,209.119995,208.009995,208.649994,151.650833,3215200
2012-04-02,208.960007,209.690002,208.089996,209.470001,152.246872,3387900
2012-04-03,209.309998,210.690002,208.539993,209.500000,152.268616,4091500
2012-04-04,206.220001,206.979996,205.190002,206.050003,149.761139,4404000
2012-04-05,205.149994,205.679993,204.460007,205.470001,149.339600,3809000
2012-04-09,204.399994,206.169998,203.369995,204.940002,148.954361,3326900
2012-04-10,204.940002,205.740005,202.169998,202.330002,147.057358,4132900
2012-04-11,203.990005,204.320007,202.460007,202.580002,147.239120,3366200
2012-04-12,202.800003,205.559998,202.639999,205.320007,149.230591,2929600
2012-04-13,204.320007,204.649994,202.800003,202.800003,147.398941,3767000
2012-04-16,204.740005,205.970001,202.720001,202.720001,147.340820,3826600
2012-04-17,204.570007,207.639999,204.149994,207.449997,150.778671,6065500
2012-04-18,202.429993,204.070007,200.000000,200.130005,145.458405,10153500
2012-04-19,200.029999,201.259995,197.520004,199.509995,145.007736,5762900
2012-04-20,199.830002,200.119995,199.089996,199.600006,145.073181,4758200
2012-04-23,197.889999,199.100006,196.789993,198.619995,144.360855,3618800
2012-04-24,199.059998,202.479996,198.869995,200.000000,145.363876,5626300
2012-04-25,202.020004,203.690002,201.800003,203.570007,147.958649,4003400
2012-04-26,203.399994,206.210007,203.399994,205.580002,149.419510,3302700
2012-04-27,206.470001,208.169998,205.910004,206.809998,150.313507,3496900
2012-04-30,206.710007,207.960007,206.320007,207.080002,150.509781,2773200
2012-05-01,207.179993,208.929993,206.710007,208.000000,151.178406,2715900
2012-05-02,206.970001,208.270004,206.910004,208.059998,151.222015,2360300
2012-05-03,208.270004,208.919998,206.550003,207.240005,150.626068,2826600
2012-05-04,206.470001,207.110001,204.399994,204.990005,148.990723,4023600
2012-05-07,203.960007,204.770004,202.899994,203.750000,148.089462,3373400
2012-05-08,202.440002,203.059998,199.720001,201.479996,147.053070,3881500
2012-05-09,199.990005,203.000000,199.059998,201.229996,146.870605,3742500
2012-05-10,201.000000,203.250000,200.020004,200.600006,146.410751,3830500
2012-05-11,199.960007,202.119995,199.949997,201.169998,146.826767,2391500
2012-05-14,199.919998,200.710007,198.559998,199.440002,145.564117,3029200
2012-05-15,199.440002,201.470001,198.759995,199.039993,145.272186,2987400
2012-05-16,199.419998,201.350006,198.179993,199.729996,145.775757,5001000
2012-05-17,199.669998,200.789993,197.639999,197.889999,144.432846,5626300
2012-05-18,198.779999,198.779999,195.160004,195.880005,142.965805,5737100
2012-05-21,195.979996,197.929993,194.630005,197.759995,144.337952,3831700
2012-05-22,198.039993,198.259995,196.059998,196.820007,143.651917,3567100
2012-05-23,195.529999,196.490005,193.199997,196.119995,143.140945,4100000
2012-05-24,195.990005,196.279999,194.000000,196.089996,143.119064,3569300
2012-05-25,195.110001,196.000000,194.000000,194.300003,141.812637,2901900
2012-05-29,195.220001,198.080002,195.220001,196.460007,143.389145,3618500
2012-05-30,194.800003,195.470001,193.770004,194.529999,141.980484,3602500
2012-05-31,194.100006,194.929993,192.000000,192.899994,140.790833,9287500
2012-06-01,190.119995,191.720001,188.600006,189.080002,138.002747,5206400
2012-06-04,188.339996,189.380005,187.000000,188.539993,137.608612,4624500
2012-06-05,187.919998,189.850006,187.559998,189.199997,138.090317,3556500
2012-06-06,190.779999,194.000000,190.020004,193.990005,141.586349,3641300
2012-06-07,195.279999,195.830002,193.940002,194.440002,141.914795,3701100
2012-06-08,193.710007,195.139999,192.699997,195.139999,142.425735,2479200
2012-06-11,196.600006,196.699997,192.369995,192.509995,140.506195,3273300
2012-06-12,192.139999,194.669998,192.139999,194.550003,141.995132,3023700
2012-06-13,194.360001,195.190002,192.350006,193.100006,140.936768,3247700
2012-06-14,193.000000,195.830002,192.740005,195.100006,142.396515,3585000
2012-06-15,196.080002,199.270004,195.399994,199.100006,145.316010,6389000
2012-06-18,197.570007,199.639999,197.169998,198.289993,144.724792,3378900
2012-06-19,198.830002,199.990005,198.800003,198.929993,145.191879,3297600
2012-06-20,198.699997,199.740005,197.500000,198.779999,145.082428,3378200
2012-06-21,199.070007,199.449997,193.190002,193.389999,141.148392,4316600
2012-06-22,193.869995,194.880005,193.220001,193.699997,141.374725,8823000
2012-06-25,192.479996,193.389999,191.679993,192.860001,140.761658,3211600
2012-06-26,193.539993,193.679993,190.750000,191.949997,140.097473,3435900
2012-06-27,192.139999,193.699997,190.899994,193.000000,140.863800,2762700
2012-06-28,191.229996,192.080002,188.899994,191.399994,139.696030,3967300
2012-06-29,194.550003,195.809998,192.410004,195.580002,142.746872,5259600
2012-07-02,196.360001,197.199997,194.850006,195.830002,142.929352,2827000
2012-07-03,195.460007,196.339996,194.910004,195.929993,143.002289,1450400
2012-07-05,194.880005,196.850006,193.630005,195.289993,142.535217,2690200
2012-07-06,193.919998,193.940002,189.740005,191.410004,139.703308,4952900
2012-07-09,190.759995,191.000000,188.050003,189.669998,138.433319,3988100
2012-07-10,190.300003,191.139999,185.600006,186.259995,135.944534,4690300
2012-07-11,186.220001,187.360001,183.509995,185.250000,135.207367,5456100
2012-07-12,184.250000,184.389999,181.850006,183.089996,133.630829,4931300
2012-07-13,183.460007,186.330002,183.029999,186.009995,135.762024,3933000
2012-07-16,185.580002,186.100006,184.580002,184.789993,134.871597,3144400
2012-07-17,185.729996,186.289993,183.199997,183.649994,134.039566,5158600
2012-07-18,184.149994,188.589996,183.550003,188.250000,137.396957,8019500
2012-07-19,193.399994,196.850006,192.970001,195.339996,142.571655,10395400
2012-07-20,194.089996,194.899994,192.169998,192.449997,140.462402,4789700
2012-07-23,189.779999,191.300003,188.199997,190.830002,139.279984,3904500
2012-07-24,190.919998,191.320007,188.559998,190.339996,138.922394,3597100
2012-07-25,190.309998,192.770004,189.320007,191.080002,139.462448,3833800
2012-07-26,193.490005,194.949997,192.570007,193.949997,141.557190,3282900
2012-07-27,195.100006,197.410004,193.949997,196.389999,143.338043,4177300
2012-07-30,196.320007,197.839996,195.919998,196.679993,143.549713,2787000
2012-07-31,196.500000,197.580002,195.880005,195.979996,143.038834,3507000
2012-08-01,196.960007,197.850006,194.720001,195.179993,142.454880,2559300
2012-08-02,194.160004,196.600006,193.020004,194.449997,141.922119,2812600
2012-08-03,196.479996,198.949997,196.160004,198.520004,144.892639,3278100
2012-08-06,198.759995,199.940002,198.520004,198.759995,145.067780,2337800
2012-08-07,199.429993,200.880005,198.800003,199.929993,145.921768,3209400
2012-08-08,198.270004,199.690002,198.160004,199.029999,145.885147,2068300
2012-08-09,198.619995,199.460007,197.889999,198.419998,145.438019,2160100
2012-08-10,197.869995,199.369995,197.240005,199.289993,146.075684,2600500
2012-08-13,198.880005,199.979996,197.789993,199.009995,145.870453,2418300
2012-08-14,198.880005,199.330002,197.720001,198.289993,145.342667,2562300
2012-08-15,198.899994,199.330002,197.919998,198.399994,145.423325,2111800
2012-08-16,198.770004,201.320007,198.119995,200.839996,147.211823,2729500
2012-08-17,201.080002,202.000000,200.660004,201.220001,147.490356,2551800
2012-08-20,200.690002,201.130005,200.029999,200.500000,146.962601,2336000
2012-08-21,200.990005,201.000000,198.369995,198.649994,145.606583,3111300
2012-08-22,198.639999,198.649994,196.899994,197.250000,144.580399,3296100
2012-08-23,197.039993,197.369995,195.440002,195.699997,143.444275,2757400
2012-08-24,194.960007,198.110001,194.199997,197.770004,144.961548,2639500
2012-08-27,197.960007,198.300003,195.610001,195.690002,143.436966,2498800
2012-08-28,195.559998,196.110001,194.500000,194.869995,142.835938,2539200
2012-08-29,195.130005,196.039993,194.899994,195.080002,142.989853,2141400
2012-08-30,194.770004,195.470001,193.179993,193.369995,141.736435,2740900
2012-08-31,194.309998,195.949997,193.460007,194.850006,142.821213,3193300
2012-09-04,196.610001,197.169998,193.250000,194.539993,142.594009,4514400
2012-09-05,194.410004,195.850006,193.889999,195.039993,142.960510,3312500
2012-09-06,196.259995,199.460007,196.110001,199.100006,145.936462,3931700
2012-09-07,199.119995,199.500000,198.080002,199.500000,146.229614,3413700
2012-09-10,199.389999,201.820007,198.729996,200.949997,147.292465,4208000
2012-09-11,200.550003,203.460007,200.509995,203.270004,148.992889,3910600
2012-09-12,203.520004,204.649994,202.960007,203.770004,149.359436,3284000
2012-09-13,204.380005,206.809998,203.460007,206.360001,151.257858,3879600
2012-09-14,206.240005,207.649994,206.050003,206.809998,151.587677,4057100
2012-09-17,205.550003,207.990005,205.550003,207.149994,151.836914,3275100
2012-09-18,206.880005,207.880005,206.479996,207.070007,151.778275,2476100
2012-09-19,207.550003,207.570007,206.009995,206.429993,151.309174,2605600
2012-09-20,205.850006,206.990005,205.300003,206.179993,151.125900,3739100
2012-09-21,207.360001,207.940002,205.919998,205.979996,150.979355,12771500
2012-09-24,205.020004,206.059998,204.899994,205.289993,150.473541,3511100
2012-09-25,205.600006,207.320007,204.949997,204.979996,150.246368,3345200
2012-09-26,205.050003,205.979996,203.899994,204.000000,149.528030,3423300
2012-09-27,204.369995,206.899994,204.139999,205.910004,150.928024,2771900
2012-09-28,205.660004,208.320007,205.309998,207.449997,152.056793,4910900
2012-10-01,208.009995,211.750000,207.940002,210.470001,154.270401,5456900
2012-10-02,210.960007,211.470001,208.500000,209.839996,153.808640,3321000
2012-10-03,209.940002,211.300003,209.300003,210.509995,154.299713,3192300
2012-10-04,210.279999,210.970001,208.529999,210.389999,154.211792,2957500
2012-10-05,211.149994,211.789993,210.059998,210.589996,154.358414,2858400
2012-10-08,210.020004,210.639999,209.210007,209.820007,153.793961,1982600
2012-10-09,209.949997,210.740005,207.699997,207.990005,152.452621,3580400
2012-10-10,207.820007,208.229996,205.050003,205.820007,150.862030,4024500
2012-10-11,206.570007,207.270004,205.630005,205.759995,150.818069,2910000
2012-10-12,205.639999,207.960007,205.559998,207.800003,152.313339,2712000
2012-10-15,208.880005,209.399994,207.820007,208.929993,153.141602,3060900
2012-10-16,209.940002,211.000000,209.470001,211.000000,154.658905,5632100
2012-10-17,201.210007,203.410004,198.550003,200.630005,147.057877,12673900
2012-10-18,199.910004,200.139999,194.070007,194.960007,142.901840,9295900
2012-10-19,195.289993,196.080002,193.179993,193.360001,141.729095,6620300
2012-10-22,193.710007,194.679993,192.440002,194.399994,142.491409,4402500
2012-10-23,193.529999,194.000000,190.940002,191.250000,140.182541,4427400
2012-10-24,192.440002,193.289993,190.559998,190.720001,139.794052,3738000
2012-10-25,191.410004,192.440002,190.710007,191.600006,140.439056,3249600
2012-10-26,191.490005,193.869995,191.470001,193.270004,141.663147,4006500
2012-10-31,194.800003,196.410004,193.630005,194.529999,142.586700,6052300
2012-11-01,194.679993,197.889999,194.550003,197.149994,144.507111,3758800
2012-11-02,197.529999,198.000000,193.289993,193.429993,141.780441,4260100
2012-11-05,192.360001,194.970001,192.009995,194.139999,142.300827,2736200
2012-11-06,195.259995,196.750000,194.679993,195.070007,142.982498,3281000
2012-11-07,193.360001,193.679993,191.160004,191.160004,140.729782,4746200
2012-11-08,191.399994,191.809998,190.089996,190.100006,139.949417,3542200
2012-11-09,189.850006,191.639999,188.880005,189.639999,139.610748,3671600
2012-11-12,190.029999,190.770004,187.410004,189.250000,139.323669,3067400
2012-11-13,188.389999,190.880005,188.250000,188.320007,138.638977,3406700
2012-11-14,189.139999,189.270004,185.279999,185.509995,136.570282,4404400
2012-11-15,185.830002,187.199997,184.779999,185.850006,136.820633,3411700
2012-11-16,186.330002,187.559998,185.100006,186.940002,137.623047,4660800
2012-11-19,188.619995,190.389999,188.300003,190.350006,140.133438,3588900
2012-11-20,189.880005,190.110001,188.250000,189.199997,139.286865,3170200
2012-11-21,189.300003,190.889999,188.949997,190.289993,140.089249,5189600
2012-11-23,191.000000,193.490005,190.800003,193.490005,142.445084,3877600
2012-11-26,192.449997,193.369995,191.770004,192.880005,141.996017,5210300
2012-11-27,192.080002,193.050003,191.000000,191.229996,140.781357,3290900
2012-11-28,190.979996,192.039993,189.270004,191.979996,141.333420,3603600
2012-11-29,192.750000,192.899994,190.199997,191.529999,141.002167,4077900
2012-11-30,191.750000,192.000000,189.500000,190.070007,139.927307,4936400
2012-12-03,190.759995,191.300003,188.360001,189.479996,139.492981,3349600
2012-12-04,189.710007,190.750000,189.020004,189.360001,139.404633,3990700
2012-12-05,189.009995,189.460007,186.940002,188.649994,138.881943,4202100
2012-12-06,189.169998,190.179993,188.410004,189.699997,139.654892,3216600
2012-12-07,190.139999,192.199997,190.110001,191.949997,141.311386,4091300
2012-12-10,192.169998,193.539993,191.649994,192.619995,141.804565,3438500
2012-12-11,193.179993,194.800003,193.149994,194.199997,142.967758,4144000
2012-12-12,194.600006,194.750000,192.460007,192.949997,142.047531,4241900
2012-12-13,192.179993,193.050003,191.369995,191.990005,141.340820,3623200
2012-12-14,191.690002,193.399994,191.259995,191.759995,141.171494,3826900
2012-12-17,191.759995,193.910004,191.759995,193.619995,142.540787,3792400
2012-12-18,193.850006,195.919998,193.839996,195.690002,144.064651,4125900
2012-12-19,195.460007,196.449997,195.000000,195.080002,143.615631,4270500
2012-12-20,194.470001,194.949997,193.160004,194.770004,143.387390,4184500
2012-12-21,193.100006,194.500000,191.570007,193.419998,142.393570,8225300
2012-12-24,193.050003,193.830002,192.020004,192.399994,141.642624,1631200
2012-12-26,192.210007,193.529999,190.949997,191.949997,141.311386,2776500
2012-12-27,191.529999,193.279999,190.699997,192.710007,141.870865,3967600
2012-12-28,191.110001,192.220001,189.830002,189.830002,139.750656,3536600
2012-12-31,189.229996,191.679993,188.839996,191.550003,141.016815,4684900
2013-01-02,194.089996,196.350006,193.800003,196.350006,144.550583,4234100
2013-01-03,195.669998,196.289993,194.440002,195.270004,143.755508,3644700
2013-01-04,194.190002,194.460007,192.779999,193.990005,142.813156,3380200
2013-01-07,193.399994,193.779999,192.339996,193.139999,142.187424,2862300
2013-01-08,192.919998,193.300003,191.600006,192.869995,141.988678,3026900
2013-01-09,193.479996,193.490005,191.649994,192.320007,141.583740,3212000
2013-01-10,192.649994,192.960007,191.279999,192.880005,141.996017,3608100
2013-01-11,194.149994,195.000000,192.899994,194.449997,143.151794,3880400
2013-01-14,192.820007,193.279999,191.750000,192.619995,141.804565,4172200
2013-01-15,191.309998,192.729996,190.389999,192.500000,141.716232,4172100
2013-01-16,192.000000,193.179993,191.350006,192.589996,141.782516,2962900
2013-01-17,193.850006,194.460007,193.240005,193.649994,142.562866,3881600
2013-01-18,194.029999,195.000000,193.800003,194.470001,143.166519,4559600
2013-01-22,194.360001,196.080002,194.009995,196.080002,144.351822,7172300
2013-01-23,203.500000,208.580002,203.360001,204.720001,150.712463,12530500
2013-01-24,203.910004,205.059998,203.080002,204.419998,150.491623,4447200
2013-01-25,204.449997,205.179993,204.130005,204.970001,150.896545,3358900
2013-01-28,204.850006,206.220001,204.289993,204.929993,150.867020,2823700
2013-01-29,204.339996,205.729996,203.639999,203.899994,150.108826,3617100
2013-01-30,203.690002,204.880005,203.190002,203.520004,149.829025,2998400
2013-01-31,203.320007,204.470001,202.960007,203.070007,149.497772,3091400
2013-02-01,204.649994,205.350006,203.839996,205.179993,151.051117,3370700
2013-02-04,204.190002,205.020004,203.570007,203.789993,150.027771,3188800
2013-02-05,204.309998,204.750000,202.509995,202.789993,149.291672,3636900
2013-02-06,200.389999,201.289993,199.559998,201.020004,148.611496,3624200
2013-02-07,200.619995,200.910004,198.679993,199.740005,147.665207,3076700
2013-02-08,199.970001,202.089996,199.679993,201.679993,149.099442,2893300
2013-02-11,200.979996,201.949997,199.750000,200.160004,147.975708,2944700
2013-02-12,200.009995,200.740005,199.020004,200.039993,147.886948,2461800
2013-02-13,200.649994,200.949997,199.570007,200.089996,147.923920,2169800
2013-02-14,199.729996,200.320007,199.259995,199.649994,147.598648,3294200
2013-02-15,199.979996,201.250000,199.820007,200.979996,148.581879,3627800
2013-02-19,200.600006,201.889999,200.220001,200.320007,148.094025,2998300
2013-02-20,200.619995,201.720001,198.860001,199.309998,147.347275,3715400
2013-02-21,198.630005,199.070007,198.110001,198.330002,146.622818,3922900
2013-02-22,199.229996,201.089996,198.839996,201.089996,148.663254,3107900
2013-02-25,201.669998,202.490005,197.509995,197.509995,146.016602,3844800
2013-02-26,198.630005,199.899994,197.839996,199.139999,147.221634,3391600
2013-02-27,198.889999,202.750000,198.600006,202.330002,149.579956,4185100
2013-02-28,202.179993,203.119995,200.789993,200.830002,148.471008,4689200
2013-03-01,200.649994,202.940002,199.360001,202.910004,150.008728,3308300
2013-03-04,202.589996,205.190002,202.550003,205.190002,151.694275,3693400
2013-03-05,205.860001,207.699997,205.690002,206.529999,152.684982,3807800
2013-03-06,207.029999,208.490005,206.660004,208.380005,154.052643,3594800
2013-03-07,208.289993,209.600006,208.240005,209.419998,154.821487,3884400
2013-03-08,209.850006,210.740005,209.429993,210.380005,155.531235,3700500
2013-03-11,210.039993,210.199997,209.039993,210.080002,155.309433,3049700
2013-03-12,209.399994,210.729996,209.089996,210.550003,155.656891,3591600
2013-03-13,210.199997,212.360001,209.770004,212.059998,156.773209,3355900
2013-03-14,212.149994,215.860001,212.149994,215.800003,159.538162,5505500
2013-03-15,215.380005,215.899994,213.410004,214.919998,158.887573,7930300
2013-03-18,212.899994,214.500000,212.639999,213.210007,157.623428,3006000
2013-03-19,214.130005,215.119995,211.830002,213.440002,157.793411,3198600
2013-03-20,214.759995,215.820007,214.300003,215.059998,158.991089,3019000
2013-03-21,212.960007,213.000000,210.110001,212.259995,156.921112,5830400
2013-03-22,212.210007,213.169998,211.619995,212.080002,156.788055,3031500
2013-03-25,212.539993,212.809998,210.050003,210.740005,155.797394,3242500
2013-03-26,211.770004,212.500000,211.500000,212.360001,156.994965,2300300
2013-03-27,210.960007,212.160004,210.100006,210.889999,155.908234,3223400
2013-03-28,209.830002,213.440002,209.740005,213.300003,157.689911,3749900
2013-04-01,212.800003,213.500000,211.250000,212.380005,157.009781,2144500
2013-04-02,212.919998,214.710007,211.570007,214.360001,158.473587,3116800
2013-04-03,214.320007,214.889999,212.630005,212.660004,157.216797,3128800
2013-04-04,212.770004,212.929993,210.039993,211.309998,156.218719,3709500
2013-04-05,209.100006,209.839996,206.339996,209.410004,154.814072,4148000
2013-04-08,209.070007,209.320007,207.330002,209.320007,154.747589,2351200
2013-04-09,209.559998,210.000000,208.610001,209.220001,154.673645,2577300
2013-04-10,211.860001,212.509995,210.470001,212.000000,156.728867,3524200
2013-04-11,211.500000,213.089996,210.850006,212.919998,157.408966,3655600
2013-04-12,210.789993,211.490005,209.779999,211.380005,156.270477,3165400
2013-04-15,210.440002,211.690002,209.259995,209.259995,154.703217,4218100
2013-04-16,210.839996,212.000000,209.199997,212.000000,156.728867,2859500
2013-04-17,210.529999,211.089996,209.500000,209.669998,155.006317,3269800
2013-04-18,210.110001,210.250000,206.149994,207.149994,153.143311,6502000
2013-04-19,195.740005,196.500000,189.759995,190.000000,140.464493,18847000
2013-04-22,191.149994,191.380005,187.679993,187.830002,138.860275,9845400
2013-04-23,189.270004,192.550003,188.610001,191.610001,141.654816,6296100
2013-04-24,192.160004,192.500000,191.089996,191.710007,141.728729,3693900
2013-04-25,192.690002,195.169998,192.320007,193.949997,143.384689,4650900
2013-04-26,194.160004,194.710007,193.250000,194.309998,143.650879,3490300
2013-04-29,194.779999,199.679993,194.649994,199.149994,147.228989,5932400
2013-04-30,199.130005,202.589996,197.350006,202.539993,149.735229,7539900
2013-05-01,201.869995,202.169998,199.199997,199.630005,147.583908,4899100
2013-05-02,200.119995,202.429993,199.750000,202.389999,149.624329,3945100
2013-05-03,203.940002,205.320007,203.750000,204.509995,151.191559,4492700
2013-05-06,203.789993,203.990005,201.520004,202.779999,149.912628,4826500
2013-05-07,202.809998,203.729996,201.649994,203.630005,150.541031,3451000
2013-05-08,202.940002,204.850006,202.509995,204.820007,152.130493,3601700
2013-05-09,204.690002,205.000000,202.720001,203.240005,150.957016,3542300
2013-05-10,203.369995,204.529999,202.820007,204.470001,151.870560,3279200
2013-05-13,204.179993,204.470001,202.220001,202.470001,150.385071,3648400
2013-05-14,202.089996,203.669998,202.080002,203.210007,150.934708,3699700
2013-05-15,202.250000,203.679993,202.039993,203.320007,151.016449,4028100
2013-05-16,204.000000,206.589996,204.000000,204.690002,152.033951,4507000
2013-05-17,205.250000,209.500000,204.990005,208.440002,154.819260,5704100
2013-05-20,208.020004,209.149994,207.419998,207.600006,154.195374,3614500
2013-05-21,207.240005,209.479996,207.000000,208.649994,154.975235,2982900
2013-05-22,208.500000,210.149994,206.119995,206.990005,153.742249,5186800
2013-05-23,205.479996,208.610001,205.130005,206.160004,153.125824,5179100
2013-05-24,204.690002,206.429993,204.419998,205.720001,152.798996,3295800
2013-05-28,207.440002,208.589996,207.160004,207.779999,154.329086,4011500
2013-05-29,206.220001,208.419998,206.039993,207.919998,154.433044,3439400
2013-05-30,206.970001,210.990005,206.970001,209.360001,155.502609,4399700
2013-05-31,208.589996,211.979996,208.020004,208.020004,154.507309,4949000
2013-06-03,208.250000,210.050003,207.330002,208.949997,155.198090,3322000
2013-06-04,208.600006,209.000000,205.080002,206.190002,153.148087,3598300
2013-06-05,205.160004,206.289993,202.399994,202.740005,150.585602,4215400
2013-06-06,203.000000,204.199997,201.470001,203.800003,151.372925,3679400
2013-06-07,204.850006,206.350006,204.110001,206.350006,153.266968,2953400
2013-06-10,206.970001,206.979996,204.899994,205.020004,152.279053,2652300
2013-06-11,203.169998,205.949997,202.509995,203.979996,151.506622,2814400
2013-06-12,204.589996,205.229996,200.509995,201.199997,149.441788,3409800
2013-06-13,201.009995,204.399994,200.339996,203.770004,151.350632,2899500
2013-06-14,203.970001,204.740005,201.809998,202.199997,150.184509,2804500
2013-06-17,203.440002,205.169998,202.550003,203.039993,150.808380,3219900
2013-06-18,203.020004,206.089996,202.869995,204.869995,152.167603,3277800
2013-06-19,204.440002,205.029999,201.929993,201.940002,149.991425,2846100
2013-06-20,200.669998,201.699997,197.279999,197.350006,146.582138,4514800
2013-06-21,198.500000,198.520004,193.539993,195.460007,145.178391,8914800
2013-06-24,193.990005,194.910004,191.339996,193.539993,143.752289,4356200
2013-06-25,195.309998,195.589996,193.149994,194.979996,144.821854,3846200
2013-06-26,195.970001,196.229996,194.500000,194.860001,144.732681,3320200
2013-06-27,196.050003,196.899994,195.289993,195.649994,145.319443,3514200
2013-06-28,191.729996,192.660004,188.410004,191.110001,141.947418,10055800
2013-07-01,192.149994,193.800003,191.119995,191.279999,142.073624,4442400
2013-07-02,190.779999,193.229996,190.259995,191.500000,142.237091,3657700
2013-07-03,190.979996,194.220001,190.509995,193.250000,143.536880,1872600
2013-07-05,194.490005,195.160004,192.350006,194.929993,144.784698,2405400
2013-07-08,195.600006,195.779999,194.610001,194.979996,144.821854,2947500
2013-07-09,191.880005,192.800003,190.779999,191.300003,142.088516,5204200
2013-07-10,191.509995,193.429993,191.270004,192.250000,142.794113,3892000
2013-07-11,193.779999,194.110001,192.610001,192.800003,143.202591,4177500
2013-07-12,193.070007,193.699997,191.589996,192.070007,142.660431,4494700
2013-07-15,192.419998,194.889999,191.679993,194.000000,144.093948,5674700
2013-07-16,194.039993,194.580002,192.679993,193.850006,143.982544,3745300
2013-07-17,194.720001,194.889999,193.029999,194.550003,144.502487,6868400
2013-07-18,198.270004,200.940002,195.990005,197.990005,147.057556,8393400
2013-07-19,197.910004,197.990005,193.240005,193.539993,143.752289,6997600
2013-07-22,193.399994,195.789993,193.279999,194.089996,144.160782,3398000
2013-07-23,194.210007,196.429993,194.100006,194.979996,144.821854,2863800
2013-07-24,195.949997,197.300003,195.860001,196.610001,146.032532,2957900
2013-07-25,196.300003,197.830002,195.660004,197.220001,146.485611,3014300
2013-07-26,196.589996,197.369995,195.000000,197.350006,146.582138,2485100
2013-07-29,196.830002,197.190002,195.529999,196.210007,145.735413,2113700
2013-07-30,196.990005,197.830002,195.809998,196.009995,145.586868,2663200
2013-07-31,194.490005,196.910004,194.490005,195.039993,144.866364,3810000
2013-08-01,196.649994,197.169998,195.410004,195.809998,145.438309,2877700
2013-08-02,195.500000,195.500000,193.220001,195.160004,144.955566,3874000
2013-08-05,195.160004,195.880005,194.350006,195.500000,145.208054,2490900
2013-08-06,192.259995,192.509995,190.270004,190.990005,141.858307,5938500
2013-08-07,189.600006,189.929993,188.050003,188.559998,140.753448,3901700
2013-08-08,189.449997,189.869995,186.789993,187.929993,140.283249,4547600
2013-08-09,188.000000,189.160004,187.000000,187.820007,140.201126,3249600
2013-08-12,186.970001,189.559998,186.889999,189.089996,141.149109,3026500
2013-08-13,189.539993,189.990005,187.559998,188.419998,140.648987,3542900
2013-08-14,188.580002,188.929993,187.300003,187.529999,139.984650,2892300
2013-08-15,186.229996,187.000000,185.449997,185.789993,138.685760,3692400
2013-08-16,185.539993,186.460007,185.339996,185.339996,138.349884,3426400
2013-08-19,185.300003,186.500000,183.979996,184.229996,137.521317,3248900
2013-08-20,184.369995,185.630005,183.169998,184.559998,137.767609,3117800
2013-08-21,184.669998,186.570007,184.279999,184.860001,137.991531,3551000
2013-08-22,185.649994,186.250000,184.250000,185.190002,138.237900,2354300
2013-08-23,185.339996,185.740005,184.570007,185.419998,138.409576,2292700
2013-08-26,185.270004,187.000000,184.679993,184.740005,137.902008,2170400
2013-08-27,183.630005,184.500000,182.570007,182.740005,136.409058,3190700
2013-08-28,182.679993,183.470001,181.100006,182.160004,135.976151,3979200
2013-08-29,181.960007,183.699997,181.440002,182.639999,136.334412,2980900
2013-08-30,182.750000,182.990005,181.509995,182.270004,136.058243,2731000
2013-09-03,183.630005,184.320007,182.509995,183.960007,137.319733,3487200
2013-09-04,183.580002,184.190002,182.309998,183.130005,136.700180,2597900
2013-09-05,183.350006,185.000000,183.070007,184.149994,137.461578,2867600
2013-09-06,184.649994,184.990005,182.649994,183.029999,136.625519,2903500
2013-09-09,183.679993,185.490005,183.309998,184.979996,138.081100,3017200
2013-09-10,187.199997,187.649994,186.369995,186.600006,139.290451,3149600
2013-09-11,186.830002,190.869995,186.820007,190.699997,142.350906,4962900
2013-09-12,190.960007,191.320007,189.850006,190.729996,142.373322,3354800
2013-09-13,191.210007,193.100006,191.000000,192.169998,143.448196,3710400
2013-09-16,193.699997,194.809998,192.610001,193.149994,144.179749,3902400
2013-09-17,193.419998,194.149994,191.830002,192.160004,143.440750,2930900
2013-09-18,192.600006,194.889999,192.000000,194.419998,145.127762,3841800
2013-09-19,194.179993,194.889999,193.220001,193.389999,144.358917,3178100
2013-09-20,193.960007,194.429993,190.020004,190.020004,141.843353,8525900
2013-09-23,190.059998,192.410004,189.330002,190.990005,142.567444,3340800
2013-09-24,190.929993,191.559998,189.660004,189.970001,141.805969,3085300
2013-09-25,190.139999,190.619995,188.500000,189.470001,141.432755,2654500
2013-09-26,190.100006,191.759995,189.460007,190.220001,141.992630,2093600
2013-09-27,188.869995,188.940002,186.449997,186.919998,139.529282,3905500
2013-09-30,185.559998,186.740005,184.339996,185.179993,138.230453,3978200
2013-10-01,185.339996,186.649994,184.649994,186.380005,139.126190,2681200
2013-10-02,185.539993,186.309998,184.410004,184.960007,138.066208,3617100
2013-10-03,184.699997,184.960007,183.000000,183.860001,137.245087,3211800
2013-10-04,184.169998,185.130005,183.580002,184.100006,137.424255,2863600
2013-10-07,181.850006,183.309998,181.850006,182.009995,135.864182,3966400
2013-10-08,181.889999,181.990005,178.710007,178.720001,133.408234,5578300
2013-10-09,179.369995,181.669998,179.100006,181.320007,135.349075,4423500
2013-10-10,183.169998,184.770004,182.360001,184.770004,137.924377,3658900
2013-10-11,185.250000,186.229996,184.119995,186.160004,138.961960,3232600
2013-10-14,185.410004,186.990005,184.419998,186.970001,139.566635,2663100
2013-10-15,185.740005,185.940002,184.220001,184.660004,137.842255,3365100
2013-10-16,185.419998,186.729996,184.990005,186.729996,139.387451,6718000
2013-10-17,173.839996,177.000000,172.570007,174.830002,130.504532,22368900
2013-10-18,174.800003,175.000000,173.250000,173.779999,129.720718,10548000
2013-10-21,174.419998,174.750000,172.630005,172.860001,129.033997,7098700
2013-10-22,173.350006,175.570007,172.949997,174.970001,130.609039,6977300
2013-10-23,175.089996,175.990005,174.399994,175.770004,131.206223,5409400
2013-10-24,176.429993,177.889999,176.250000,177.800003,132.721512,5533300
2013-10-25,178.429993,179.100006,176.259995,176.850006,132.012360,4842800
2013-10-28,177.039993,177.889999,176.199997,177.350006,132.385590,3712700
2013-10-29,177.619995,182.320007,177.500000,182.119995,135.946274,8904600
2013-10-30,181.690002,182.179993,179.860001,180.149994,134.475677,5273700
2013-10-31,179.649994,181.669998,179.039993,179.210007,133.774033,4318100
2013-11-01,179.809998,180.339996,178.880005,179.229996,133.788956,3644500
2013-11-04,179.899994,180.800003,179.339996,180.270004,134.565338,3483300
2013-11-05,179.539993,179.800003,177.710007,177.850006,132.758835,6096800
2013-11-06,177.910004,179.750000,177.779999,179.190002,134.477386,4560700
2013-11-07,179.600006,181.389999,179.600006,180.000000,135.085312,5219500
2013-11-08,178.830002,180.080002,177.350006,179.990005,135.077835,6275000
2013-11-11,180.190002,183.389999,180.039993,182.880005,137.246613,5222300
2013-11-12,182.529999,184.050003,182.259995,183.070007,137.389282,4258500
2013-11-13,182.270004,183.550003,181.589996,183.550003,137.749496,4704400
2013-11-14,180.479996,183.199997,179.660004,182.210007,136.743866,6321500
2013-11-15,182.380005,183.279999,181.160004,183.190002,137.479294,5176100
2013-11-18,183.520004,184.990005,183.270004,184.470001,138.439926,5344900
2013-11-19,184.630005,186.199997,184.149994,185.250000,139.025284,4577000
2013-11-20,185.220001,186.240005,184.649994,185.190002,138.980286,3645800
2013-11-21,185.539993,185.750000,183.410004,184.130005,138.184784,4459500
2013-11-22,183.500000,184.990005,179.919998,181.300003,136.060928,7610200
2013-11-25,180.250000,180.750000,177.820007,178.940002,134.289795,7161900
2013-11-26,178.669998,178.940002,177.309998,177.309998,133.066513,5756000
2013-11-27,177.830002,180.179993,177.820007,178.970001,134.312302,4596500
2013-11-29,179.210007,180.759995,179.000000,179.679993,134.845169,2870500
2013-12-02,179.460007,179.589996,177.119995,177.479996,133.194138,4560000
2013-12-03,177.000000,178.229996,175.639999,176.080002,132.143433,5864000
2013-12-04,175.369995,177.500000,175.160004,175.740005,131.888290,5267400
2013-12-05,176.149994,176.860001,175.279999,176.080002,132.143433,4384900
2013-12-06,176.699997,178.000000,176.009995,177.669998,133.336716,4739800
2013-12-09,177.990005,178.149994,176.830002,177.460007,133.179153,3796600
2013-12-10,176.899994,177.669998,176.059998,177.119995,132.923935,4127800
2013-12-11,177.000000,177.759995,175.100006,175.199997,131.483017,4090400
2013-12-12,175.059998,175.800003,173.300003,173.369995,130.109634,5671600
2013-12-13,173.520004,174.380005,172.729996,172.800003,129.681900,4184400
2013-12-16,173.220001,178.350006,172.729996,177.850006,133.471802,7517000
2013-12-17,177.360001,177.490005,175.119995,175.759995,131.903320,5471900
2013-12-18,176.449997,178.740005,174.850006,178.699997,134.109711,5697700
2013-12-19,177.880005,180.539993,177.880005,180.220001,135.250427,5927000
2013-12-20,180.119995,182.000000,180.020004,180.020004,135.100327,7653500
2013-12-23,181.050003,182.929993,180.610001,182.229996,136.758865,4079900
2013-12-24,181.960007,183.500000,181.910004,183.220001,137.501816,1613600
2013-12-26,183.559998,185.559998,183.509995,185.350006,139.100342,3325700
2013-12-27,185.839996,186.500000,184.559998,185.080002,138.897736,3381600
2013-12-30,185.320007,186.699997,184.669998,186.410004,139.895828,3018600
2013-12-31,186.490005,187.789993,186.300003,187.570007,140.766388,3619700
2014-01-02,187.210007,187.399994,185.199997,185.529999,139.235443,4546500
2014-01-03,185.830002,187.350006,185.300003,186.639999,140.068451,4063200
2014-01-06,187.149994,187.360001,185.300003,186.000000,139.588150,4067800
2014-01-07,186.389999,190.350006,186.380005,189.710007,142.372406,5932300
2014-01-08,189.330002,189.419998,187.259995,187.970001,141.066589,4603700
2014-01-09,189.020004,189.500000,186.550003,187.380005,140.623825,4321300
2014-01-10,188.309998,188.570007,186.279999,187.259995,140.533768,4022400
2014-01-13,186.259995,186.949997,183.860001,184.160004,138.207291,5784700
2014-01-14,185.059998,186.429993,183.880005,185.919998,139.528137,4619200
2014-01-15,185.820007,188.649994,185.490005,187.740005,140.893982,4816500
2014-01-16,187.529999,188.990005,186.800003,188.759995,141.659470,4770300
2014-01-17,188.039993,190.809998,187.860001,190.089996,142.657608,7644600
2014-01-21,190.229996,190.389999,186.789993,188.429993,141.411774,11076300
2014-01-22,181.279999,183.500000,179.669998,182.250000,136.773849,13796100
2014-01-23,181.429993,183.720001,180.710007,182.729996,137.134094,6973900
2014-01-24,181.250000,182.809998,179.639999,179.639999,134.815140,6890600
2014-01-27,179.610001,179.649994,177.660004,177.899994,133.509323,5208600
2014-01-28,178.050003,178.449997,176.160004,176.850006,132.721329,5333300
2014-01-29,175.979996,178.529999,175.889999,176.399994,132.383591,4970900
2014-01-30,177.169998,177.860001,176.360001,177.360001,133.104065,4853700
2014-01-31,176.110001,177.839996,175.339996,176.679993,132.593704,5193400
2014-02-03,176.020004,176.020004,172.720001,172.899994,129.756943,7186800
2014-02-04,173.529999,173.750000,172.360001,172.839996,129.711945,4349800
2014-02-05,172.190002,174.970001,172.190002,174.240005,130.762573,4712300
2014-02-06,173.970001,174.850006,173.789993,174.669998,131.803925,4292200
2014-02-07,175.639999,177.559998,175.070007,177.250000,133.750763,4692900
2014-02-10,176.970001,177.649994,176.250000,177.139999,133.667725,3540400
2014-02-11,176.809998,180.389999,176.800003,179.699997,135.599503,4647300
2014-02-12,179.520004,181.250000,179.259995,180.240005,136.007019,3983000
2014-02-13,178.220001,182.360001,177.860001,181.839996,137.214310,4482000
2014-02-14,181.259995,184.429993,180.990005,183.690002,138.610306,4659900
2014-02-18,183.179993,184.000000,182.320007,183.190002,138.232971,4435200
2014-02-19,182.740005,185.649994,182.410004,182.949997,138.051910,4671500
2014-02-20,182.960007,184.860001,182.789993,184.259995,139.040421,4968200
2014-02-21,184.250000,185.710007,182.619995,182.789993,137.931168,5699300
2014-02-24,182.820007,185.160004,182.820007,183.449997,138.429199,4595300
2014-02-25,183.520004,184.600006,182.880005,183.229996,138.263168,3902300
2014-02-26,183.940002,185.279999,183.559998,184.059998,138.889496,3740700
2014-02-27,183.830002,185.949997,183.809998,185.270004,139.802582,3827800
2014-02-28,185.380005,186.119995,183.649994,185.169998,139.727066,4667900
2014-03-03,183.330002,184.639999,182.820007,184.259995,139.040421,3950100
2014-03-04,185.809998,187.160004,185.679993,186.440002,140.685425,4733000
2014-03-05,186.570007,187.949997,186.399994,187.139999,141.213638,3485200
2014-03-06,187.369995,188.389999,186.899994,187.639999,141.590897,3817300
2014-03-07,188.350006,188.919998,187.179993,187.679993,141.621109,4117800
2014-03-10,187.550003,188.369995,185.850006,186.389999,140.647690,4591200
2014-03-11,187.410004,188.449997,186.039993,186.759995,140.926880,4229500
2014-03-12,186.009995,187.449997,185.889999,186.220001,140.519424,4833000
2014-03-13,186.410004,187.000000,183.710007,183.899994,138.768753,4913200
2014-03-14,183.889999,184.289993,182.210007,182.210007,137.493500,5490300
2014-03-17,182.660004,186.350006,182.660004,185.809998,140.210068,4938100
2014-03-18,185.990005,187.899994,185.539993,186.809998,140.964600,3961300
2014-03-19,185.600006,186.699997,183.500000,184.710007,139.380035,4323900
2014-03-20,184.470001,188.259995,184.169998,187.899994,141.787125,5062600
2014-03-21,188.500000,188.699997,186.399994,186.669998,140.858948,12535200
2014-03-24,187.429993,189.440002,187.369995,188.250000,142.051254,5738500
2014-03-25,188.759995,195.399994,188.699997,195.039993,147.174866,10912700
2014-03-26,194.979996,195.630005,191.960007,192.619995,145.348740,6851700
2014-03-27,191.910004,192.669998,189.320007,189.830002,143.243484,6767700
2014-03-28,189.940002,192.619995,189.110001,190.449997,143.711349,5194400
2014-03-31,191.639999,193.770004,191.399994,192.490005,145.250687,8537300
2014-04-01,193.119995,195.130005,192.779999,194.500000,146.767365,5394100
2014-04-02,194.240005,194.500000,192.490005,193.550003,146.050552,4924100
2014-04-03,193.199997,193.380005,192.350006,192.690002,145.401596,4091100
2014-04-04,193.119995,193.970001,191.279999,191.770004,144.707397,6089900
2014-04-07,191.720001,195.309998,191.570007,194.520004,146.782501,6740500
2014-04-08,193.889999,194.169998,192.690002,193.289993,145.854355,5125000
2014-04-09,193.880005,197.000000,193.600006,196.639999,148.382217,5480100
2014-04-10,196.059998,199.210007,195.660004,195.679993,147.657806,8417900
2014-04-11,195.039993,197.000000,194.270004,195.190002,147.288055,4835000
2014-04-14,196.240005,198.240005,195.880005,197.770004,149.234924,5431100
2014-04-15,195.979996,197.410004,195.419998,197.020004,148.668976,5351300
2014-04-16,198.050003,198.710007,195.000000,196.399994,148.201096,8527300
2014-04-17,187.250000,190.699997,187.009995,190.009995,143.379257,11249600
2014-04-21,189.800003,192.809998,189.740005,192.270004,145.084656,5419700
2014-04-22,192.009995,193.000000,191.199997,192.149994,144.994110,3878600
2014-04-23,191.789993,192.410004,190.110001,191.729996,144.677200,4736400
2014-04-24,192.220001,192.220001,190.029999,190.220001,143.537766,4407100
2014-04-25,190.539993,190.669998,189.110001,189.630005,143.092575,3871000
2014-04-28,191.139999,193.990005,190.580002,193.139999,145.741150,5638300
2014-04-29,193.589996,195.940002,193.410004,195.110001,147.227707,4626300
2014-04-30,194.380005,196.860001,194.350006,196.470001,148.253983,4206800
2014-05-01,196.309998,196.740005,193.149994,193.529999,146.035431,3674000
2014-05-02,193.750000,193.839996,191.250000,191.440002,144.458359,3049900
2014-05-05,191.050003,191.490005,189.800003,191.259995,144.322525,2222100
2014-05-06,190.929993,190.949997,189.250000,190.029999,143.394379,3188700
2014-05-07,189.339996,190.300003,186.929993,189.300003,143.675217,3821000
2014-05-08,189.160004,190.570007,188.229996,188.910004,143.379242,2431900
2014-05-09,188.979996,190.589996,188.369995,190.080002,144.267227,2261600
2014-05-12,191.119995,193.020004,190.940002,192.570007,146.157104,3777400
2014-05-13,192.789993,193.029999,191.759995,192.190002,145.868607,2226600
2014-05-14,191.910004,191.990005,188.169998,188.720001,143.234985,5251500
2014-05-15,189.070007,189.080002,186.179993,186.460007,141.519699,4202200
2014-05-16,186.270004,187.410004,185.929993,187.059998,141.975113,3949500
2014-05-19,186.610001,187.130005,186.039993,187.000000,141.929550,3270700
2014-05-20,186.250000,186.699997,184.699997,184.889999,140.328125,3026500
2014-05-21,185.850006,187.160004,184.949997,186.389999,141.466568,2988000
2014-05-22,186.449997,186.449997,185.029999,185.679993,140.927689,2218000
2014-05-23,185.839996,186.139999,185.309998,185.940002,141.125061,2562900
2014-05-27,184.800003,185.649994,183.929993,184.779999,140.244629,4793800
2014-05-28,184.479996,184.880005,182.940002,183.080002,138.954346,3721600
2014-05-29,183.639999,183.779999,182.330002,183.759995,139.470444,2759900
2014-05-30,183.380005,184.570007,182.490005,184.360001,139.925842,4620500
2014-06-02,184.759995,186.279999,184.669998,185.690002,140.935318,3200500
2014-06-03,185.550003,185.759995,184.119995,184.369995,139.933456,2517100
2014-06-04,184.710007,185.449997,184.199997,184.509995,140.039703,2376800
2014-06-05,184.660004,186.089996,183.919998,185.979996,141.155411,2852200
2014-06-06,186.470001,187.649994,185.899994,186.369995,141.451385,3296700
2014-06-09,186.220001,187.639999,185.960007,186.220001,141.337555,2728400
2014-06-10,186.199997,186.220001,183.820007,184.289993,139.872711,4154900
2014-06-11,183.610001,184.199997,182.009995,182.250000,138.324402,4061700
2014-06-12,182.479996,182.550003,180.910004,181.220001,137.542633,4425300
2014-06-13,182.000000,183.000000,181.520004,182.559998,138.559677,2773600
2014-06-16,182.399994,182.710007,181.240005,182.350006,138.400314,3556200
2014-06-17,181.899994,182.809998,181.559998,182.259995,138.332016,2460900
2014-06-18,182.039993,183.610001,181.789993,183.600006,139.349030,3931800
2014-06-19,184.119995,184.470001,182.360001,182.820007,138.757019,3551100
2014-06-20,182.589996,182.669998,181.399994,181.550003,137.793137,10686800
2014-06-23,181.919998,182.250000,181.000000,182.139999,138.240906,3231700
2014-06-24,181.500000,183.000000,180.649994,180.880005,137.284561,3875400
2014-06-25,180.250000,180.970001,180.059998,180.720001,137.163147,2762800
2014-06-26,180.869995,181.369995,179.270004,180.369995,136.897491,3258500
2014-06-27,179.770004,182.460007,179.660004,181.710007,137.914551,4575500
2014-06-30,181.330002,181.929993,180.259995,181.270004,137.580627,4223800
2014-07-01,181.699997,187.270004,181.699997,186.350006,141.436218,6643100
2014-07-02,186.339996,188.990005,186.169998,188.389999,142.984573,5093000
2014-07-03,188.389999,188.809998,187.350006,188.529999,143.090775,2422400
2014-07-07,187.610001,188.270004,187.440002,188.039993,142.718872,2958700
2014-07-08,187.649994,188.080002,186.369995,187.220001,142.096558,3135100
2014-07-09,187.679993,188.899994,186.889999,188.419998,143.007324,3309600
2014-07-10,186.440002,188.050003,186.210007,187.699997,142.460846,3177800
2014-07-11,187.729996,188.350006,186.710007,188.000000,142.688553,2402500
2014-07-14,188.550003,190.440002,188.529999,189.860001,144.100250,4501100
2014-07-15,189.539993,190.080002,188.210007,188.490005,143.060440,4864700
2014-07-16,192.240005,193.360001,190.759995,192.360001,145.997681,7812600
2014-07-17,192.360001,195.949997,192.000000,192.490005,146.096375,8872300
2014-07-18,191.960007,193.440002,190.000000,192.500000,146.103973,8166400
2014-07-21,191.300003,191.699997,189.250000,190.850006,144.851639,4154400
2014-07-22,191.589996,194.720001,191.559998,194.089996,147.310715,4853000
2014-07-23,194.110001,194.899994,193.570007,193.630005,146.961578,3584200
2014-07-24,193.949997,195.619995,193.750000,195.240005,148.183594,3612700
2014-07-25,195.300003,195.899994,193.789993,194.399994,147.546021,3376400
2014-07-28,194.300003,196.399994,193.649994,195.779999,148.593369,3242400
2014-07-29,195.300003,195.889999,194.539993,194.570007,147.675064,3264100
2014-07-30,195.199997,195.990005,192.899994,194.000000,147.242432,3943800
2014-07-31,192.839996,194.289993,191.539993,191.669998,145.473999,4207500
2014-08-01,190.500000,191.500000,188.860001,189.149994,143.561371,5181100
2014-08-04,189.350006,189.949997,188.600006,189.639999,143.933304,2125900
2014-08-05,188.750000,189.199997,186.440002,187.100006,142.005493,3307900
2014-08-06,185.360001,186.880005,184.440002,185.970001,141.982544,3847000
2014-08-07,186.639999,186.679993,183.580002,184.300003,140.707535,2708600
2014-08-08,184.399994,186.669998,183.580002,186.630005,142.486435,2781500
2014-08-11,187.809998,188.360001,186.279999,187.470001,143.127792,2527200
2014-08-12,187.449997,188.690002,186.809998,187.339996,143.028534,1858600
2014-08-13,188.000000,188.479996,187.369995,187.949997,143.494217,1795000
2014-08-14,187.570007,188.169998,186.929993,187.880005,143.440765,1929500
2014-08-15,187.850006,188.880005,186.789993,187.380005,143.059067,2814800
2014-08-18,188.100006,189.809998,187.759995,189.360001,144.570724,2420300
2014-08-19,190.039993,190.250000,189.360001,190.070007,145.112778,2040100
2014-08-20,189.860001,190.389999,189.250000,190.100006,145.135727,2177600
2014-08-21,190.899994,192.070007,190.500000,191.229996,145.998428,2496500
2014-08-22,190.770004,191.880005,190.289993,190.410004,145.372375,1940300
2014-08-25,191.389999,191.809998,190.710007,191.160004,145.944962,1723600
2014-08-26,191.020004,193.529999,191.020004,192.990005,147.342133,3175400
2014-08-27,193.029999,194.130005,191.559998,192.250000,146.777130,2190200
2014-08-28,191.470001,192.300003,190.660004,192.000000,146.586243,1503600
2014-08-29,192.279999,192.750000,191.139999,192.300003,146.815323,2909400
2014-09-02,192.679993,192.970001,190.929993,191.559998,146.250336,2679700
2014-09-03,192.389999,192.949997,191.860001,191.949997,146.548111,1822800
2014-09-04,191.690002,192.690002,190.059998,190.679993,145.578491,2865000
2014-09-05,190.529999,191.750000,190.089996,191.199997,145.975494,2260200
2014-09-08,190.750000,191.199997,189.509995,190.139999,145.166199,2524200
2014-09-09,190.339996,190.740005,189.779999,189.990005,145.051712,2403600
2014-09-10,190.119995,192.149994,190.100006,191.539993,146.235062,2764000
2014-09-11,191.080002,192.779999,190.119995,191.720001,146.372513,2298500
2014-09-12,191.470001,191.600006,190.570007,191.279999,146.036545,2901000
2014-09-15,191.419998,192.490005,190.580002,191.809998,146.441223,2456400
2014-09-16,191.250000,193.570007,190.820007,192.960007,147.319214,2561500
2014-09-17,193.220001,193.639999,192.300003,192.800003,147.197067,3210800
2014-09-18,192.789993,194.130005,192.710007,193.750000,147.922348,2963300
2014-09-19,194.539993,195.000000,193.190002,194.000000,148.113205,8852000
2014-09-22,193.720001,194.139999,192.630005,193.110001,147.433746,3318000
2014-09-23,192.750000,193.070007,191.520004,191.619995,146.296158,3301800
2014-09-24,191.000000,192.449997,189.880005,192.309998,146.822937,3082600
2014-09-25,192.050003,192.500000,188.970001,189.009995,144.303513,4151400
2014-09-26,188.929993,190.330002,188.610001,190.059998,145.105133,2493900
2014-09-29,188.509995,189.960007,188.119995,189.639999,144.784515,2336300
2014-09-30,189.639999,190.850006,189.149994,189.830002,144.929581,2932600
2014-10-01,189.910004,190.399994,186.789993,187.169998,142.898712,3723200
2014-10-02,187.660004,187.779999,186.240005,186.910004,142.700226,2283100
2014-10-03,188.110001,189.369995,187.559998,188.669998,144.043930,3071500
2014-10-06,189.690002,190.889999,188.710007,189.039993,144.326416,2099500
2014-10-07,187.770004,188.119995,185.539993,185.710007,141.784042,2991300
2014-10-08,185.970001,189.600006,185.610001,189.360001,144.570724,2984800
2014-10-09,189.119995,189.500000,186.089996,186.419998,142.326065,2625400
2014-10-10,185.860001,187.740005,185.100006,185.929993,141.951996,5090200
2014-10-13,185.490005,186.649994,183.419998,183.520004,140.112030,3596700
2014-10-14,184.889999,185.720001,183.589996,183.800003,140.325821,3924700
2014-10-15,182.460007,183.789993,178.750000,181.750000,138.760696,6895800
2014-10-16,179.800003,181.479996,178.690002,179.839996,137.302505,5578600
2014-10-17,181.240005,182.839996,180.220001,182.050003,138.989746,4350200
2014-10-20,166.850006,170.330002,166.690002,169.100006,129.102814,23416500
2014-10-21,166.399994,166.679993,161.679993,163.229996,124.621231,20949800
2014-10-22,162.410004,165.410004,161.100006,161.789993,123.521820,11084800
2014-10-23,162.119995,162.830002,161.539993,162.179993,123.819588,7599400
2014-10-24,162.080002,162.440002,161.449997,162.080002,123.743233,6652100
2014-10-27,162.000000,162.910004,161.809998,161.869995,123.582947,4989100
2014-10-28,162.000000,163.600006,161.800003,163.600006,124.903717,7895300
2014-10-29,164.330002,164.619995,162.759995,163.460007,124.796844,4739300
2014-10-30,163.500000,164.619995,163.020004,164.350006,125.476357,3896000
2014-10-31,165.479996,165.589996,163.619995,164.399994,125.514526,5818000
2014-11-03,164.250000,164.539993,163.380005,164.360001,125.483971,4688200
2014-11-04,164.339996,164.360001,162.240005,162.649994,124.178406,4246900
2014-11-05,163.130005,163.539993,161.559998,161.820007,123.544769,4104700
2014-11-06,161.279999,161.529999,160.050003,161.460007,124.113571,4067600
2014-11-07,161.419998,162.210007,160.850006,162.070007,124.582489,3494800
2014-11-10,161.899994,164.470001,161.610001,163.490005,125.674042,4958200
2014-11-11,163.699997,163.899994,162.600006,163.300003,125.527969,3534400
2014-11-12,162.279999,163.000000,161.759995,161.919998,124.467171,3378200
2014-11-13,162.000000,162.800003,161.800003,162.789993,125.135956,3239700
2014-11-14,162.100006,164.490005,161.690002,164.160004,126.189072,4978400
2014-11-17,164.160004,164.970001,163.720001,164.160004,126.189072,4798900
2014-11-18,164.729996,164.750000,161.889999,161.889999,124.444122,5410100
2014-11-19,162.050003,162.100006,160.960007,161.429993,124.090508,3802600
2014-11-20,160.949997,161.500000,159.800003,160.639999,123.483246,4183100
2014-11-21,161.830002,161.949997,160.750000,160.919998,123.698502,4076900
2014-11-24,161.539993,163.860001,161.059998,162.149994,124.643974,6619000
2014-11-25,162.649994,163.500000,161.559998,161.759995,124.344177,4062400
2014-11-26,161.929993,162.100006,161.009995,161.949997,124.490250,3966000
2014-11-28,162.750000,163.369995,161.440002,162.169998,124.659355,2405500
2014-12-01,161.639999,163.320007,161.350006,161.539993,124.175056,4168400
2014-12-02,162.470001,162.729996,161.639999,162.669998,125.043686,3465700
2014-12-03,162.470001,164.520004,162.000000,164.520004,126.465836,6429100
2014-12-04,164.009995,164.500000,163.009995,164.050003,126.104538,3859400
2014-12-05,163.610001,164.500000,162.910004,163.270004,125.504890,3013500
2014-12-08,163.289993,163.289993,161.539993,161.860001,124.421097,2851000
2014-12-09,160.839996,163.020004,160.800003,162.990005,125.289696,3861200
2014-12-10,163.009995,163.330002,160.029999,160.509995,123.383331,4072800
2014-12-11,160.820007,162.929993,160.520004,161.070007,123.813820,3989600
2014-12-12,160.250000,160.500000,155.330002,155.380005,119.439903,8611700
2014-12-15,155.929993,156.740005,152.839996,153.059998,117.656548,6500300
2014-12-16,152.029999,154.889999,150.500000,151.410004,116.388229,6782600
2014-12-17,151.520004,153.309998,151.110001,151.929993,116.787895,5131000
2014-12-18,153.580002,157.679993,153.300003,157.679993,121.207909,7302400
2014-12-19,157.490005,160.410004,157.490005,158.509995,121.845909,8864900
2014-12-22,158.330002,161.910004,158.330002,161.440002,124.098221,4682500
2014-12-23,162.229996,162.899994,161.610001,162.240005,124.713203,4043300
2014-12-24,162.880005,162.990005,161.610001,161.820007,124.390305,1868100
2014-12-26,162.270004,163.089996,162.009995,162.339996,124.790024,1912200
2014-12-29,162.000000,162.339996,159.449997,160.509995,123.383331,3331800
2014-12-30,160.020004,160.820007,159.789993,160.050003,123.029716,2829900
2014-12-31,160.410004,161.500000,160.380005,160.440002,123.329521,4011900
2015-01-02,161.309998,163.309998,161.000000,162.059998,124.574829,5525500
2015-01-05,161.270004,161.270004,159.190002,159.509995,122.614647,4880400
2015-01-06,159.669998,159.960007,155.169998,156.070007,119.970337,6146700
2015-01-07,157.199997,157.199997,154.029999,155.050003,119.186256,4701800
2015-01-08,156.240005,159.039993,155.550003,158.419998,121.776733,4236800
2015-01-09,158.419998,160.339996,157.250000,159.110001,122.307167,4488300
2015-01-12,159.000000,159.250000,155.759995,156.440002,120.254753,4187600
2015-01-13,157.259995,159.970001,155.679993,156.809998,120.539162,4377500
2015-01-14,154.860001,156.490005,153.740005,155.800003,119.762794,4690300
2015-01-15,156.690002,156.970001,154.160004,154.570007,118.817291,4248400
2015-01-16,153.820007,157.630005,153.820007,157.139999,120.792786,5756000
2015-01-20,156.699997,157.330002,154.029999,156.949997,120.646774,8392800
2015-01-21,153.029999,154.500000,151.070007,152.089996,116.910912,11897100
2015-01-22,151.940002,155.720001,151.759995,155.389999,119.447609,6120100
2015-01-23,155.029999,157.600006,154.889999,155.869995,119.816566,4834800
2015-01-26,158.259995,159.460007,155.770004,156.360001,120.193253,7888100
2015-01-27,154.940002,155.089996,152.589996,153.669998,118.125450,5659600
2015-01-28,154.000000,154.529999,151.550003,151.550003,116.495804,4495900
2015-01-29,151.380005,155.580002,149.520004,155.479996,119.516777,8320800
2015-01-30,153.910004,155.240005,153.039993,153.309998,117.848717,6563600
2015-02-02,154.000000,154.660004,151.509995,154.660004,118.886459,4712200
2015-02-03,154.750000,158.600006,154.750000,158.470001,121.815140,5539400
2015-02-04,157.210007,158.710007,156.699997,156.960007,120.654449,3678500
2015-02-05,157.289993,158.589996,157.149994,157.910004,121.384689,5253600
2015-02-06,157.339996,158.080002,156.229996,156.720001,121.315041,3256500
2015-02-09,156.000000,157.500000,155.399994,155.750000,120.564178,3057700
2015-02-10,156.740005,158.559998,155.080002,158.559998,122.739349,4440600
2015-02-11,157.759995,159.089996,157.169998,158.199997,122.460663,3626700
2015-02-12,158.720001,159.500000,158.089996,158.520004,122.708397,3333100
2015-02-13,158.779999,160.800003,158.639999,160.399994,124.163673,3706900
2015-02-17,159.750000,161.410004,159.729996,160.960007,124.597206,2894500
2015-02-18,161.860001,162.470001,160.639999,162.190002,125.549332,4358400
2015-02-19,162.050003,164.490005,161.440002,163.889999,126.865227,3504400
2015-02-20,163.639999,164.339996,162.089996,163.649994,126.679443,3353000
2015-02-23,164.229996,164.399994,162.500000,162.910004,126.106644,2714400
2015-02-24,162.490005,164.990005,161.509995,164.830002,127.592888,4701600
2015-02-25,164.940002,164.960007,162.580002,162.809998,126.029236,4004600
2015-02-26,163.740005,164.139999,159.770004,160.869995,124.527512,7110800
2015-02-27,160.869995,162.289993,160.160004,161.940002,125.355766,4410000
2015-03-02,161.940002,161.940002,159.809998,160.479996,124.225632,5917900
2015-03-03,160.270004,161.750000,160.000000,161.029999,124.651352,3234400
2015-03-04,160.539993,160.559998,158.720001,159.419998,123.405067,3633600
2015-03-05,159.860001,161.500000,159.699997,161.179993,124.767464,3791700
2015-03-06,160.190002,161.440002,158.059998,158.500000,122.692909,4540200
2015-03-09,158.199997,161.149994,158.199997,160.770004,124.450127,5193900
2015-03-10,159.600006,160.229996,157.809998,157.809998,122.158813,4601000
2015-03-11,158.570007,159.139999,155.940002,156.800003,121.376999,5709900
2015-03-12,156.270004,158.720001,156.270004,157.979996,122.290405,4567300
2015-03-13,157.460007,157.520004,153.399994,154.279999,119.426277,6064100
2015-03-16,155.050003,157.089996,154.800003,157.080002,121.593719,3749600
2015-03-17,156.199997,157.289993,155.369995,156.960007,121.500847,3311700
2015-03-18,156.850006,160.699997,155.800003,159.809998,123.706993,5738800
2015-03-19,159.699997,160.919998,158.809998,159.809998,123.706993,3878600
2015-03-20,160.949997,163.000000,160.350006,162.880005,126.083435,9006400
2015-03-23,162.770004,165.350006,162.729996,164.630005,127.438095,5930100
2015-03-24,164.789993,164.889999,162.899994,163.000000,126.176285,4346100
2015-03-25,163.080002,163.080002,159.199997,159.199997,123.234795,5428900
2015-03-26,159.270004,161.250000,158.910004,160.589996,124.310753,4396000
2015-03-27,160.789993,160.899994,159.229996,160.399994,124.163673,3477900
2015-03-30,161.309998,163.600006,161.250000,162.669998,125.920868,4138000
2015-03-31,161.080002,162.330002,160.399994,160.500000,124.241081,4255400
2015-04-01,160.229996,160.619995,158.389999,159.179993,123.219307,3700800
2015-04-02,159.520004,162.539993,158.889999,160.449997,124.202393,4671600
2015-04-06,159.690002,162.800003,158.699997,162.039993,125.433212,3465700
2015-04-07,161.669998,163.839996,161.619995,162.070007,125.456367,3148000
2015-04-08,161.720001,163.550003,161.009995,161.850006,125.286148,2524300
2015-04-09,161.699997,162.470001,160.720001,162.339996,125.665375,2263500
2015-04-10,162.339996,163.330002,161.250000,162.860001,126.067940,2515700
2015-04-13,162.369995,164.000000,162.360001,162.380005,125.696381,3868900
2015-04-14,162.419998,162.740005,160.789993,162.300003,125.634460,2719300
2015-04-15,162.630005,164.960007,162.500000,164.130005,127.051064,3498800
2015-04-16,163.309998,163.979996,162.539993,163.130005,126.276955,3136900
2015-04-17,161.750000,161.860001,160.029999,160.669998,124.372643,4314400
2015-04-20,162.100006,166.639999,161.899994,166.160004,128.622452,9609200
2015-04-21,166.070007,167.380005,164.050003,164.259995,127.151680,9683600
2015-04-22,164.389999,166.000000,162.889999,165.360001,128.003174,4024800
2015-04-23,165.229996,171.910004,165.139999,170.240005,131.780746,8235600
2015-04-24,170.229996,170.850006,168.740005,169.779999,131.424652,3888400
2015-04-27,170.889999,171.490005,170.300003,170.729996,132.159988,3168600
2015-04-28,170.830002,174.690002,170.020004,173.919998,134.629410,5816700
2015-04-29,173.399994,175.130005,172.800003,174.399994,135.000916,4518400
2015-04-30,173.770004,174.279999,170.300003,171.289993,132.593491,5062900
2015-05-01,173.199997,174.000000,172.419998,173.669998,134.435852,3312100
2015-05-04,174.470001,176.300003,173.699997,173.970001,134.668015,4028000
2015-05-05,173.509995,174.229996,171.960007,173.080002,133.979126,3593600
2015-05-06,172.899994,174.050003,168.860001,170.050003,132.629822,3612600
2015-05-07,169.630005,171.979996,169.039993,170.990005,133.363007,2472000
2015-05-08,172.940002,173.330002,172.240005,172.679993,134.681091,3092600
2015-05-11,172.649994,172.990005,170.860001,171.119995,133.464355,2661000
2015-05-12,170.550003,171.490005,168.839996,170.550003,133.019775,2962400
2015-05-13,171.240005,172.740005,170.750000,172.279999,134.369080,2457500
2015-05-14,173.500000,174.399994,173.220001,174.050003,135.749603,2439100
2015-05-15,173.910004,174.410004,172.600006,173.259995,135.133453,2916600
2015-05-18,173.440002,173.490005,172.300003,173.059998,134.977448,1970600
2015-05-19,172.970001,173.750000,171.929993,173.479996,135.305023,2523000
2015-05-20,173.330002,174.440002,172.460007,173.759995,135.523376,2300300
2015-05-21,173.320007,174.139999,173.039993,173.339996,135.195831,2295600
2015-05-22,173.039993,173.389999,172.190002,172.220001,134.322311,2849700
2015-05-26,172.110001,172.119995,169.130005,170.130005,132.692215,3854200
2015-05-27,171.160004,172.479996,170.490005,172.000000,134.150681,2764400
2015-05-28,171.449997,171.839996,170.660004,171.710007,133.924530,1731400
2015-05-29,171.350006,171.350006,169.649994,169.649994,132.317795,4092000
2015-06-01,170.210007,171.039993,169.029999,170.179993,132.731201,2985500
2015-06-02,169.660004,170.449997,168.429993,169.649994,132.317795,2571400
2015-06-03,170.500000,171.559998,169.630005,169.919998,132.528427,2131000
2015-06-04,169.529999,170.600006,167.929993,168.380005,131.327301,3079300
2015-06-05,168.250000,168.910004,167.199997,167.399994,130.562958,3100500
2015-06-08,167.169998,167.279999,165.020004,165.339996,128.956253,3758700
2015-06-09,165.339996,166.020004,163.369995,165.679993,129.221436,3395900
2015-06-10,166.490005,169.389999,166.059998,168.919998,131.748489,4680500
2015-06-11,169.259995,170.440002,168.539993,168.779999,131.639267,3464000
2015-06-12,168.229996,168.300003,166.690002,166.990005,130.243164,3065100
2015-06-15,166.990005,166.990005,164.250000,166.259995,129.673843,4245700
2015-06-16,166.330002,167.399994,165.910004,166.839996,130.126190,3249800
2015-06-17,167.000000,167.850006,166.100006,167.169998,130.383591,2863000
2015-06-18,167.050003,168.720001,167.050003,168.250000,131.225922,3330900
2015-06-19,167.619995,168.419998,166.770004,166.990005,130.243164,7074000
2015-06-22,167.649994,168.339996,167.199997,167.729996,130.820282,2335800
2015-06-23,168.380005,169.970001,167.570007,168.619995,131.514465,3701600
2015-06-24,168.710007,168.839996,166.830002,166.970001,130.227570,3548100
2015-06-25,167.800003,168.130005,166.080002,166.080002,129.533417,2408900
2015-06-26,166.229996,166.809998,165.229996,165.460007,129.049881,8946000
2015-06-29,163.919998,165.350006,162.889999,162.970001,127.107788,3314700
2015-06-30,163.990005,164.000000,162.119995,162.660004,126.866035,3597300
2015-07-01,163.970001,165.610001,163.600006,164.490005,128.293365,3214500
2015-07-02,165.050003,165.320007,164.419998,165.089996,128.761292,2852700
2015-07-06,163.830002,165.229996,163.520004,164.729996,128.480499,3079800
2015-07-07,164.940002,165.350006,162.229996,165.000000,128.691101,3549900
2015-07-08,164.000000,164.940002,162.679993,163.160004,127.255981,2776300
2015-07-09,165.339996,165.509995,163.699997,163.850006,127.794151,4199700
2015-07-10,165.660004,167.399994,165.520004,166.949997,130.211975,4538300
2015-07-13,167.929993,169.889999,167.520004,169.380005,132.107254,4229000
2015-07-14,169.429993,169.539993,168.240005,168.610001,131.506699,3025300
2015-07-15,168.479996,169.270004,168.000000,168.529999,131.444305,1998000
2015-07-16,169.470001,171.089996,169.160004,171.000000,133.370758,3529900
2015-07-17,170.330002,172.520004,170.100006,172.509995,134.548508,4356400
2015-07-20,172.789993,173.779999,172.139999,173.220001,135.102219,7377800
2015-07-21,164.339996,166.350006,162.020004,163.070007,127.185783,13752300
2015-07-22,162.729996,163.070007,159.699997,160.350006,125.064339,7181800
2015-07-23,160.270004,162.750000,159.830002,161.729996,126.140663,5034200
2015-07-24,161.289993,161.929993,159.410004,159.750000,124.596359,3778200
2015-07-27,159.000000,160.179993,158.600006,159.070007,124.066032,3706200
2015-07-28,159.910004,160.190002,158.500000,160.050003,124.830368,2721000
2015-07-29,160.000000,161.500000,159.389999,161.089996,125.641510,3378400
2015-07-30,160.500000,161.399994,159.750000,160.960007,125.540138,1994700
2015-07-31,161.399994,162.059998,160.630005,161.990005,126.343483,3580200
2015-08-03,161.699997,161.850006,157.899994,158.710007,123.785233,4615700
2015-08-04,158.399994,158.820007,156.869995,157.600006,122.919479,5260600
2015-08-05,159.100006,159.539993,157.479996,157.899994,123.153465,3472800
2015-08-06,157.130005,157.539993,156.179993,156.320007,122.933266,3004800
2015-08-07,155.889999,156.250000,154.339996,155.119995,121.989578,3794900
2015-08-10,156.770004,157.470001,156.119995,156.750000,123.271416,4613400
2015-08-11,155.960007,155.990005,154.860001,155.509995,122.296272,3167100
2015-08-12,154.259995,156.520004,153.949997,156.160004,122.807442,3560300
2015-08-13,156.059998,156.089996,154.320007,155.070007,121.950272,2533400
2015-08-14,155.000000,156.210007,154.580002,155.750000,122.485001,3226400
2015-08-17,155.199997,156.690002,154.699997,156.309998,122.925430,2249600
2015-08-18,155.509995,156.520004,155.250000,156.009995,122.689476,2018300
2015-08-19,155.149994,155.669998,153.410004,153.940002,121.061584,4206400
2015-08-20,152.740005,153.910004,152.500000,152.660004,120.054970,4011500
2015-08-21,151.500000,153.190002,148.699997,148.850006,117.058723,7362100
2015-08-24,143.470001,147.759995,143.000000,143.470001,112.827774,10189700
2015-08-25,146.940002,147.110001,140.619995,140.960007,110.853874,7073200
2015-08-26,144.089996,146.979996,142.139999,146.699997,115.367905,6221800
2015-08-27,148.500000,148.970001,145.660004,148.539993,116.814896,4976600
2015-08-28,147.750000,148.199997,147.179993,147.979996,116.374542,4076300
2015-08-31,147.380005,148.399994,146.259995,147.889999,116.303734,4093100
2015-09-01,144.910004,144.979996,141.850006,142.679993,112.206497,5272000
2015-09-02,144.740005,145.080002,143.179993,145.050003,114.070313,4252000
2015-09-03,146.050003,148.029999,145.770004,146.779999,115.430809,3603500
2015-09-04,144.570007,145.399994,143.320007,143.699997,113.008629,4201100
2015-09-08,145.860001,147.339996,145.660004,147.229996,115.784706,3933300
2015-09-09,148.740005,149.039993,144.850006,145.050003,114.070313,3407800
2015-09-10,145.850006,147.160004,144.509995,146.199997,114.974693,3461700
2015-09-11,145.910004,147.500000,145.669998,147.369995,115.894806,3115100
2015-09-14,147.369995,147.369995,145.410004,145.649994,114.542175,3226700
2015-09-15,146.600006,147.929993,145.759995,147.529999,116.020622,2717100
2015-09-16,147.839996,148.889999,147.539993,148.410004,116.712700,2799200
2015-09-17,148.100006,149.679993,147.300003,148.139999,116.500359,4003000
2015-09-18,146.050003,146.389999,143.979996,144.509995,113.645645,7975800
2015-09-21,145.389999,146.979996,144.919998,146.479996,115.194893,3825000
2015-09-22,144.619995,145.059998,143.770004,144.429993,113.582733,3564100
2015-09-23,144.210007,144.570007,142.750000,143.660004,112.977165,2674200
2015-09-24,142.600006,145.070007,141.949997,144.410004,113.567009,3280300
2015-09-25,145.550003,146.270004,144.529999,145.419998,114.361275,3474400
2015-09-28,144.419998,145.380005,142.470001,142.520004,112.080673,4317300
2015-09-29,141.990005,142.660004,141.149994,142.470001,112.041367,4763500
2015-09-30,143.690002,145.710007,143.660004,144.970001,114.007423,3946200
2015-10-01,145.309998,145.669998,141.589996,143.589996,112.922173,3880900
2015-10-02,141.050003,144.589996,140.559998,144.580002,113.700722,3054400
2015-10-05,145.820007,149.889999,145.820007,149.039993,117.208107,5131800
2015-10-06,149.059998,150.149994,148.490005,148.779999,117.003670,3018100
2015-10-07,150.039993,150.729996,148.860001,150.089996,118.033875,2980800
2015-10-08,149.690002,153.020004,149.289993,152.279999,119.756134,4794400
2015-10-09,152.460007,153.149994,151.270004,152.389999,119.842644,3531100
2015-10-12,152.399994,152.580002,150.850006,151.139999,118.859612,3227600
2015-10-13,150.779999,150.779999,149.179993,149.619995,117.664215,3915700
2015-10-14,149.600006,150.649994,149.020004,150.009995,117.970955,3353000
2015-10-15,150.910004,151.240005,148.580002,150.089996,118.033875,3476200
2015-10-16,150.449997,151.199997,149.259995,150.389999,118.269798,3483700
2015-10-19,149.850006,149.970001,148.380005,149.220001,117.349693,7954700
2015-10-20,142.490005,142.880005,140.270004,140.639999,110.602203,16025600
2015-10-21,140.250000,142.660004,139.300003,140.919998,110.822380,6990600
2015-10-22,141.740005,145.070007,141.619995,144.089996,113.315346,5583200
2015-10-23,144.610001,145.490005,143.699997,144.679993,113.779350,5370400
2015-10-26,144.750000,145.000000,143.210007,143.660004,112.977165,3489400
2015-10-27,143.509995,143.830002,137.330002,137.860001,108.415962,15008500
2015-10-28,137.919998,141.229996,137.500000,140.830002,110.751595,8511400
2015-10-29,140.360001,140.820007,139.020004,140.550003,110.531410,3710400
2015-10-30,140.440002,141.330002,139.899994,140.080002,110.161797,3984000
2015-11-02,140.500000,140.520004,139.570007,140.369995,110.389854,3822200
2015-11-03,140.020004,142.800003,139.899994,141.880005,111.577339,4349400
2015-11-04,142.550003,142.649994,141.300003,141.630005,111.380760,3516900
2015-11-05,141.610001,142.380005,139.630005,139.889999,110.012367,5096900
2015-11-06,138.600006,139.550003,137.869995,138.250000,109.742485,4744900
2015-11-09,137.919998,138.080002,134.880005,135.309998,107.408730,8075600
2015-11-10,135.360001,135.740005,134.119995,135.470001,107.535744,4520800
2015-11-11,136.089996,136.199997,134.500000,135.020004,107.178535,3164800
2015-11-12,134.699997,134.699997,133.009995,133.039993,105.606812,4701400
2015-11-13,132.949997,133.000000,131.649994,131.750000,104.582794,4613800
2015-11-16,131.789993,134.089996,131.789993,133.710007,106.138672,4190800
2015-11-17,134.220001,134.820007,133.309998,133.820007,106.225983,2815100
2015-11-18,134.789993,135.910004,134.259995,135.820007,107.813568,4149200
2015-11-19,136.210007,137.740005,136.009995,136.740005,108.543854,4753600
2015-11-20,137.369995,138.919998,137.250000,138.500000,109.940918,5176400
2015-11-23,138.529999,138.869995,137.119995,138.460007,109.909210,5137900
2015-11-24,137.649994,139.339996,137.309998,138.600006,110.020317,3407700
2015-11-25,138.369995,138.429993,137.380005,138.000000,109.544044,3238200
2015-11-27,138.000000,138.809998,137.210007,138.460007,109.909210,1415800
2015-11-30,138.610001,139.899994,138.520004,139.419998,110.671234,4545600
2015-12-01,139.580002,141.399994,139.580002,141.279999,112.147705,4195100
2015-12-02,140.929993,141.210007,139.500000,139.699997,110.893501,3725400
2015-12-03,140.100006,140.729996,138.190002,138.919998,110.274315,5909600
2015-12-04,138.089996,141.020004,137.990005,140.429993,111.472961,4571600
2015-12-07,140.160004,140.410004,138.809998,139.550003,110.774437,3279400
2015-12-08,138.279999,139.059998,137.529999,138.050003,109.583771,3905200
2015-12-09,137.380005,139.839996,136.229996,136.610001,108.440674,4615000
2015-12-10,137.029999,137.850006,135.720001,136.779999,108.575607,4222300
2015-12-11,135.229996,135.440002,133.910004,134.570007,106.821320,5333800
2015-12-14,135.309998,136.139999,134.020004,135.929993,107.900887,5143800
2015-12-15,137.399994,138.970001,137.279999,137.789993,109.377342,4238500
2015-12-16,139.119995,139.649994,137.789993,139.289993,110.568031,4345500
2015-12-17,139.350006,139.500000,136.309998,136.750000,108.551788,4089500
2015-12-18,136.410004,136.960007,134.270004,134.899994,107.083290,10026100
2015-12-21,135.830002,135.830002,134.020004,135.500000,107.559555,5617500
2015-12-22,135.880005,138.190002,135.649994,137.929993,109.488480,4263800
2015-12-23,138.300003,139.309998,138.110001,138.539993,109.972679,5164900
2015-12-24,138.429993,138.880005,138.110001,138.250000,109.742485,1495200
2015-12-28,137.740005,138.039993,136.539993,137.610001,109.234459,3143400
2015-12-29,138.250000,140.059998,138.199997,139.779999,110.957001,3943700
2015-12-30,139.580002,140.440002,139.220001,139.339996,110.607735,2989400
2015-12-31,139.070007,139.100006,137.570007,137.619995,109.242401,3462100
2016-01-04,135.600006,135.970001,134.240005,135.949997,107.916756,5229400
2016-01-05,136.759995,136.889999,134.850006,135.850006,107.837402,3924800
2016-01-06,134.380005,135.580002,133.619995,135.169998,107.297600,4310900
2016-01-07,133.699997,135.020004,132.429993,132.860001,105.463943,7025800
2016-01-08,133.179993,133.820007,131.320007,131.630005,104.487564,4762700
2016-01-11,131.809998,133.820007,131.759995,133.229996,105.757629,4974400
2016-01-12,133.649994,133.779999,131.130005,132.899994,105.495674,5078700
2016-01-13,133.500000,134.279999,131.100006,131.169998,104.122391,4700100
2016-01-14,131.929993,133.789993,131.220001,132.910004,105.503624,5709600
2016-01-15,130.009995,130.880005,128.869995,130.029999,103.217453,9008500
2016-01-19,130.110001,132.100006,128.059998,128.110001,101.693382,9979600
2016-01-20,118.459999,123.989998,118.000000,121.860001,96.732155,16157800
2016-01-21,121.300003,125.099998,120.580002,122.910004,97.565659,8851600
2016-01-22,124.669998,124.739998,121.769997,122.500000,97.240196,9238400
2016-01-25,122.099998,124.230003,121.639999,122.080002,96.906776,5446000
2016-01-26,122.250000,123.610001,122.239998,122.589996,97.311638,4617800
2016-01-27,122.730003,123.370003,120.650002,120.959999,96.017723,5026400
2016-01-28,121.260002,122.830002,121.010002,122.220001,97.017929,3942500
2016-01-29,123.279999,124.790001,122.959999,124.790001,99.057983,8248100
2016-02-01,124.400002,125.290001,123.709999,124.830002,99.089737,3574900
2016-02-02,123.669998,124.139999,122.639999,122.940002,97.589470,3287300
2016-02-03,123.989998,125.449997,122.290001,124.720001,99.002441,6223500
2016-02-04,125.080002,128.500000,125.000000,127.650002,101.328247,5266500
2016-02-05,127.220001,128.639999,125.849998,128.570007,102.058548,7177700
2016-02-08,126.000000,127.510002,124.129997,126.980003,101.825981,7364000
2016-02-09,126.120003,126.930000,123.769997,124.070000,99.492424,5957200
2016-02-10,125.000000,125.290001,119.839996,120.190002,96.381050,6469100
2016-02-11,118.779999,119.660004,116.900002,117.849998,94.504570,7307600
2016-02-12,119.260002,121.050003,118.349998,121.040001,97.062660,4936500
2016-02-16,121.830002,123.089996,121.339996,122.739998,98.425911,4061400
2016-02-17,123.709999,126.570000,123.250000,126.099998,101.120300,4821000
2016-02-18,130.000000,134.000000,129.750000,132.449997,106.212402,9951600
2016-02-19,132.360001,133.649994,130.839996,133.080002,106.717606,5125300
2016-02-22,133.080002,134.309998,132.410004,133.770004,107.270927,4457400
2016-02-23,133.139999,133.410004,132.009995,132.399994,106.172302,3439700
2016-02-24,131.550003,133.490005,129.679993,132.800003,106.493057,4122600
2016-02-25,133.289993,134.509995,130.880005,134.500000,107.856323,4358300
2016-02-26,134.509995,134.919998,131.949997,132.029999,105.875595,4386200
2016-02-29,132.000000,133.360001,130.899994,131.029999,105.073715,4428000
2016-03-01,132.240005,134.639999,132.029999,134.369995,107.752068,3788500
2016-03-02,133.699997,137.440002,133.220001,136.300003,109.299728,5217200
2016-03-03,137.220001,137.960007,136.070007,137.800003,110.502563,5156400
2016-03-04,137.539993,139.419998,137.020004,137.800003,110.502563,3968400
2016-03-07,137.279999,140.509995,136.869995,140.149994,112.387070,5171000
2016-03-08,139.710007,140.350006,137.419998,139.070007,111.521011,5579100
2016-03-09,139.309998,142.169998,139.229996,140.410004,112.595566,4406500
2016-03-10,141.240005,141.470001,138.089996,140.190002,112.419174,4020600
2016-03-11,141.729996,142.919998,140.509995,142.360001,114.159302,4421900
2016-03-14,142.009995,143.190002,141.039993,142.779999,114.496071,4048800
2016-03-15,141.740005,143.330002,141.539993,142.960007,114.640419,3707500
2016-03-16,142.619995,144.880005,142.110001,144.789993,116.107918,4221900
2016-03-17,144.779999,147.320007,144.449997,147.039993,117.912178,5821600
2016-03-18,147.399994,147.509995,145.509995,147.089996,117.952309,12089700
2016-03-21,147.300003,148.710007,146.720001,148.630005,119.187241,3721600
2016-03-22,148.059998,149.279999,147.839996,148.100006,118.762215,4081900
2016-03-23,148.000000,148.029999,145.130005,145.399994,116.597069,4764200
2016-03-24,144.979996,148.220001,144.490005,147.949997,118.641922,5044500
2016-03-28,147.750000,148.649994,147.229996,148.399994,119.002792,3265100
2016-03-29,147.589996,149.759995,147.500000,149.330002,119.748558,3138500
2016-03-30,149.949997,150.410004,148.320007,148.410004,119.010818,3331200
2016-03-31,149.789993,153.100006,149.360001,151.449997,121.448616,6780600
2016-04-01,150.509995,152.960007,150.250000,152.520004,122.306641,3925500
2016-04-04,152.339996,153.520004,151.910004,152.070007,121.945793,3931200
2016-04-05,151.429993,151.600006,149.649994,150.000000,120.285851,3337000
2016-04-06,149.899994,150.149994,147.809998,150.020004,120.301880,4194600
2016-04-07,149.070007,149.600006,148.000000,148.250000,118.882507,3663000
2016-04-08,149.059998,149.990005,148.119995,149.350006,119.764618,3293800
2016-04-11,150.259995,151.949997,149.220001,149.250000,119.684402,3846100
2016-04-12,149.610001,150.110001,148.580002,149.630005,119.989120,3595800
2016-04-13,150.750000,151.229996,149.630005,151.229996,121.272163,3168400
2016-04-14,151.500000,152.759995,150.380005,151.160004,121.216064,3176500
2016-04-15,151.039993,152.100006,150.960007,151.720001,121.665115,3657600
2016-04-18,151.720001,153.139999,151.490005,152.529999,122.314674,6581700
2016-04-19,146.470001,146.949997,142.610001,144.000000,115.474411,13190200
2016-04-20,144.240005,147.199997,144.000000,146.110001,117.166420,6754300
2016-04-21,146.580002,150.119995,146.460007,149.300003,119.724525,6017700
2016-04-22,149.440002,151.000000,147.500000,148.500000,119.082993,5191900
2016-04-25,148.160004,148.899994,147.110001,148.809998,119.331589,2848900
2016-04-26,148.649994,149.789993,147.899994,149.080002,119.548088,2979800
2016-04-27,149.350006,150.779999,148.970001,150.470001,120.662750,3111200
2016-04-28,149.750000,150.179993,146.729996,147.070007,117.936295,3791500
2016-04-29,146.490005,147.339996,144.190002,145.940002,117.030098,4225800
2016-05-02,146.559998,147.000000,144.429993,145.270004,116.492844,3502400
2016-05-03,144.649994,144.899994,142.899994,144.130005,115.578667,3584300
2016-05-04,143.360001,145.000000,143.309998,144.250000,115.674889,2577100
2016-05-05,145.949997,147.300003,145.449997,146.470001,117.455124,6501200
2016-05-06,144.860001,147.970001,144.470001,147.289993,119.252502,4895800
2016-05-09,147.699997,148.199997,147.009995,147.339996,119.292999,4302400
2016-05-10,148.240005,150.039993,147.740005,149.970001,121.422394,3992700
2016-05-11,149.710007,151.089996,148.740005,148.949997,120.596527,3093000
2016-05-12,149.210007,149.389999,147.110001,148.839996,120.507492,3249200
2016-05-13,148.789993,149.860001,147.419998,147.720001,119.600655,2398000
2016-05-16,147.649994,149.990005,147.440002,149.460007,121.009476,3069100
2016-05-17,149.210007,149.500000,147.289993,148.000000,119.827400,3490600
2016-05-18,147.990005,148.520004,146.360001,147.339996,119.292999,2491100
2016-05-19,146.479996,146.929993,143.960007,144.929993,117.341743,3685600
2016-05-20,145.710007,147.509995,145.550003,147.250000,119.220146,3671500
2016-05-23,147.610001,147.949997,146.660004,146.770004,118.831482,2103800
2016-05-24,146.880005,148.750000,146.880005,148.309998,120.078377,2929300
2016-05-25,148.929993,152.089996,148.500000,151.690002,122.814972,4355300
2016-05-26,151.550003,152.509995,151.050003,152.440002,123.422211,3062900
2016-05-27,152.350006,152.929993,152.149994,152.839996,123.746071,2457100
2016-05-31,152.559998,153.809998,152.270004,153.740005,124.474747,5836600
2016-06-01,153.000000,153.270004,151.539993,152.509995,123.478874,2663400
2016-06-02,152.589996,153.500000,152.119995,153.500000,124.280418,2642600
2016-06-03,152.399994,153.039993,151.699997,152.889999,123.786545,2328300
2016-06-06,153.089996,153.949997,152.339996,152.729996,123.656990,2378700
2016-06-07,153.309998,153.929993,152.660004,153.330002,124.142807,4465000
2016-06-08,153.529999,154.089996,153.039993,154.000000,124.685257,2935000
2016-06-09,152.919998,153.759995,152.729996,153.419998,124.215660,2021800
2016-06-10,152.789993,153.330002,151.860001,152.369995,123.365509,3120600
2016-06-13,151.630005,152.500000,150.279999,151.279999,122.483025,3610400
2016-06-14,151.279999,151.789993,150.399994,151.059998,122.304886,2865800
2016-06-15,151.460007,151.789993,150.600006,150.679993,121.997208,2260400
2016-06-16,150.190002,151.289993,149.000000,151.059998,122.304886,2449100
2016-06-17,150.960007,152.720001,150.600006,151.990005,123.057846,4663900
2016-06-20,152.600006,154.669998,152.520004,153.610001,124.369499,3572100
2016-06-21,154.160004,154.570007,153.690002,154.050003,124.725731,2760300
2016-06-22,153.750000,154.710007,152.270004,152.919998,123.810844,2833700
2016-06-23,153.449997,155.479996,152.600006,155.350006,125.778282,3969400
2016-06-24,149.970001,150.610001,146.179993,146.589996,118.685768,9082800
2016-06-27,146.179993,146.600006,142.500000,143.500000,116.183960,5017900
2016-06-28,144.779999,145.729996,144.220001,145.699997,117.965195,3997700
2016-06-29,146.500000,148.479996,146.449997,148.460007,120.199799,3367700
2016-06-30,148.860001,151.910004,148.669998,151.779999,122.887802,3967100
2016-07-01,151.779999,152.970001,151.399994,152.350006,123.349335,2658300
2016-07-05,151.190002,152.000000,150.759995,151.679993,122.806839,2465200
2016-07-06,151.850006,152.410004,149.919998,152.369995,123.365509,2569400
2016-07-07,152.750000,153.690002,151.889999,152.600006,123.551735,2138400
2016-07-08,154.000000,154.600006,153.080002,154.460007,125.057663,3040600
2016-07-11,154.600006,156.039993,154.500000,155.330002,125.762077,2833700
2016-07-12,156.000000,157.119995,155.520004,157.039993,127.146576,3843800
2016-07-13,157.750000,158.339996,157.059998,158.020004,127.940010,2746400
2016-07-14,158.809998,161.399994,158.580002,160.279999,129.769836,4637600
2016-07-15,159.899994,159.979996,158.500000,159.779999,129.364990,4476800
2016-07-18,159.300003,160.750000,158.729996,159.860001,129.429764,6729700
2016-07-19,161.779999,162.139999,157.889999,159.580002,129.203049,7120000
2016-07-20,159.970001,161.710007,159.600006,161.360001,130.644226,4376300
2016-07-21,160.750000,161.850006,159.889999,160.449997,129.907471,3518900
2016-07-22,160.779999,162.169998,160.479996,162.070007,131.219055,2520100
2016-07-25,162.000000,162.880005,161.750000,162.649994,131.688660,2804600
2016-07-26,162.649994,163.600006,161.369995,162.119995,131.259583,2894600
2016-07-27,162.119995,162.570007,161.179993,161.830002,131.024750,2162700
2016-07-28,161.380005,161.809998,160.710007,161.369995,130.652313,2340400
2016-07-29,161.360001,161.669998,160.029999,160.619995,130.045120,3547500
2016-08-01,160.649994,161.649994,159.839996,161.449997,130.717087,2823600
2016-08-02,161.270004,161.449997,160.360001,160.580002,130.012711,3080900
2016-08-03,160.130005,160.860001,159.800003,160.669998,130.085541,2861700
2016-08-04,160.860001,161.699997,160.119995,161.550003,130.798065,2489100
2016-08-05,162.000000,163.509995,161.570007,163.500000,132.376877,3812400
2016-08-08,162.729996,163.270004,161.580002,162.039993,132.327881,3039300
2016-08-09,162.220001,162.770004,161.649994,161.770004,132.107376,2737500
2016-08-10,162.190002,162.660004,161.960007,162.080002,132.360535,2466700
2016-08-11,162.250000,164.949997,162.179993,163.529999,133.544647,8768600
2016-08-12,163.190002,163.460007,161.520004,161.949997,132.254349,2543100
2016-08-15,162.399994,162.970001,161.779999,161.880005,132.197220,2970400
2016-08-16,161.110001,161.929993,160.690002,160.699997,131.233582,2210200
2016-08-17,160.970001,161.160004,159.839996,160.440002,131.021240,3225900
2016-08-18,160.889999,162.000000,160.440002,161.360001,131.772583,3652000
2016-08-19,160.839996,160.910004,159.520004,160.039993,130.694595,2815200
2016-08-22,160.000000,160.570007,159.130005,160.000000,130.661942,2039300
2016-08-23,160.330002,161.339996,160.229996,160.259995,130.874237,2838100
2016-08-24,159.889999,160.179993,158.320007,159.050003,129.886124,3645800
2016-08-25,159.000000,159.539993,158.419998,158.630005,129.543137,2575000
2016-08-26,158.880005,160.440002,157.850006,158.320007,129.289993,2498900
2016-08-29,158.830002,160.210007,158.500000,159.720001,130.433273,2475900
2016-08-30,159.759995,160.149994,158.809998,159.399994,130.171936,1813300
2016-08-31,159.660004,159.660004,158.259995,158.880005,129.747284,2323600
2016-09-01,158.320007,159.619995,158.100006,159.539993,130.286285,2358400
2016-09-02,159.880005,160.570007,159.149994,159.550003,130.294479,2315400
2016-09-06,159.880005,160.860001,159.110001,160.350006,130.947754,2994100
2016-09-07,160.190002,161.759995,160.000000,161.639999,132.001205,2867300
2016-09-08,160.550003,161.210007,158.759995,159.000000,129.845276,3963200
2016-09-09,158.029999,158.399994,155.649994,155.690002,127.142227,5186000
2016-09-12,155.259995,158.529999,154.839996,158.289993,129.265488,4367500
2016-09-13,157.630005,157.929993,155.500000,155.809998,127.240211,3636700
2016-09-14,155.699997,155.869995,153.389999,154.050003,125.802925,3860600
2016-09-15,154.300003,156.330002,153.210007,155.660004,127.117752,3645600
2016-09-16,155.039993,155.399994,153.470001,153.839996,125.631439,6463600
2016-09-19,154.869995,156.190002,154.550003,154.869995,126.472542,2450100
2016-09-20,155.869995,156.570007,154.449997,154.449997,126.129593,2159100
2016-09-21,154.910004,155.679993,153.869995,155.529999,127.011566,2473900
2016-09-22,156.149994,157.220001,155.690002,156.110001,127.485191,2691100
2016-09-23,155.619995,156.039993,154.710007,154.979996,126.562424,2702200
2016-09-26,154.460007,154.460007,153.460007,153.979996,125.745758,2533300
2016-09-27,154.320007,156.770004,153.809998,156.770004,128.024200,2987200
2016-09-28,156.990005,158.630005,156.229996,158.289993,129.265488,3310000
2016-09-29,158.630005,165.000000,157.460007,158.110001,129.118500,3374800
2016-09-30,158.899994,159.839996,158.059998,158.850006,129.722809,3596900
2016-10-03,158.059998,158.369995,157.020004,157.610001,128.710159,2227800
2016-10-04,157.669998,158.529999,155.820007,156.460007,127.771065,2884100
2016-10-05,157.070007,157.830002,156.720001,157.080002,128.277359,1684500
2016-10-06,156.839996,157.429993,155.889999,156.880005,128.114059,1950100
2016-10-07,157.139999,157.699997,154.860001,155.669998,127.125893,2671900
2016-10-10,156.710007,158.490005,156.660004,157.020004,128.228317,2481300
2016-10-11,156.729996,156.949997,153.889999,154.789993,126.407242,2901300
2016-10-12,154.970001,154.970001,153.080002,154.289993,125.998924,2964000
2016-10-13,153.699997,154.220001,152.270004,153.720001,125.533432,2909900
2016-10-14,154.470001,155.529999,154.089996,154.449997,126.129593,4358200
2016-10-17,154.449997,155.889999,154.339996,154.770004,126.390938,5890400
2016-10-18,150.020004,151.000000,147.789993,150.720001,123.083527,12770600
2016-10-19,151.270004,152.449997,150.830002,151.259995,123.524513,4632900
2016-10-20,151.279999,152.899994,151.020004,151.520004,123.736870,4023100
2016-10-21,150.580002,151.149994,149.559998,149.630005,122.193382,4414200
2016-10-24,150.399994,151.520004,150.399994,150.570007,122.961021,2666700
2016-10-25,150.570007,151.160004,149.830002,150.880005,123.214218,2647500
2016-10-26,150.710007,152.940002,150.259995,151.809998,123.973663,2811700
2016-10-27,152.820007,154.059998,152.020004,153.350006,125.231316,4229300
2016-10-28,154.050003,154.440002,152.179993,152.610001,124.626999,3654500
2016-10-31,152.759995,154.330002,152.759995,153.690002,125.508926,3553200
2016-11-01,153.500000,153.910004,151.740005,152.789993,124.773956,3191900
2016-11-02,152.479996,153.350006,151.669998,151.949997,124.088013,3074400
2016-11-03,152.509995,153.740005,151.800003,152.369995,124.430969,2878800
2016-11-04,152.399994,153.639999,151.869995,152.429993,124.479973,2470400
2016-11-07,153.990005,156.110001,153.839996,155.720001,127.166740,3804900
2016-11-08,154.559998,155.929993,153.059998,155.169998,127.867165,3921900
2016-11-09,152.960007,155.559998,151.000000,154.809998,127.570511,5403700
2016-11-10,157.660004,161.160004,157.589996,160.220001,132.028595,7715800
2016-11-11,159.970001,161.339996,159.330002,161.270004,132.893875,4446600
2016-11-14,161.250000,161.860001,157.580002,158.210007,130.372253,5196500
2016-11-15,158.419998,159.149994,157.550003,158.669998,130.751312,3477000
2016-11-16,158.460007,159.550003,158.029999,159.289993,131.262192,2252800
2016-11-17,159.220001,159.929993,158.850006,159.800003,131.682480,2261200
2016-11-18,159.800003,160.720001,159.210007,160.389999,132.168671,2981600
2016-11-21,160.690002,163.000000,160.369995,162.770004,134.129898,4637100
2016-11-22,163.000000,163.000000,161.949997,162.669998,134.047531,2770800
2016-11-23,161.940002,162.380005,161.360001,161.979996,133.478912,2252700
2016-11-25,161.830002,163.190002,161.830002,163.139999,134.434784,1605300
2016-11-28,163.199997,164.660004,162.699997,164.520004,135.571976,4449400
2016-11-29,164.000000,164.410004,163.029999,163.529999,134.756180,3148200
2016-11-30,163.350006,163.800003,162.210007,162.220001,133.676682,4397800
2016-12-01,161.949997,162.199997,158.300003,159.820007,131.698975,4635700
2016-12-02,159.000000,160.289993,158.410004,160.020004,131.863800,2740900
2016-12-05,160.850006,161.149994,159.589996,159.839996,131.715439,3447100
2016-12-06,160.130005,160.789993,158.929993,160.350006,132.135727,2859000
2016-12-07,160.600006,165.179993,160.389999,164.789993,135.794479,4435100
2016-12-08,164.869995,166.000000,164.220001,165.360001,136.264175,3266400
2016-12-09,165.179993,166.720001,164.600006,166.520004,137.220078,3146900
2016-12-12,166.720001,166.789993,165.070007,165.500000,136.379562,3392300
2016-12-13,165.679993,169.949997,165.679993,168.289993,138.678635,5932300
2016-12-14,168.369995,169.889999,167.449997,168.509995,138.859940,4124200
2016-12-15,168.009995,169.850006,167.779999,168.020004,138.456146,3388600
2016-12-16,168.970001,169.110001,166.059998,166.729996,137.393127,7120600
2016-12-19,166.830002,167.259995,166.000000,166.679993,137.351913,2955900
2016-12-20,167.490005,168.250000,166.449997,167.600006,138.110062,2174600
2016-12-21,166.250000,167.940002,165.250000,167.330002,137.887558,3575700
2016-12-22,167.360001,168.229996,166.580002,167.059998,137.665039,2802600
2016-12-23,167.000000,167.490005,166.449997,166.710007,137.376648,1701200
2016-12-27,166.979996,167.979996,166.850006,167.139999,137.730972,1397500
2016-12-28,167.289993,167.740005,166.000000,166.190002,136.948135,1757500
2016-12-29,166.020004,166.990005,166.000000,166.600006,137.285995,1663500
2016-12-30,166.440002,166.699997,165.500000,165.990005,136.783325,2952800
2017-01-03,167.000000,167.869995,166.009995,167.190002,137.772202,2934300
2017-01-04,167.770004,169.869995,167.360001,169.259995,139.477921,3381400
2017-01-05,169.250000,169.389999,167.259995,168.699997,139.016464,2682300
2017-01-06,168.690002,169.919998,167.520004,169.529999,139.700455,2945500
2017-01-09,169.470001,169.800003,167.619995,167.649994,138.151245,3189900
2017-01-10,167.979996,168.089996,165.339996,165.520004,136.396057,4118700
2017-01-11,166.050003,167.759995,165.600006,167.750000,138.233643,3599500
2017-01-12,167.770004,168.009995,165.559998,167.949997,138.398453,2927500
2017-01-13,167.970001,168.479996,166.880005,167.339996,137.895767,2875400
2017-01-17,166.690002,168.179993,166.119995,167.889999,138.348999,3315700
2017-01-18,167.449997,168.589996,166.690002,166.800003,137.450790,4007800
2017-01-19,166.960007,167.449997,165.800003,166.809998,137.459061,6963400
2017-01-20,167.809998,170.639999,166.000000,170.550003,140.540970,12690000
2017-01-23,170.080002,171.250000,170.009995,171.029999,140.936508,5478200
2017-01-24,171.360001,176.000000,171.160004,175.899994,144.949631,6952400
2017-01-25,176.259995,179.250000,176.130005,178.289993,146.919067,5922500
2017-01-26,178.059998,178.880005,177.509995,178.660004,147.223999,3063900
2017-01-27,178.470001,179.199997,177.300003,177.300003,146.103317,3482300
2017-01-30,176.979996,177.070007,174.580002,175.800003,144.867233,4094800
2017-01-31,175.050003,175.580002,173.610001,174.520004,143.812454,4139000
2017-02-01,175.000000,175.699997,172.889999,174.289993,143.622894,2795700
2017-02-02,174.229996,174.970001,173.550003,174.580002,143.861877,2620500
2017-02-03,175.000000,176.339996,174.889999,175.820007,144.883682,3309300
2017-02-06,175.309998,175.979996,174.380005,175.860001,144.916672,2650800
2017-02-07,176.000000,178.619995,175.899994,178.460007,147.059189,3873500
2017-02-08,177.500000,177.500000,175.880005,176.169998,146.319977,2913100
2017-02-09,176.169998,177.800003,175.910004,177.210007,147.183762,3090700
2017-02-10,177.369995,178.869995,176.759995,178.679993,148.404678,2930700
2017-02-13,179.240005,179.899994,178.839996,179.360001,148.969467,3093400
2017-02-14,178.570007,180.130005,178.350006,180.130005,149.609039,2776500
2017-02-15,180.199997,181.919998,179.809998,181.679993,150.896378,2914300
2017-02-16,181.449997,182.789993,180.869995,181.429993,150.688736,3251500
2017-02-17,181.250000,181.570007,180.000000,180.669998,150.057480,3552500
2017-02-21,180.600006,180.789993,179.119995,180.259995,149.716980,4480300
2017-02-22,180.089996,181.339996,180.089996,181.149994,150.456192,3020500
2017-02-23,182.000000,182.500000,180.919998,181.649994,150.871475,2282500
2017-02-24,180.210007,181.490005,179.889999,181.350006,150.622284,3300100
2017-02-27,181.190002,181.250000,179.279999,179.399994,149.002686,3691300
2017-02-28,179.380005,180.630005,179.350006,179.820007,149.351547,3273400
2017-03-01,180.479996,182.550003,180.029999,181.949997,151.120636,3005600
2017-03-02,181.880005,181.880005,180.429993,180.529999,149.941223,2918200
2017-03-03,180.529999,181.320007,179.759995,180.050003,149.542572,1822000
2017-03-06,179.720001,180.990005,179.570007,180.470001,149.891403,3204400
2017-03-07,180.710007,181.289993,180.199997,180.380005,149.816650,2980500
2017-03-08,180.750000,180.949997,179.300003,179.449997,149.044235,3557400
2017-03-09,179.149994,179.250000,175.880005,177.179993,147.158844,5444100
2017-03-10,178.210007,179.490005,177.419998,177.830002,147.698730,3100300
2017-03-13,177.850006,178.059998,176.419998,176.460007,146.560852,3482200
2017-03-14,176.179993,176.820007,175.210007,175.720001,145.946243,3147500
2017-03-15,175.710007,176.279999,174.750000,175.809998,146.021011,3815500
2017-03-16,178.460007,179.000000,176.820007,177.240005,147.208664,4311800
2017-03-17,176.289993,176.789993,175.649994,175.649994,145.888092,5921000
2017-03-20,175.649994,176.179993,175.139999,175.699997,145.929642,2476100
2017-03-21,176.009995,176.229996,173.839996,173.880005,144.418015,3927700
2017-03-22,174.039993,175.059998,172.800003,174.779999,145.165512,3450500
2017-03-23,174.429993,175.669998,173.559998,174.820007,145.198730,3740000
2017-03-24,175.119995,175.500000,173.389999,173.830002,144.376450,3221700
2017-03-27,172.690002,174.160004,172.089996,173.770004,144.326645,3259000
2017-03-28,173.940002,175.000000,173.000000,174.509995,144.941238,3523900
2017-03-29,174.300003,174.490005,173.460007,173.940002,144.467850,3085600
2017-03-30,173.860001,174.589996,173.690002,173.860001,144.401398,3168300
2017-03-31,173.979996,174.949997,173.690002,174.139999,144.633926,2913700
2017-04-03,173.820007,174.869995,173.380005,174.500000,144.932938,4286500
2017-04-04,173.520004,174.960007,173.259995,174.520004,144.949570,3108900
2017-04-05,174.699997,176.330002,172.809998,172.880005,143.587463,6238900
2017-04-06,173.470001,173.470001,172.250000,172.449997,143.230286,3435400
2017-04-07,172.080002,172.929993,171.279999,172.139999,142.972809,3588300
2017-04-10,172.529999,172.559998,171.000000,171.199997,142.192093,3789900
2017-04-11,170.649994,171.229996,168.979996,170.580002,141.677155,4891900
2017-04-12,171.039993,171.199997,170.020004,170.660004,141.743591,3276900
2017-04-13,169.919998,171.360001,169.529999,169.529999,140.805054,3205500
2017-04-17,169.750000,171.300003,169.619995,171.100006,142.109039,3720200
2017-04-18,170.789993,171.690002,169.830002,170.050003,141.236969,6345500
2017-04-19,161.759995,162.639999,159.600006,161.690002,134.293457,19284300
2017-04-20,161.320007,162.399994,160.500000,162.300003,134.800064,6486800
2017-04-21,162.050003,162.110001,160.380005,160.380005,133.205399,5607800
2017-04-24,161.289993,161.570007,160.419998,160.750000,133.512726,5320600
2017-04-25,161.779999,162.039993,160.380005,160.389999,133.213730,4860400
2017-04-26,160.529999,161.100006,159.889999,160.059998,132.939651,4327800
2017-04-27,160.289993,160.479996,159.630005,160.320007,133.155579,4122600
2017-04-28,160.500000,160.589996,159.699997,160.289993,133.130661,4154100
2017-05-01,160.050003,160.419998,158.699997,158.839996,131.926361,4935300
2017-05-02,159.440002,159.490005,158.639999,159.100006,132.142288,3208200
2017-05-03,158.740005,159.449997,158.520004,158.630005,131.751923,3993300
2017-05-04,158.889999,159.139999,158.360001,159.050003,132.100754,4280600
2017-05-05,153.520004,155.779999,153.000000,155.050003,128.778534,12521300
2017-05-08,152.800003,153.470001,152.199997,153.029999,128.342407,7492000
2017-05-09,152.600006,153.100006,151.559998,152.110001,127.570824,6853000
2017-05-10,151.649994,152.369995,151.130005,151.250000,126.849556,4999900
2017-05-11,151.050003,151.149994,149.789993,150.649994,126.346390,5627900
2017-05-12,150.300003,151.259995,150.000000,150.369995,126.111511,3715300
2017-05-15,150.619995,151.830002,150.449997,151.509995,127.067642,4245500
2017-05-16,151.660004,153.990005,151.660004,153.679993,128.887558,5513700
2017-05-17,153.300003,154.139999,150.889999,150.929993,126.581184,5191500
2017-05-18,150.860001,151.330002,150.110001,150.779999,126.455421,3274200
2017-05-19,151.009995,152.460007,150.889999,151.979996,127.461830,5643000
2017-05-22,152.100006,152.839996,151.600006,152.639999,128.015335,3302100
2017-05-23,152.570007,153.679993,151.919998,152.029999,127.503754,2564500
2017-05-24,152.210007,152.759995,151.229996,152.509995,127.906303,3732400
2017-05-25,153.250000,153.729996,152.949997,153.199997,128.484970,2582700
2017-05-26,152.850006,153.000000,152.059998,152.490005,127.889503,2443300
2017-05-30,151.949997,152.669998,151.589996,151.729996,127.252113,3666000
2017-05-31,152.029999,152.800003,151.649994,152.630005,128.006958,3543400
2017-06-01,152.800003,152.869995,151.630005,152.669998,128.040482,2918100
2017-06-02,153.070007,153.199997,151.800003,152.050003,127.520508,3585700
2017-06-05,151.820007,152.929993,151.679993,152.410004,127.822433,3975100
2017-06-06,152.000000,152.889999,152.000000,152.369995,127.788910,3797200
2017-06-07,153.050003,154.199997,150.800003,150.979996,126.623123,4865700
2017-06-08,151.000000,152.820007,150.919998,152.100006,127.562439,3709000
2017-06-09,152.000000,154.259995,151.880005,154.100006,129.239807,4361500
2017-06-12,154.190002,157.199997,154.020004,155.179993,130.145554,6471500
2017-06-13,155.440002,155.479996,154.149994,154.250000,129.365570,3523500
2017-06-14,153.970001,154.940002,152.940002,153.809998,128.996567,3049100
2017-06-15,153.289993,154.690002,153.289993,154.220001,129.340454,4654300
2017-06-16,154.229996,155.419998,152.970001,155.380005,130.313293,6742000
2017-06-19,155.509995,155.860001,154.539993,154.839996,129.860413,4629500
2017-06-20,154.479996,155.389999,154.250000,154.949997,129.952652,4481700
2017-06-21,155.789993,155.789993,153.389999,153.789993,128.979782,3959700
2017-06-22,154.550003,154.990005,153.690002,154.399994,129.491394,2376500
2017-06-23,154.339996,154.679993,153.800003,154.110001,129.248215,3282200
2017-06-26,154.710007,155.750000,154.630005,155.229996,130.187515,2153500
2017-06-27,155.000000,155.339996,154.500000,154.750000,129.784958,2386500
2017-06-28,155.149994,155.550003,154.779999,155.320007,130.263000,2221000
2017-06-29,155.350006,155.740005,153.619995,154.130005,129.264999,3262200
2017-06-30,154.279999,154.500000,153.139999,153.830002,129.013351,3571500
2017-07-03,153.580002,156.029999,153.520004,155.580002,130.481033,2822500
2017-07-05,155.770004,155.889999,153.630005,153.669998,128.879196,3564400
2017-07-06,153.360001,153.830002,152.229996,152.360001,127.780556,2757500
2017-07-07,152.619995,153.490005,152.139999,152.940002,128.266937,2460100
2017-07-10,152.910004,153.889999,152.630005,153.419998,128.669495,3206200
2017-07-11,153.259995,153.649994,152.050003,153.190002,128.476608,3447500
2017-07-12,153.479996,154.240005,153.050003,153.699997,128.904327,3097900
2017-07-13,153.699997,154.190002,153.190002,153.630005,128.845642,2476100
2017-07-14,154.009995,154.619995,153.399994,154.240005,129.357208,3256400
2017-07-17,153.589996,153.880005,152.240005,153.009995,128.325653,4762600
2017-07-18,152.360001,154.289993,152.000000,154.000000,129.155914,7566800
2017-07-19,150.020004,150.250000,146.710007,147.529999,123.729698,14293600
2017-07-20,147.529999,148.830002,147.029999,147.660004,123.838737,7212200
2017-07-21,147.589996,147.869995,146.509995,147.080002,123.352287,6509500
2017-07-24,147.000000,147.039993,145.800003,145.990005,122.438171,3877600
2017-07-25,146.570007,147.490005,146.029999,146.190002,122.605911,4208900
2017-07-26,146.270004,146.460007,144.470001,145.360001,121.909790,3932400
2017-07-27,145.000000,145.399994,143.639999,145.070007,121.666580,6430800
2017-07-28,144.809998,145.039993,143.839996,144.289993,121.012383,3054800
2017-07-31,144.380005,144.929993,144.169998,144.669998,121.331100,4355700
2017-08-01,145.000000,145.669998,144.720001,145.300003,121.859482,3219500
2017-08-02,145.119995,145.289993,144.220001,144.449997,121.146584,3540900
2017-08-03,144.429993,145.339996,144.429993,144.940002,121.557549,3035400
2017-08-04,145.000000,145.389999,144.399994,145.160004,121.742058,2549400
2017-08-07,145.000000,145.089996,142.750000,143.470001,120.324692,4618300
2017-08-08,142.000000,142.759995,142.000000,142.110001,120.443336,3298700
2017-08-09,141.750000,142.029999,141.190002,141.770004,120.155182,2925800
2017-08-10,141.639999,142.419998,141.229996,141.839996,120.214500,4525400
2017-08-11,142.449997,142.589996,141.520004,141.839996,120.214500,3004000
2017-08-14,142.000000,142.759995,141.940002,142.320007,120.621315,2248600
2017-08-15,142.550003,143.339996,140.580002,142.070007,120.409454,4681500
2017-08-16,141.789993,142.910004,141.610001,142.500000,120.773872,3287800
2017-08-17,142.520004,142.889999,140.699997,140.699997,119.248314,4422100
2017-08-18,140.869995,141.149994,139.580002,139.699997,118.400803,4152700
2017-08-21,139.589996,140.419998,139.130005,140.330002,118.934731,3190700
2017-08-22,140.639999,141.149994,140.380005,141.009995,119.511047,2544400
2017-08-23,140.699997,143.050003,140.679993,142.139999,120.468765,4048300
2017-08-24,142.500000,143.679993,142.250000,142.940002,121.146790,3592200
2017-08-25,143.300003,144.190002,143.250000,143.740005,121.824806,2872900
2017-08-28,144.110001,144.559998,142.389999,142.509995,120.782349,5086000
2017-08-29,142.100006,143.429993,141.899994,143.139999,121.316307,3009500
2017-08-30,143.259995,143.279999,142.410004,142.559998,120.824745,2736000
2017-08-31,143.020004,143.660004,142.630005,143.029999,121.223061,3656400
2017-09-01,142.979996,144.500000,142.979996,144.080002,122.112968,3351700
2017-09-05,143.500000,144.360001,142.699997,143.039993,121.231552,3097500
2017-09-06,143.880005,144.470001,143.500000,143.820007,121.892647,3273300
2017-09-07,144.100006,144.639999,142.410004,142.899994,121.112885,4188200
2017-09-08,143.149994,143.149994,141.639999,142.449997,120.731491,3366200
2017-09-11,143.539993,145.130005,143.009995,144.860001,122.774055,4613400
2017-09-12,145.110001,146.369995,144.509995,145.759995,123.536827,5238100
2017-09-13,145.350006,146.289993,145.339996,145.990005,123.731812,4101000
2017-09-14,145.860001,146.380005,145.509995,145.539993,123.350418,3756900
2017-09-15,144.820007,145.169998,144.080002,144.820007,122.740158,7397200
2017-09-18,144.809998,145.479996,144.270004,144.550003,122.511330,3019500
2017-09-19,144.789993,144.979996,144.220001,144.389999,122.375732,3464400
2017-09-20,144.929993,145.880005,144.419998,145.880005,123.638573,5447500
2017-09-21,145.649994,145.889999,145.100006,145.259995,123.113083,2555600
2017-09-22,145.589996,145.589996,144.589996,145.130005,123.002892,2792300
2017-09-25,145.119995,146.029999,144.910004,145.869995,123.630066,5213100
2017-09-26,146.360001,147.419998,145.940002,146.559998,124.214874,4488600
2017-09-27,146.679993,146.899994,145.029999,145.660004,123.452103,3502700
2017-09-28,145.660004,145.860001,144.210007,145.660004,123.452103,2774800
2017-09-29,145.449997,145.690002,144.919998,145.080002,122.960541,2654700
2017-10-02,145.350006,146.869995,145.210007,146.660004,124.299652,2973200
2017-10-03,146.690002,147.199997,146.339996,146.779999,124.401314,2302700
2017-10-04,147.000000,147.020004,146.110001,146.479996,124.147057,2244400
2017-10-05,146.679993,147.539993,146.479996,146.720001,124.350471,2686500
2017-10-06,146.639999,146.850006,146.320007,146.479996,124.147057,2623200
2017-10-09,146.500000,147.789993,146.350006,147.389999,124.918343,2682600
2017-10-10,147.710007,148.949997,147.649994,148.500000,125.859077,4032600
2017-10-11,148.399994,148.470001,147.279999,147.619995,125.113258,3702200
2017-10-12,147.559998,147.889999,146.770004,147.029999,124.613228,3264300
2017-10-13,147.479996,147.850006,146.940002,147.100006,124.672554,2506600
2017-10-16,147.220001,147.669998,146.509995,146.830002,124.443672,3052100
2017-10-17,146.630005,147.119995,146.179993,146.539993,124.197922,6372400
2017-10-18,157.119995,161.229996,156.949997,159.529999,135.207428,30490200
2017-10-19,159.800003,160.960007,159.089996,160.899994,136.368546,9914200
2017-10-20,161.070007,162.479996,159.770004,162.070007,137.360153,7868800
2017-10-23,162.050003,162.509995,159.539993,159.550003,135.224380,5779400
2017-10-24,159.649994,159.699997,155.169998,155.880005,132.113907,8194700
2017-10-25,156.009995,156.369995,153.059998,153.500000,130.096786,6921100
2017-10-26,154.309998,155.119995,153.539993,153.600006,130.181549,4300500
2017-10-27,154.539993,154.630005,152.910004,153.679993,130.249329,4895200
2017-10-30,153.759995,154.589996,152.710007,154.360001,130.825653,4210400
2017-10-31,154.330002,154.929993,152.929993,154.059998,130.571381,4328300
2017-11-01,154.100006,154.899994,153.830002,154.029999,130.545975,3240200
2017-11-02,154.179993,154.490005,152.910004,153.350006,129.969650,3397600
2017-11-03,153.419998,153.470001,151.490005,151.580002,128.469513,4431800
2017-11-06,151.770004,151.820007,150.279999,150.839996,127.842308,4498400
2017-11-07,151.369995,151.509995,150.500000,151.350006,128.274551,3701100
2017-11-08,151.600006,151.789993,150.279999,151.570007,128.461044,4634400
2017-11-09,149.929993,151.800003,149.860001,150.300003,128.657913,4776500
2017-11-10,150.649994,150.889999,149.139999,149.160004,127.682060,4307300
2017-11-13,148.880005,149.000000,147.919998,148.399994,127.031494,5107500
2017-11-14,147.949997,148.970001,147.490005,148.889999,127.450943,3758000
2017-11-15,148.000000,148.710007,146.210007,147.100006,125.918694,4773300
2017-11-16,147.729996,149.649994,147.500000,149.119995,127.647812,5446500
2017-11-17,149.339996,150.149994,148.830002,148.970001,127.519409,4916500
2017-11-20,150.639999,151.949997,149.899994,150.509995,128.837662,5676500
2017-11-21,151.300003,152.449997,151.199997,151.949997,130.070313,3756200
2017-11-22,152.000000,152.389999,151.330002,151.770004,129.916214,3213600
2017-11-24,151.949997,152.199997,151.330002,151.839996,129.976166,1193000
2017-11-27,152.059998,152.490005,151.619995,151.979996,130.095978,3374000
2017-11-28,152.350006,152.929993,151.699997,152.470001,130.515457,3973700
2017-11-29,152.809998,153.610001,152.169998,153.550003,131.439941,5098700
2017-11-30,153.649994,154.410004,153.080002,153.970001,131.799454,6500800
2017-12-01,154.399994,155.020004,152.910004,154.759995,132.475708,5567900
2017-12-04,155.960007,156.800003,155.070007,156.460007,133.930908,4664300
2017-12-05,156.449997,156.740005,154.679993,155.350006,132.980774,5068000
2017-12-06,154.100006,156.220001,154.089996,154.100006,131.910736,3410700
2017-12-07,153.589996,154.449997,153.259995,153.570007,131.457047,3771100
2017-12-08,154.979996,155.029999,153.550003,154.809998,132.518478,3520300
2017-12-11,155.460007,155.889999,154.570007,155.410004,133.032089,4102700
2017-12-12,157.300003,157.850006,155.160004,156.740005,134.170593,6321800
2017-12-13,156.600006,156.729996,153.889999,153.910004,131.748108,5661600
2017-12-14,154.600006,155.110001,153.699997,154.000000,131.825134,4637400
2017-12-15,153.610001,153.800003,152.029999,152.500000,130.541138,11279900
2017-12-18,153.589996,154.179993,153.210007,153.330002,131.251602,5092800
2017-12-19,154.050003,154.169998,153.089996,153.229996,131.166000,4116400
2017-12-20,153.649994,153.889999,152.779999,152.949997,130.926346,3785700
2017-12-21,153.169998,153.460007,151.490005,151.500000,129.685135,4153900
2017-12-22,151.820007,153.000000,151.500000,152.500000,130.541138,2990600
2017-12-26,152.509995,153.860001,152.500000,152.830002,130.823624,2479000
2017-12-27,152.949997,153.179993,152.610001,153.130005,131.080429,2149300
2017-12-28,153.199997,154.119995,153.199997,154.039993,131.859390,2687600
2017-12-29,154.169998,154.720001,153.419998,153.419998,131.328659,3327100
2018-01-02,154.500000,154.809998,153.539993,154.250000,132.039154,4202500
2018-01-03,157.339996,159.809998,156.330002,158.490005,135.668625,9441600
2018-01-04,159.649994,162.320007,159.369995,161.699997,138.416412,7556200
2018-01-05,162.440002,162.899994,161.100006,162.490005,139.092651,5195800
2018-01-08,162.660004,163.910004,161.699997,163.470001,139.931534,5237500
2018-01-09,163.899994,164.529999,163.059998,163.830002,140.239685,4341800
2018-01-10,162.910004,164.330002,162.500000,164.179993,140.539291,4174100
2018-01-11,164.800003,164.940002,163.300003,164.199997,140.556442,3794500
2018-01-12,164.020004,164.740005,163.029999,163.139999,139.649033,5031900
2018-01-16,165.100006,165.289993,163.350006,163.850006,140.256821,7794200
2018-01-17,168.009995,169.130005,167.259995,168.649994,144.365646,11710000
2018-01-18,170.000000,171.130005,168.149994,169.119995,144.767975,14259300
2018-01-19,164.460007,165.399994,161.300003,162.369995,138.989914,21172500
2018-01-22,161.509995,163.979996,161.110001,162.600006,139.186813,8480800
2018-01-23,162.820007,166.259995,162.509995,166.250000,142.311234,7466200
2018-01-24,166.750000,168.720001,164.820007,165.369995,141.557938,5645000
2018-01-25,165.910004,166.779999,165.190002,165.470001,141.643539,3302500
2018-01-26,166.119995,167.410004,165.789993,167.339996,143.244263,3787900
2018-01-29,167.449997,168.389999,166.009995,166.800003,142.782043,3517000
2018-01-30,166.210007,166.770004,163.160004,163.619995,140.059937,4902300
2018-01-31,163.750000,164.990005,162.759995,163.699997,140.128418,4072800
2018-02-01,163.190002,164.130005,161.899994,162.399994,139.015610,4434200
2018-02-02,161.699997,162.000000,158.869995,159.029999,136.130844,5251900
2018-02-05,157.889999,158.500000,150.000000,152.529999,130.566818,8746600
2018-02-06,150.289993,155.490005,149.110001,155.339996,132.972183,9867700
2018-02-07,154.169998,155.339996,153.279999,153.850006,131.696747,6149200
2018-02-08,152.479996,153.160004,147.500000,147.589996,127.582039,6779100
2018-02-09,148.600006,150.539993,144.399994,149.509995,129.241745,7828300
2018-02-12,150.899994,152.399994,150.300003,151.399994,130.875504,5881400
2018-02-13,150.899994,151.179993,149.639999,150.750000,130.313644,4891000
2018-02-14,150.190002,155.000000,150.000000,154.759995,133.780045,5479000
2018-02-15,155.500000,156.860001,153.699997,156.009995,134.860580,5623600
2018-02-16,155.710007,157.789993,155.690002,156.179993,135.007523,4282900
2018-02-20,155.789993,155.960007,153.869995,155.160004,134.125824,4489600
2018-02-21,155.429993,156.789993,153.899994,153.960007,133.088486,3728600
2018-02-22,154.500000,155.039993,152.789993,153.179993,132.414215,4024600
2018-02-23,154.300003,155.850006,154.070007,155.520004,134.437012,3256100
2018-02-26,155.809998,158.880005,155.509995,158.580002,137.082169,3610300
2018-02-27,158.460007,159.779999,156.529999,156.550003,135.327393,4237300
2018-02-28,157.500000,158.139999,155.800003,155.830002,134.704971,3803500
2018-03-01,155.529999,156.970001,152.789993,153.809998,132.958817,4039300
2018-03-02,152.789993,154.759995,151.880005,154.490005,133.546661,3261100
2018-03-05,154.119995,157.490005,153.750000,156.949997,135.673126,3670600
2018-03-06,157.279999,157.889999,155.160004,155.720001,134.609879,3685700
2018-03-07,155.000000,158.830002,154.729996,158.320007,136.857422,4607700
2018-03-08,159.000000,159.570007,155.070007,156.210007,135.033478,6455600
2018-03-09,157.470001,159.580002,157.300003,159.309998,137.713226,5022200
2018-03-12,159.639999,161.020004,158.869995,160.259995,138.534393,5063500
2018-03-13,160.089996,162.110001,158.809998,159.320007,137.721863,4185600
2018-03-14,160.169998,160.679993,157.740005,158.119995,136.684555,3631800
2018-03-15,158.710007,161.250000,158.520004,159.610001,137.972519,3870600
2018-03-16,160.059998,161.979996,159.639999,160.259995,138.534393,9262700
2018-03-19,159.710007,159.889999,156.449997,157.350006,136.018906,5482000
2018-03-20,157.520004,157.929993,155.289993,156.199997,135.024811,4336700
2018-03-21,156.570007,158.199997,155.919998,156.690002,135.448380,3482200
2018-03-22,155.000000,155.250000,152.000000,152.089996,131.471985,4746300
2018-03-23,152.250000,152.580002,148.539993,148.889999,128.705811,4440900
2018-03-26,151.210007,153.660004,150.279999,153.369995,132.578461,4103900
2018-03-27,153.949997,154.869995,151.160004,151.910004,131.316391,3883700
2018-03-28,152.070007,153.860001,151.889999,152.520004,131.843735,3664800
2018-03-29,153.070007,153.889999,151.080002,153.429993,132.630325,3420000
2018-04-02,153.339996,153.380005,148.429993,150.070007,129.725815,5150400
2018-04-03,150.800003,151.000000,148.300003,149.850006,129.535660,4135700
2018-04-04,147.889999,154.470001,147.449997,154.119995,133.226791,4805300
2018-04-05,154.440002,154.919998,153.339996,154.029999,133.148972,3185400
2018-04-06,153.460007,153.949997,149.539993,150.570007,130.158066,3672900
2018-04-09,151.800003,154.660004,151.740005,152.690002,131.990646,4413200
2018-04-10,155.029999,156.600006,154.750000,155.389999,134.324646,3806400
2018-04-11,154.369995,155.779999,153.880005,155.360001,134.298691,3306500
2018-04-12,156.750000,158.979996,156.669998,158.070007,136.641312,5639400
2018-04-13,158.669998,159.220001,155.910004,156.710007,135.465668,4057100
2018-04-16,157.990005,159.139999,157.669998,157.889999,136.485703,4186800
2018-04-17,158.820007,162.000000,158.509995,160.910004,139.096329,10207500
2018-04-18,152.139999,152.630005,148.259995,148.789993,128.619339,20381700
2018-04-19,149.190002,149.210007,146.619995,147.699997,127.677116,8086100
2018-04-20,147.899994,147.970001,144.509995,144.899994,125.256699,8265600
2018-04-23,145.029999,145.960007,144.330002,145.860001,126.086571,5315600
2018-04-24,146.509995,147.300003,144.529999,145.559998,125.827209,4916500
2018-04-25,145.789993,146.399994,144.110001,145.940002,126.155724,7326400
2018-04-26,146.600006,147.360001,146.199997,146.720001,126.829964,4265800
2018-04-27,146.839996,147.250000,145.660004,146.479996,126.622505,3205500
2018-04-30,146.860001,147.380005,144.960007,144.960007,125.308563,4415500
2018-05-01,144.649994,145.020004,143.470001,145.000000,125.343155,4433400
2018-05-02,144.460007,144.820007,142.070007,142.449997,123.138832,5194900
2018-05-03,142.130005,142.229996,139.899994,141.990005,122.741188,5018600
2018-05-04,141.100006,144.350006,140.279999,143.910004,124.400902,4402200
2018-05-07,144.000000,144.320007,142.639999,143.220001,123.804428,3657000
2018-05-08,143.000000,143.509995,142.059998,143.000000,123.614258,5369100
2018-05-09,141.899994,143.020004,141.279999,142.610001,124.645607,4196000
2018-05-10,143.149994,144.330002,143.009995,144.240005,126.070305,3726600
2018-05-11,144.110001,144.850006,143.580002,144.139999,125.982887,3073200
2018-05-14,144.470001,145.119995,144.139999,144.300003,126.122734,3216100
2018-05-15,143.500000,143.990005,142.919998,143.740005,125.633301,4089400
2018-05-16,143.699997,145.029999,143.270004,144.630005,126.411186,3168700
2018-05-17,144.500000,145.190002,143.770004,144.500000,126.297554,3147700
2018-05-18,144.470001,144.940002,143.990005,144.080002,125.930458,2682200
2018-05-21,144.949997,146.039993,144.679993,145.490005,127.162834,2894700
2018-05-22,145.520004,146.199997,145.000000,145.089996,126.813194,2284000
2018-05-23,144.350006,144.699997,143.479996,144.669998,126.446144,3459700
2018-05-24,144.389999,144.479996,142.949997,144.070007,125.921738,3398700
2018-05-25,143.899994,144.570007,143.460007,143.639999,125.545868,4914300
2018-05-29,142.529999,142.889999,140.210007,141.220001,123.430725,4537600
2018-05-30,141.899994,143.100006,141.820007,142.619995,124.654366,5118500
2018-05-31,142.809998,142.809998,141.050003,141.309998,123.509384,6830300
2018-06-01,142.429993,142.839996,141.619995,141.949997,124.068748,3857500
2018-06-04,142.300003,143.169998,142.179993,143.039993,125.021461,3035300
2018-06-05,143.050003,144.080002,143.039993,143.699997,125.598312,2836000
2018-06-06,144.339996,144.720001,143.539993,144.710007,126.481102,3220100
2018-06-07,145.000000,146.699997,144.929993,145.360001,127.049225,4316500
2018-06-08,145.000000,146.429993,144.369995,146.139999,127.730949,5210500
2018-06-11,146.619995,147.410004,146.139999,146.580002,128.115524,3260000
2018-06-12,147.100006,147.520004,146.619995,146.869995,128.368988,2640500
2018-06-13,146.789993,147.470001,146.199997,146.350006,127.914505,2968200
2018-06-14,146.649994,146.979996,145.089996,145.199997,126.909363,3326300
2018-06-15,144.899994,145.470001,143.699997,145.389999,127.075439,9116000
2018-06-18,144.179993,144.520004,143.139999,144.479996,126.280067,4286400
2018-06-19,143.119995,144.220001,142.949997,143.899994,125.773102,3487000
2018-06-20,144.220001,144.520004,142.410004,142.630005,124.663116,3329900
2018-06-21,142.589996,143.139999,140.830002,141.250000,123.456947,3887700
2018-06-22,141.639999,141.809998,140.779999,141.279999,123.483170,5611300
2018-06-25,140.399994,140.399994,138.279999,138.789993,121.306816,8937100
2018-06-26,139.360001,139.850006,138.330002,139.080002,121.560287,4139500
2018-06-27,139.110001,139.779999,137.449997,137.479996,120.161842,4101800
2018-06-28,138.100006,140.539993,137.949997,140.039993,122.399338,4523700
2018-06-29,140.320007,141.360001,139.610001,139.699997,122.102196,3710100
2018-07-02,138.279999,140.220001,138.199997,139.860001,122.242020,3405400
2018-07-03,140.649994,140.940002,139.369995,139.570007,121.988564,1963200
2018-07-05,140.479996,141.429993,139.929993,141.429993,123.614243,3744700
2018-07-06,141.529999,142.940002,141.169998,142.479996,124.532013,2849000
2018-07-09,142.589996,144.720001,142.470001,144.389999,126.201401,3904700
2018-07-10,144.509995,145.589996,144.259995,144.710007,126.481102,3777000
2018-07-11,144.000000,146.190002,144.000000,144.940002,126.682121,3526600
2018-07-12,145.850006,146.830002,145.740005,146.449997,128.001907,3119500
2018-07-13,146.449997,146.979996,145.800003,145.899994,127.521172,3062600
2018-07-16,145.669998,145.789993,144.210007,145.460007,127.136620,3468800
2018-07-17,144.750000,145.000000,143.339996,143.490005,125.414764,5096700
2018-07-18,143.509995,144.800003,142.740005,144.520004,126.315010,6935300
2018-07-19,147.850006,150.539993,147.250000,149.240005,130.440460,14655800
2018-07-20,148.580002,148.860001,146.259995,146.350006,127.914505,6414600
2018-07-23,146.350006,146.699997,145.009995,145.699997,127.346382,3897900
2018-07-24,146.699997,147.039993,145.919998,146.380005,127.940704,3891600
2018-07-25,146.009995,146.649994,145.500000,146.619995,128.150482,3630900
2018-07-26,147.429993,149.270004,146.630005,146.710007,128.229172,4778000
2018-07-27,146.889999,147.139999,144.660004,145.149994,126.865662,3749300
2018-07-30,144.800003,146.240005,144.690002,145.490005,127.162834,3608200
2018-07-31,145.740005,145.800003,144.160004,144.929993,126.673378,5474200
2018-08-01,144.759995,145.190002,143.339996,143.500000,125.423508,3388400
2018-08-02,142.860001,143.360001,142.330002,142.960007,124.951515,3841400
2018-08-03,143.240005,147.919998,143.000000,147.699997,129.094437,8053600
2018-08-06,146.949997,147.199997,145.570007,146.029999,127.634796,3913700
2018-08-07,146.649994,147.639999,146.350006,147.009995,128.491364,3508800
2018-08-08,147.330002,147.429993,146.240005,146.889999,128.386459,3581100
2018-08-09,145.529999,145.940002,144.729996,144.770004,127.900566,3093500
2018-08-10,144.500000,145.070007,143.880005,144.479996,127.644341,3003100
2018-08-13,144.149994,144.300003,142.529999,142.710007,126.080620,2858500
2018-08-14,143.000000,143.820007,142.929993,143.360001,126.654869,2860000
2018-08-15,142.550003,144.000000,142.000000,143.910004,127.140770,4241500
2018-08-16,144.369995,145.679993,144.369995,145.339996,128.404129,5250700
2018-08-17,144.789993,146.389999,144.690002,146.059998,129.040253,2678600
2018-08-20,146.369995,147.160004,146.149994,146.509995,129.437805,2499700
2018-08-21,147.000000,147.119995,145.889999,145.970001,128.960724,3106900
2018-08-22,146.009995,146.160004,145.190002,145.240005,128.315811,2389000
2018-08-23,145.039993,145.520004,144.750000,145.369995,128.430618,2220400
2018-08-24,145.460007,146.089996,144.869995,146.039993,129.022568,2776600
2018-08-27,146.940002,147.619995,146.520004,146.690002,129.596832,3491600
2018-08-28,146.949997,146.990005,146.190002,146.589996,129.508484,2455300
2018-08-29,146.869995,147.929993,146.600006,147.539993,130.347794,3153800
2018-08-30,147.029999,147.300003,145.250000,145.929993,128.925385,3340400
2018-08-31,145.720001,146.779999,145.539993,146.479996,129.411285,3488500
2018-09-04,145.979996,146.190002,144.809998,145.679993,128.704514,3326200
2018-09-05,145.190002,146.750000,145.050003,146.660004,129.570328,3126500
2018-09-06,146.880005,147.660004,145.539993,146.389999,129.331802,4248800
2018-09-07,145.940002,146.500000,145.119995,145.449997,128.501312,4693100
2018-09-10,146.600006,147.300003,145.559998,145.649994,128.678009,3618300
2018-09-11,146.000000,146.990005,145.250000,146.490005,129.420120,3374700
2018-09-12,146.369995,147.979996,146.029999,146.570007,129.490845,4506700
2018-09-13,147.350006,149.000000,147.119995,148.949997,131.593475,5346500
2018-09-14,148.850006,149.300003,147.779999,148.330002,131.045715,3452100
2018-09-17,148.440002,149.070007,147.770004,147.940002,130.701187,3551900
2018-09-18,147.759995,148.990005,147.470001,148.559998,131.248947,3629400
2018-09-19,148.630005,149.960007,148.229996,149.059998,131.690659,4246200
2018-09-20,149.580002,151.380005,149.440002,151.149994,133.537125,5952200
2018-09-21,151.479996,152.600006,150.740005,151.350006,133.713821,19947500
2018-09-24,151.100006,151.199997,149.460007,150.029999,132.547623,4265000
2018-09-25,149.910004,150.410004,148.360001,148.910004,131.558167,4397500
2018-09-26,152.399994,153.350006,151.339996,151.610001,133.943527,7401900
2018-09-27,152.009995,152.389999,151.160004,151.500000,133.846359,3477600
2018-09-28,151.160004,151.630005,150.789993,151.210007,133.590149,3305800
2018-10-01,151.710007,153.419998,151.710007,153.000000,135.171555,3757400
2018-10-02,152.990005,153.839996,152.500000,153.750000,135.834183,3029900
2018-10-03,154.000000,154.360001,152.800003,153.220001,135.365906,3315300
2018-10-04,151.690002,152.800003,150.360001,151.309998,133.678482,4237900
2018-10-05,150.899994,151.789993,147.869995,149.029999,131.664185,4602200
2018-10-08,148.500000,149.070007,147.179993,148.389999,131.098740,3239300
2018-10-09,148.080002,148.360001,146.929993,147.240005,130.082748,3642400
2018-10-10,147.500000,147.690002,142.500000,142.690002,126.062935,5547700
2018-10-11,142.619995,144.190002,138.779999,139.020004,122.820580,8710500
2018-10-12,141.119995,141.539993,139.080002,140.850006,124.437363,6563400
2018-10-15,140.380005,142.259995,140.139999,141.130005,124.684723,4965500
2018-10-16,142.929993,145.449997,141.580002,145.119995,128.209778,8695500
2018-10-17,135.889999,137.149994,133.419998,134.050003,118.429733,19464000
2018-10-18,132.729996,133.399994,130.039993,130.550003,115.337555,10011700
2018-10-19,130.649994,131.889999,127.959999,129.100006,114.056526,7791600
2018-10-22,129.580002,130.440002,128.399994,130.020004,114.869308,5719500
2018-10-23,129.020004,131.899994,128.410004,131.210007,115.920647,6463600
2018-10-24,131.169998,131.690002,127.000000,127.209999,112.386765,5710300
2018-10-25,127.250000,127.790001,125.139999,126.449997,111.715309,10304300
2018-10-26,125.209999,125.779999,123.709999,124.790001,110.248749,8767000
2018-10-29,119.339996,123.949997,118.300003,119.639999,105.698860,20450400
2018-10-30,120.480003,121.500000,115.150002,115.400002,101.952911,21458600
2018-10-31,116.489998,116.500000,114.089996,115.430000,101.979431,21645000
2018-11-01,115.500000,117.000000,115.110001,116.830002,103.216286,13626700
2018-11-02,117.510002,117.750000,114.540001,115.669998,102.191444,10592700
2018-11-05,116.099998,120.769997,116.000000,120.059998,106.069901,9144600
2018-11-06,120.699997,123.809998,120.309998,123.120003,108.773346,9597400
2018-11-07,123.790001,125.059998,122.330002,124.839996,110.292915,12382700
2018-11-08,122.660004,124.400002,122.629997,123.379997,110.391342,10396400
2018-11-09,123.610001,124.570000,121.959999,123.540001,110.534492,6961800
2018-11-12,123.500000,123.570000,120.650002,120.900002,108.172417,5379100
2018-11-13,121.190002,122.250000,119.900002,120.839996,108.118736,4084400
2018-11-14,121.110001,121.930000,119.769997,120.199997,107.546112,4762300
2018-11-15,119.660004,121.440002,119.510002,121.440002,108.655571,5207900
2018-11-16,120.889999,121.849998,120.540001,121.570000,108.771881,4076300
2018-11-19,121.629997,122.180000,119.769997,120.309998,107.644531,4131200
2018-11-20,118.489998,119.489998,116.699997,117.199997,104.861931,6233800
2018-11-21,117.610001,119.510002,117.389999,118.570000,106.087715,5335800
2018-11-23,118.089996,118.339996,116.910004,117.190002,104.852982,2334700
2018-11-26,118.370003,120.250000,118.059998,119.559998,106.973488,5011100
2018-11-27,118.379997,120.040001,118.370003,120.029999,107.394005,4903800
2018-11-28,121.010002,123.089996,120.220001,123.000000,110.051338,5104500
2018-11-29,122.440002,123.120003,121.400002,121.480003,108.691368,5200100
2018-11-30,121.660004,124.690002,121.480003,124.269997,111.187660,7251600
2018-12-03,125.669998,126.589996,124.360001,125.309998,112.118156,5846400
2018-12-04,124.489998,124.919998,121.330002,121.599998,108.798714,6000700
2018-12-06,119.720001,123.910004,119.300003,123.910004,110.865555,6938000
2018-12-07,123.900002,124.050003,118.870003,119.339996,106.776649,7019600
2018-12-10,119.739998,121.680000,118.519997,121.129997,108.378212,6549500
2018-12-11,123.250000,123.809998,120.000000,120.889999,108.163475,5043100
2018-12-12,122.510002,122.879997,121.000000,121.160004,108.405052,3560500
2018-12-13,121.260002,121.790001,120.169998,120.730003,108.020325,3993600
2018-12-14,119.500000,121.110001,119.440002,119.900002,107.277687,4554200
2018-12-17,119.070000,119.779999,115.070000,116.099998,103.877731,7374500
2018-12-18,116.900002,118.230003,116.019997,116.650002,104.369835,6290200
2018-12-19,117.150002,120.269997,115.970001,116.430000,104.173004,6979800
2018-12-20,115.699997,116.449997,111.699997,113.019997,101.121979,8454400
2018-12-21,112.500000,115.279999,110.440002,110.940002,99.260948,10386500
2018-12-24,109.900002,111.000000,107.500000,107.570000,96.245712,3821400
2018-12-26,108.000000,111.389999,105.940002,111.389999,99.663574,6645800
2018-12-27,109.989998,113.779999,109.470001,113.779999,101.801971,6045600
2018-12-28,114.220001,114.800003,112.500000,113.029999,101.130928,5117500
2018-12-31,113.330002,114.349998,112.419998,113.669998,101.703552,4982800
2019-01-02,112.010002,115.980003,111.690002,115.209999,103.081429,4239900
2019-01-03,114.529999,114.879997,112.690002,112.910004,101.023560,4346700
2019-01-04,114.910004,117.489998,114.440002,117.320000,104.969307,4477800
2019-01-07,117.500000,118.830002,116.669998,118.150002,105.711922,3751200
2019-01-08,119.660004,120.570000,118.980003,119.830002,107.215065,4763600
2019-01-09,120.910004,121.400002,119.870003,120.690002,107.984528,3633700
2019-01-10,120.080002,121.860001,119.949997,121.790001,108.968719,3910000
2019-01-11,121.580002,121.620003,120.199997,121.459999,108.673477,3722400
2019-01-14,120.510002,120.650002,119.760002,120.389999,107.716110,5228700
2019-01-15,120.959999,121.930000,120.820000,121.730003,108.915047,3507500
2019-01-16,121.580002,122.000000,120.830002,121.620003,108.816620,3841100
2019-01-17,120.559998,122.410004,120.550003,122.190002,109.326630,5029900
2019-01-18,123.269997,124.720001,122.709999,123.820000,110.785011,6008500
2019-01-22,123.300003,123.800003,121.540001,122.519997,109.621880,10052400
2019-01-23,131.369995,135.000000,130.309998,132.889999,118.900185,22063700
2019-01-24,132.630005,133.210007,131.429993,132.529999,118.578087,6322900
2019-01-25,132.869995,134.440002,132.429993,133.970001,119.866493,5707400
2019-01-28,133.100006,134.809998,132.580002,134.270004,120.134926,5357700
2019-01-29,134.289993,135.410004,133.600006,134.330002,120.188591,5037100
2019-01-30,134.000000,135.029999,133.250000,134.380005,120.233337,4500900
2019-01-31,134.449997,134.720001,133.740005,134.419998,120.269112,4884000
2019-02-01,134.970001,135.199997,133.350006,134.100006,119.982819,3806000
2019-02-04,134.020004,135.199997,132.990005,135.190002,120.958046,3966600
2019-02-05,135.279999,135.820007,134.919998,135.550003,121.280167,5398900
2019-02-06,135.220001,136.649994,135.169998,136.320007,121.969109,4879700
2019-02-07,133.550003,134.470001,132.119995,133.190002,120.557060,4379400
2019-02-08,132.339996,133.710007,132.190002,133.710007,121.027740,3249800
2019-02-11,134.289993,135.149994,133.910004,133.990005,121.281197,3095100
2019-02-12,135.149994,136.199997,134.860001,136.050003,123.145798,3317200
2019-02-13,136.919998,137.919998,136.410004,137.520004,124.476379,4253000
2019-02-14,137.169998,137.600006,136.210007,136.479996,123.535011,2789400
2019-02-15,137.580002,138.190002,137.389999,138.029999,124.938004,3844100
2019-02-19,137.809998,138.699997,137.360001,138.699997,125.544456,3385700
2019-02-20,138.759995,139.240005,137.220001,138.000000,124.910843,3802000
2019-02-21,137.820007,138.350006,137.350006,137.839996,124.766014,2937300
2019-02-22,138.729996,139.380005,138.429993,139.250000,126.042305,3113700
2019-02-25,140.000000,140.470001,139.320007,139.460007,126.232361,3194200
2019-02-26,139.669998,140.490005,139.470001,139.720001,126.467705,3060400
2019-02-27,139.250000,139.570007,138.399994,139.169998,125.969879,2530900
2019-02-28,138.770004,139.059998,137.720001,138.130005,125.028534,3457800
2019-03-01,139.309998,140.039993,138.639999,139.199997,125.997025,3030000
2019-03-04,139.990005,140.080002,137.169998,138.429993,125.300079,3406900
2019-03-05,138.369995,138.740005,137.559998,137.880005,124.802238,4250300
2019-03-06,138.119995,138.389999,136.720001,136.979996,123.987595,2768300
2019-03-07,136.610001,136.889999,134.630005,135.360001,122.521240,4358800
2019-03-08,134.210007,135.240005,133.580002,135.089996,122.276855,3773600
2019-03-11,136.029999,137.729996,135.839996,137.710007,124.648354,3939300
2019-03-12,138.520004,139.699997,137.860001,138.279999,125.164284,3954700
2019-03-13,138.050003,139.320007,137.850006,138.559998,125.417717,3173200
2019-03-14,138.509995,138.940002,138.059998,138.789993,125.625900,2738600
2019-03-15,139.369995,140.330002,139.229996,139.429993,126.205185,7153700
2019-03-18,139.830002,140.369995,138.720001,140.210007,126.911217,3268500
2019-03-19,140.960007,141.699997,140.000000,140.490005,127.164673,3482300
2019-03-20,140.529999,140.699997,138.979996,139.600006,126.359093,3649500
2019-03-21,139.100006,142.119995,138.880005,141.440002,128.024567,3605400
2019-03-22,140.970001,141.440002,138.899994,139.449997,126.223312,3877200
2019-03-25,139.059998,139.910004,138.350006,139.179993,125.978897,2839800
2019-03-26,139.929993,141.020004,139.419998,140.220001,126.920265,2553700
2019-03-27,140.410004,140.490005,138.399994,139.240005,126.033226,3098200
2019-03-28,139.910004,140.440002,139.100006,139.919998,126.648720,2663900
2019-03-29,140.500000,141.220001,140.149994,141.100006,127.716805,3101400
2019-04-01,141.509995,143.410004,141.509995,143.300003,129.708130,3984300
2019-04-02,143.350006,143.949997,142.600006,143.000000,129.436600,2404800
2019-04-03,143.649994,144.220001,143.009995,143.630005,130.006851,2681200
2019-04-04,143.619995,144.139999,142.539993,142.779999,129.237473,2771100
2019-04-05,143.289993,143.500000,142.460007,143.279999,129.690033,2731800
2019-04-08,143.020004,143.419998,142.869995,143.389999,129.789612,2118200
2019-04-09,142.660004,142.949997,141.839996,142.110001,128.631027,3038500
2019-04-10,142.199997,143.500000,141.979996,143.020004,129.454712,2678000
2019-04-11,143.800003,144.110001,143.029999,143.779999,130.142609,2942000
2019-04-12,144.259995,144.440002,143.699997,144.350006,130.658539,2898900
2019-04-15,144.399994,144.460007,143.270004,143.899994,130.251236,3603200
2019-04-16,144.399994,145.389999,144.020004,145.139999,131.373596,6301700
2019-04-17,137.369995,141.979996,136.259995,139.110001,125.915558,12525700
2019-04-18,139.000000,140.490005,138.699997,140.330002,127.019867,4960000
2019-04-22,139.419998,140.559998,138.479996,138.889999,125.716423,4494000
2019-04-23,139.149994,140.919998,138.940002,140.440002,127.119415,4462200
2019-04-24,140.600006,141.309998,139.779999,139.949997,126.675896,2774900
2019-04-25,139.699997,139.750000,137.710007,138.630005,125.481102,2910100
2019-04-26,139.339996,139.889999,138.809998,139.440002,126.214264,2319800
2019-04-29,139.149994,139.630005,138.809998,139.050003,125.861252,2958300
2019-04-30,139.110001,140.440002,138.679993,140.270004,126.965546,4638800
2019-05-01,140.550003,141.809998,140.169998,140.559998,127.228012,3053700
2019-05-02,140.500000,141.279999,139.410004,139.589996,126.350029,3541400
2019-05-03,139.699997,141.000000,139.630005,140.250000,126.947418,2579900
2019-05-06,138.300003,140.690002,137.899994,140.380005,127.065125,2793300
2019-05-07,139.149994,139.509995,136.190002,137.639999,124.584999,4726800
2019-05-08,137.770004,138.699997,137.130005,138.000000,124.910843,3818900
2019-05-09,134.889999,135.580002,133.029999,135.339996,123.958313,4192700
2019-05-10,134.880005,135.750000,132.419998,135.320007,123.939995,3977600
2019-05-13,133.279999,133.570007,130.960007,131.419998,120.367958,4958000
2019-05-14,131.820007,134.320007,131.679993,133.309998,122.099007,3280400
2019-05-15,132.589996,134.589996,132.369995,134.399994,123.097351,2551000
2019-05-16,134.740005,136.110001,134.639999,135.880005,124.452904,3017300
2019-05-17,134.679993,135.410004,133.940002,134.320007,123.024086,2619100
2019-05-20,133.529999,135.429993,132.929993,135.119995,123.756798,3264500
2019-05-21,136.119995,137.059998,135.789993,136.449997,124.974976,2503500
2019-05-22,136.000000,136.750000,135.710007,136.350006,124.883369,1849800
2019-05-23,135.130005,135.130005,130.440002,132.389999,121.256393,5343400
2019-05-24,133.529999,134.250000,131.589996,132.279999,121.155640,2596100
2019-05-28,132.130005,132.639999,130.270004,130.460007,119.488708,4908800
2019-05-29,130.000000,130.279999,128.320007,129.690002,118.783463,3679000
2019-05-30,129.740005,129.970001,128.929993,129.570007,118.673546,2741900
2019-05-31,128.440002,128.440002,126.849998,126.989998,116.310516,3539300
2019-06-03,127.099998,128.559998,127.059998,128.270004,117.482880,4266900
2019-06-04,129.559998,132.740005,129.089996,132.690002,121.531158,3913500
2019-06-05,133.380005,133.610001,130.470001,131.490005,120.432091,3161300
2019-06-06,132.190002,132.649994,130.899994,132.220001,121.100708,2298200
2019-06-07,132.470001,134.720001,132.210007,133.309998,122.099007,2553400
2019-06-10,134.380005,135.350006,133.910004,134.740005,123.408760,2911300
2019-06-11,135.320007,136.460007,135.050003,135.949997,124.517006,3407300
2019-06-12,135.559998,135.940002,134.410004,134.869995,123.527824,2254700
2019-06-13,135.130005,136.270004,135.089996,135.759995,124.342972,2955300
2019-06-14,135.440002,135.880005,134.429993,135.149994,123.784271,2193300
2019-06-17,135.389999,136.029999,134.699997,134.949997,123.601097,2194100
2019-06-18,135.199997,137.190002,135.199997,136.380005,124.910843,2914700
2019-06-19,136.429993,138.360001,136.240005,137.080002,125.551987,2382400
2019-06-20,138.929993,139.539993,138.199997,138.850006,127.173119,3071000
2019-06-21,138.440002,139.539993,138.389999,139.199997,127.493698,5288700
2019-06-24,139.199997,140.149994,139.050003,139.350006,127.631088,2186000
2019-06-25,139.460007,139.550003,138.130005,138.360001,126.724335,2801200
2019-06-26,138.869995,139.679993,138.410004,138.520004,126.870895,2284600
2019-06-27,138.720001,139.300003,137.949997,138.520004,126.870895,2149800
2019-06-28,138.570007,139.139999,137.839996,137.899994,126.303001,6153900
2019-07-01,139.600006,141.490005,139.279999,139.880005,128.116516,3377700
2019-07-02,139.750000,140.429993,139.470001,140.220001,128.427917,2409700
2019-07-03,140.720001,141.820007,140.429993,141.539993,129.636887,1930400
2019-07-05,140.869995,141.490005,139.910004,141.380005,129.490356,2134700
2019-07-08,141.050003,141.289993,140.270004,140.570007,128.748474,2395300
2019-07-09,140.610001,140.990005,139.130005,139.330002,127.612778,3365200
2019-07-10,140.000000,141.910004,139.789993,140.470001,128.656891,2513900
2019-07-11,140.789993,141.580002,140.300003,141.240005,129.362152,2132900
2019-07-12,141.919998,142.919998,141.660004,142.740005,130.735992,2786200
2019-07-15,142.889999,143.509995,142.119995,143.320007,131.267242,2368300
2019-07-16,143.169998,144.039993,143.020004,143.529999,131.459564,3474700
2019-07-17,143.610001,143.800003,141.949997,143.070007,131.038254,6064300
2019-07-18,142.500000,150.309998,142.199997,149.630005,137.046570,12692600
2019-07-19,149.960007,151.580002,149.550003,149.679993,137.092346,7290700
2019-07-22,150.160004,151.940002,149.699997,149.740005,137.147308,4092600
2019-07-23,150.570007,150.720001,148.380005,150.380005,137.733505,3742200
2019-07-24,150.119995,151.449997,149.199997,150.029999,137.412903,2952400
2019-07-25,149.820007,150.619995,148.610001,150.389999,137.742661,3102100
2019-07-26,151.000000,151.410004,150.100006,151.360001,138.631073,2904300
2019-07-29,151.110001,151.479996,150.320007,150.880005,138.191437,2075500
2019-07-30,150.000000,150.399994,149.220001,149.770004,137.174789,2632700
2019-07-31,149.699997,150.179993,146.389999,148.240005,135.773468,3722900
2019-08-01,148.899994,152.820007,148.500000,150.320007,137.678543,6344000
2019-08-02,149.029999,152.949997,145.589996,147.250000,134.866714,8101700
2019-08-05,144.979996,145.100006,139.149994,140.759995,128.922516,7114900
2019-08-06,142.029999,142.470001,139.309998,140.729996,128.895035,5070700
2019-08-07,138.740005,139.580002,136.410004,139.110001,127.411263,5931900
2019-08-08,138.449997,140.419998,137.759995,140.100006,129.829941,5261100
2019-08-09,139.270004,139.309998,135.350006,136.130005,126.150940,5244600
2019-08-12,135.660004,135.869995,133.179993,133.669998,123.871269,4083900
2019-08-13,133.800003,136.570007,132.809998,135.789993,125.835861,4522100
2019-08-14,133.910004,134.160004,130.979996,131.250000,121.628685,5114200
2019-08-15,131.220001,132.369995,130.250000,131.919998,122.249573,3738900
2019-08-16,133.039993,134.589996,132.949997,133.759995,123.954674,3012000
2019-08-19,134.880005,136.330002,134.880005,135.039993,125.140854,3165100
2019-08-20,135.240005,135.279999,132.809998,133.000000,123.250412,3018600
2019-08-21,134.960007,135.940002,133.800003,134.250000,124.408768,2805700
2019-08-22,134.690002,135.679993,133.809998,134.320007,124.473633,2694900
2019-08-23,133.630005,134.259995,128.830002,129.570007,120.071838,4818400
2019-08-26,131.050003,131.300003,129.160004,129.990005,120.461060,2833900
2019-08-27,131.199997,131.699997,130.309998,131.169998,121.554543,4728000
2019-08-28,130.440002,132.889999,130.039993,132.759995,123.027969,2713600
2019-08-29,134.179993,135.690002,134.039993,134.880005,124.992599,2971800
2019-08-30,135.580002,136.070007,134.360001,135.529999,125.594933,2960600
2019-09-03,134.850006,134.899994,133.330002,134.100006,124.269760,2827900
2019-09-04,135.710007,136.429993,135.149994,136.320007,126.327034,2247900
2019-09-05,138.300003,141.699997,138.050003,140.970001,130.636169,5011600
2019-09-06,141.520004,141.529999,140.460007,140.570007,130.265472,2576800
2019-09-09,140.589996,143.020004,140.460007,142.600006,132.146683,4226600
2019-09-10,143.000000,145.460007,142.960007,145.050003,134.417084,4979700
2019-09-11,144.850006,145.119995,142.710007,143.600006,133.073380,3869700
2019-09-12,144.029999,144.039993,141.880005,143.619995,133.091904,2505400
2019-09-13,144.320007,144.649994,143.259995,143.669998,133.138229,2206600
2019-09-16,142.559998,143.639999,142.270004,142.479996,132.035461,1928500
2019-09-17,142.479996,142.479996,140.660004,142.199997,131.775986,2933200
2019-09-18,142.050003,142.300003,140.509995,142.220001,131.794510,1983600
2019-09-19,142.460007,145.029999,142.449997,142.970001,132.489548,3089900
2019-09-20,143.250000,143.830002,141.820007,141.880005,131.479446,5193400
2019-09-23,141.190002,142.220001,140.559998,142.070007,131.655533,1817900
2019-09-24,142.500000,142.889999,141.070007,141.679993,131.294098,3231600
2019-09-25,141.740005,143.630005,140.860001,143.160004,132.665604,2526700
2019-09-26,143.169998,143.880005,141.410004,143.550003,133.027023,2309800
2019-09-27,144.410004,145.089996,142.380005,143.240005,132.739746,2356800
2019-09-30,143.729996,146.570007,143.729996,145.419998,134.759933,3988400
2019-10-01,145.589996,147.350006,143.539993,143.660004,133.128983,2960800
2019-10-02,142.190002,142.270004,140.570007,141.690002,131.303360,3340800
2019-10-03,141.619995,142.070007,139.179993,142.020004,131.609177,2928800
2019-10-04,142.059998,143.059998,141.029999,142.990005,132.508087,2413600
2019-10-07,142.259995,142.699997,141.220001,141.279999,130.923431,2426500
2019-10-08,140.240005,140.470001,138.250000,138.380005,128.236038,3225400
2019-10-09,139.770004,140.330002,138.789993,139.669998,129.431442,2620800
2019-10-10,139.770004,141.779999,139.559998,141.130005,130.784439,2593700
2019-10-11,142.770004,144.500000,142.610001,142.759995,132.294937,2996800
2019-10-14,142.309998,142.429993,141.320007,142.039993,131.627701,2309500
2019-10-15,142.539993,143.720001,141.809998,143.000000,132.517334,3025500
2019-10-16,142.490005,142.949997,141.389999,142.110001,131.692596,5332600
2019-10-17,135.000000,136.000000,132.910004,134.259995,124.418015,15759800
2019-10-18,134.220001,134.490005,132.250000,134.089996,124.260490,7177500
2019-10-21,132.610001,133.100006,130.899994,132.580002,122.861183,6306100
2019-10-22,132.550003,134.050003,131.610001,133.960007,124.140022,4161600
2019-10-23,133.520004,134.570007,132.699997,134.380005,124.529243,3610900
2019-10-24,134.830002,135.070007,133.300003,134.070007,124.241974,2598500
2019-10-25,134.119995,135.929993,134.100006,135.440002,125.511520,2579100
2019-10-28,136.000000,136.630005,135.449997,135.970001,126.002670,3226100
2019-10-29,135.419998,135.570007,133.440002,133.820007,124.010307,4160700
2019-10-30,133.830002,135.279999,133.199997,135.250000,125.335472,2253000
2019-10-31,135.110001,135.250000,133.229996,133.729996,123.926888,3412100
2019-11-01,134.500000,135.559998,134.089996,135.529999,125.594933,3089800
2019-11-04,136.240005,137.740005,136.229996,137.669998,127.578064,3335400
2019-11-05,137.800003,138.759995,137.630005,137.889999,127.781929,3015000
2019-11-06,138.000000,138.779999,137.550003,138.779999,128.606689,4477300
2019-11-07,137.869995,139.139999,137.580002,137.690002,129.103653,4073800
2019-11-08,137.580002,137.610001,136.160004,137.610001,129.028625,2278400
2019-11-11,137.199997,137.199997,135.000000,135.470001,127.022087,2568000
2019-11-12,135.869995,136.660004,135.020004,135.589996,127.134598,3046500
2019-11-13,135.389999,135.580002,133.850006,134.479996,126.093811,2918400
2019-11-14,134.130005,134.330002,133.330002,134.000000,125.643745,4231300
2019-11-15,134.389999,135.119995,134.029999,134.399994,126.018814,3262500
2019-11-18,134.300003,134.479996,133.229996,134.309998,125.934425,3210400
2019-11-19,134.880005,135.380005,134.460007,134.520004,126.131340,2995000
2019-11-20,134.059998,134.460007,132.750000,133.199997,124.893639,4138200
2019-11-21,133.399994,134.169998,132.979996,133.839996,125.493729,3345300
2019-11-22,134.190002,134.649994,133.589996,134.339996,125.962540,3297500
2019-11-25,134.470001,136.000000,134.350006,135.970001,127.490891,2590100
2019-11-26,136.149994,136.149994,134.770004,135.089996,126.665771,3793200
2019-11-27,135.350006,135.710007,133.619995,133.770004,125.428093,3280900
2019-11-29,133.600006,134.520004,133.029999,134.449997,126.065689,1825300
2019-12-02,134.449997,134.500000,132.479996,132.910004,124.621735,3067100
2019-12-03,132.000000,132.440002,130.690002,132.119995,123.880981,3642500
2019-12-04,132.860001,133.679993,131.960007,131.990005,123.759102,3530000
2019-12-05,132.990005,133.240005,131.630005,131.910004,123.684074,3595400
2019-12-06,132.750000,133.889999,132.699997,133.220001,124.912384,3437500
2019-12-09,133.350006,134.589996,133.259995,133.919998,125.568733,2968500
2019-12-10,133.919998,134.839996,133.559998,133.910004,125.559364,3480400
2019-12-11,134.110001,134.509995,133.669998,133.759995,125.418724,3953300
2019-12-12,133.699997,135.660004,133.660004,135.320007,126.881439,4824100
2019-12-13,134.750000,135.500000,134.009995,134.210007,125.840668,2535000
2019-12-16,134.940002,135.449997,133.850006,134.130005,125.765648,3049200
2019-12-17,134.279999,134.690002,133.460007,134.220001,125.850029,2907200
2019-12-18,134.550003,135.000000,134.149994,134.410004,126.028175,3101800
2019-12-19,134.460007,134.729996,134.190002,134.559998,126.168839,3866500
2019-12-20,135.740005,136.419998,134.949997,135.589996,127.134598,7111800
2019-12-23,135.779999,136.149994,135.000000,135.550003,127.097092,2803200
2019-12-24,135.610001,135.619995,134.610001,134.979996,126.562637,1202100
2019-12-26,134.979996,135.309998,134.649994,134.910004,126.497017,2129700
2019-12-27,135.000000,135.750000,134.869995,135.270004,126.834549,2752200
2019-12-30,135.199997,135.300003,132.500000,132.809998,124.527962,4118900
2019-12-31,132.529999,134.119995,132.399994,134.039993,125.681244,3777500
2020-01-02,135.000000,135.919998,134.770004,135.419998,126.975204,3148600
2020-01-03,133.570007,134.860001,133.559998,134.339996,125.962540,2373700
2020-01-06,133.419998,134.240005,133.199997,134.100006,125.737526,2425500
2020-01-07,133.690002,134.960007,133.399994,134.190002,125.821907,3090800
2020-01-08,134.509995,135.860001,133.919998,135.309998,126.872055,4346000
2020-01-09,135.740005,136.789993,135.309998,136.740005,128.212891,3730600
2020-01-10,137.000000,137.869995,136.309998,136.690002,128.166000,3255400
2020-01-13,135.479996,136.639999,135.070007,136.600006,128.081635,3531000
2020-01-14,136.279999,137.139999,135.550003,135.820007,127.350258,3681000
2020-01-15,136.000000,138.059998,135.710007,136.619995,128.100357,4045900
2020-01-16,137.320007,138.190002,137.009995,137.979996,129.375565,4320900
2020-01-17,136.539993,138.330002,136.160004,138.309998,129.684982,5623300
2020-01-21,137.809998,139.350006,137.600006,139.169998,130.491364,7244100
2020-01-22,143.320007,145.789993,142.550003,143.889999,134.917007,16470400
2020-01-23,144.199997,144.410004,142.149994,142.869995,133.960617,5657800
2020-01-24,143.389999,143.919998,140.460007,140.559998,131.794662,5580200
2020-01-27,138.500000,140.070007,138.100006,138.619995,129.975647,4166600
2020-01-28,139.500000,140.470001,138.750000,139.550003,130.847656,3451600
2020-01-29,139.169998,139.580002,137.600006,137.690002,129.103653,3053800
2020-01-30,136.759995,136.970001,134.970001,136.770004,128.241013,5057900
2020-01-31,142.899994,144.050003,140.789993,143.729996,134.766983,18994600
2020-02-03,144.250000,147.279999,143.899994,146.270004,137.148605,8887500
2020-02-04,147.779999,149.380005,146.880005,149.110001,139.811493,5621000
2020-02-05,150.210007,157.440002,150.149994,156.330002,146.581253,14386800
2020-02-06,156.820007,158.750000,155.419998,156.759995,146.984436,8400500
2020-02-07,154.550003,155.539993,152.919998,153.410004,145.345383,6423400
2020-02-10,152.970001,154.440002,151.580002,154.429993,146.311752,5239800
2020-02-11,155.119995,155.220001,152.729996,153.479996,145.411682,3835100
2020-02-12,153.750000,155.600006,153.520004,155.309998,147.145508,4437800
2020-02-13,154.369995,154.830002,153.410004,154.309998,146.198059,3820700
2020-02-14,154.419998,154.559998,149.770004,150.699997,142.777847,6099200
2020-02-18,149.789993,151.380005,149.639999,151.100006,143.156815,3343000
2020-02-19,151.539993,151.889999,150.309998,150.860001,142.929428,2732900
2020-02-20,150.809998,151.619995,149.509995,151.220001,143.270493,2880500
2020-02-21,151.039993,151.039993,148.839996,149.839996,141.963043,3536900
2020-02-24,145.509995,148.050003,145.380005,146.429993,138.732300,5452400
2020-02-25,146.509995,147.070007,141.259995,141.710007,134.260452,6211500
2020-02-26,142.899994,144.059998,139.600006,139.750000,132.403473,5407900
2020-02-27,137.240005,138.690002,133.009995,133.110001,126.112541,8421100
2020-02-28,129.979996,131.089996,126.360001,130.149994,123.308128,13012200
2020-03-02,130.750000,134.440002,127.949997,134.300003,127.239990,8531400
2020-03-03,134.479996,136.100006,127.800003,128.899994,122.123848,7896100
2020-03-04,131.580002,134.279999,129.000000,134.220001,127.164192,4996400
2020-03-05,130.500000,132.289993,128.449997,129.550003,122.739677,5446200
2020-03-06,126.699997,128.330002,124.519997,127.730003,121.015358,8193300
2020-03-09,120.160004,122.410004,117.279999,117.809998,111.616837,10757500
2020-03-10,122.779999,124.879997,115.760002,124.769997,118.210960,11410700
2020-03-11,121.010002,122.580002,116.379997,117.970001,111.768425,8446500
2020-03-12,109.650002,109.800003,102.279999,102.809998,97.405373,12512700
2020-03-13,108.680000,109.160004,100.809998,107.949997,102.275169,12502100
2020-03-16,98.000000,107.410004,95.000000,99.080002,93.871460,10568000
2020-03-17,100.610001,107.400002,97.099998,106.650002,101.043510,9258300
2020-03-18,99.410004,106.930000,99.400002,103.550003,98.106476,8772500
2020-03-19,102.330002,103.690002,98.239998,100.339996,95.065216,8396500
2020-03-20,100.919998,100.989998,94.709999,95.389999,90.375435,10546500
2020-03-23,94.599998,97.739998,90.559998,94.769997,89.788025,9729400
2020-03-24,99.989998,106.040001,99.260002,105.480003,99.935020,7973900
2020-03-25,105.480003,112.480003,102.830002,105.849998,100.285561,8654000
2020-03-26,106.910004,113.150002,105.570000,112.889999,106.955475,7153500
2020-03-27,108.580002,111.500000,107.650002,108.029999,102.350960,6423000
2020-03-30,108.089996,113.459999,107.809998,112.930000,106.993378,5564500
2020-03-31,112.000000,113.809998,110.169998,110.930000,105.098518,6343300
2020-04-01,106.360001,109.919998,104.519997,105.139999,99.612892,6112900
2020-04-02,105.370003,110.320000,105.139999,110.000000,104.217400,6328700
2020-04-03,108.919998,110.070000,104.919998,106.339996,100.749802,4538800
2020-04-06,110.349998,115.629997,110.129997,114.820000,108.784019,7034200
2020-04-07,118.800003,119.570000,114.870003,114.940002,108.897713,5595300
2020-04-08,116.309998,119.959999,115.070000,119.290001,113.019035,5158600
2020-04-09,120.480003,122.919998,120.169998,121.500000,115.112862,5576800
2020-04-13,121.629997,121.800003,118.040001,121.150002,114.781258,5119700
2020-04-14,123.459999,125.180000,122.620003,123.910004,117.396164,5088700
2020-04-15,119.120003,120.190002,116.760002,118.690002,112.450577,5637300
2020-04-16,119.010002,119.750000,114.419998,115.730003,109.646179,6457600
2020-04-17,119.300003,120.389999,117.919998,120.120003,113.805405,4966000
2020-04-20,119.150002,122.860001,118.139999,120.410004,114.080162,8181700
2020-04-21,114.000000,117.150002,112.059998,116.760002,110.622040,14349000
2020-04-22,119.870003,120.330002,117.550003,119.309998,113.037979,7087900
2020-04-23,119.570000,123.029999,119.120003,121.349998,114.970741,6881600
2020-04-24,122.410004,125.000000,120.760002,124.720001,118.163582,4987300
2020-04-27,125.559998,126.989998,125.470001,125.919998,119.300507,4923800
2020-04-28,128.029999,128.199997,125.379997,126.269997,119.632103,4778100
2020-04-29,128.880005,129.309998,127.529999,128.690002,121.924889,5257600
2020-04-30,126.519997,127.269997,125.220001,125.559998,118.959419,6635800
2020-05-01,123.190002,123.470001,121.389999,121.870003,115.463409,4925500
2020-05-04,120.820000,121.970001,119.389999,121.680000,115.283394,4017900
2020-05-05,123.389999,124.320000,122.470001,122.580002,116.136078,3899400
2020-05-06,123.239998,124.050003,122.410004,123.169998,116.695061,3864600
2020-05-07,122.980003,123.260002,120.849998,121.230003,116.397430,4412600
2020-05-08,122.669998,123.230003,121.059998,122.989998,118.087265,5003900
2020-05-11,121.809998,123.449997,120.669998,122.589996,117.703201,3535300
2020-05-12,123.010002,124.320000,120.260002,120.260002,115.466087,4784500
2020-05-13,119.949997,119.989998,114.849998,115.730003,111.116676,5882800
2020-05-14,114.570000,117.089996,111.809998,116.949997,112.288033,5259400
2020-05-15,115.930000,117.389999,115.250000,116.980003,112.316841,4786300
2020-05-18,119.879997,122.360001,119.750000,121.559998,116.714272,4207600
2020-05-19,121.190002,122.169998,120.139999,120.290001,115.494888,3241100
2020-05-20,120.930000,122.470001,120.599998,121.379997,116.541435,3840700
2020-05-21,120.989998,121.720001,118.970001,119.120003,114.371536,4000900
2020-05-22,119.370003,119.470001,117.589996,118.389999,113.670631,4180800
2020-05-26,121.300003,122.620003,121.010002,121.760002,116.906296,5469300
2020-05-27,123.940002,125.830002,123.470001,125.540001,120.535614,5727500
2020-05-28,126.870003,126.970001,124.220001,124.529999,119.565872,3915300
2020-05-29,123.669998,125.129997,122.239998,124.900002,119.921135,7930500
2020-06-01,124.639999,125.750000,124.029999,124.889999,119.911522,2871700
2020-06-02,125.669998,126.000000,124.660004,126.000000,120.977280,2978100
2020-06-03,127.150002,129.600006,127.000000,129.050003,123.905701,3917700
2020-06-04,127.779999,128.949997,127.019997,128.889999,123.752075,3864800
2020-06-05,133.889999,134.229996,131.750000,132.059998,126.795700,5892700
2020-06-08,132.270004,135.880005,132.270004,135.750000,130.338608,5370500
2020-06-09,133.520004,133.600006,131.020004,131.869995,126.613281,5393600
2020-06-10,132.149994,132.229996,129.800003,129.869995,124.693008,4734800
2020-06-11,126.029999,126.099998,117.839996,118.010002,113.305786,11763600
2020-06-12,121.250000,123.120003,119.279999,121.910004,117.050316,6220300
2020-06-15,119.190002,122.370003,118.290001,121.650002,116.800674,5149100
2020-06-16,125.000000,127.500000,123.160004,125.150002,120.161156,5606700
2020-06-17,125.830002,126.250000,123.400002,124.150002,119.201027,3156800
2020-06-18,123.000000,124.400002,122.330002,124.160004,119.210625,2865400
2020-06-19,126.169998,126.820000,122.250000,122.470001,117.587990,8099000
2020-06-22,122.120003,122.500000,120.529999,121.070000,116.243805,4773500
2020-06-23,122.010002,122.900002,119.230003,119.410004,114.649979,6632600
2020-06-24,118.320000,118.320000,115.879997,116.419998,111.779160,6751000
2020-06-25,116.760002,119.209999,116.099998,119.029999,114.285118,6130600
2020-06-26,118.260002,118.989998,116.260002,117.190002,112.518471,10750100
2020-06-29,117.980003,119.779999,117.370003,119.750000,114.976418,4159500
2020-06-30,119.190002,121.199997,119.000000,120.769997,115.955757,3919500
2020-07-01,120.269997,121.230003,118.370003,118.540001,113.814651,4655800
2020-07-02,119.690002,121.419998,119.260002,119.699997,114.928406,3747000
2020-07-06,121.250000,121.849998,119.459999,120.190002,115.398880,4045400
2020-07-07,119.000000,119.510002,117.330002,117.580002,112.892921,4278100
2020-07-08,118.059998,118.639999,116.480003,117.709999,113.017738,5192800
2020-07-09,118.000000,118.000000,115.199997,115.709999,111.097466,4763000
2020-07-10,115.500000,118.570000,115.290001,118.349998,113.632233,4285700
2020-07-13,119.779999,120.989998,118.660004,119.199997,114.448334,4650700
2020-07-14,118.620003,120.889999,117.919998,120.599998,115.792534,4534400
2020-07-15,122.400002,123.959999,122.150002,123.000000,118.096863,4473400
2020-07-16,122.680000,124.480003,122.160004,124.010002,119.066605,4330900
2020-07-17,124.389999,125.629997,123.199997,125.110001,120.122757,3984600
2020-07-20,126.070000,127.070000,125.139999,126.370003,121.332535,9927700
2020-07-21,131.160004,132.169998,125.800003,126.059998,121.034882,15364900
2020-07-22,125.900002,129.470001,125.800003,128.669998,123.540840,8195400
2020-07-23,129.100006,129.369995,127.150002,127.330002,122.254257,4220100
2020-07-24,126.480003,127.650002,125.500000,125.790001,120.775642,3531100
2020-07-27,124.860001,126.320000,124.709999,126.209999,121.178902,3733400
2020-07-28,125.820000,126.339996,124.150002,124.470001,119.508270,4178200
2020-07-29,124.559998,125.989998,124.070000,125.320000,120.324379,2832800
2020-07-30,123.709999,123.900002,121.639999,122.900002,118.000854,3988100
2020-07-31,122.709999,122.989998,121.089996,122.940002,118.039261,5277700
2020-08-03,123.500000,124.410004,122.150002,124.309998,119.354645,3526100
2020-08-04,123.820000,125.860001,123.820000,125.839996,120.823654,3466100
2020-08-05,126.730003,126.750000,124.610001,125.449997,120.449196,3675400
2020-08-06,125.000000,126.260002,125.000000,126.120003,121.092491,3417100
2020-08-07,123.500000,125.070000,123.209999,124.959999,121.549660,3651000
2020-08-10,125.419998,127.239998,125.180000,127.110001,123.640984,3968300
2020-08-11,128.759995,130.470001,126.610001,126.750000,123.290817,5001200
2020-08-12,127.610001,127.790001,125.879997,126.699997,123.242172,3530200
2020-08-13,125.959999,126.389999,124.769997,125.029999,121.617752,3171300
2020-08-14,124.199997,125.559998,123.910004,125.269997,121.851204,2963400
2020-08-17,125.250000,125.589996,124.410004,124.440002,121.043854,3360100
2020-08-18,125.000000,125.500000,124.239998,124.919998,121.510757,2882400
2020-08-19,124.830002,125.500000,123.500000,123.839996,120.460236,3743900
2020-08-20,123.199997,124.040001,122.809998,123.150002,119.789063,2561200
2020-08-21,123.010002,123.480003,122.309998,123.160004,119.798790,3385100
2020-08-24,123.790001,126.059998,123.360001,125.680000,122.250015,4070800
2020-08-25,126.000000,126.820000,124.489998,124.639999,121.238403,2977700
2020-08-26,124.949997,125.120003,123.949997,124.169998,120.781219,3388300
2020-08-27,124.599998,125.099998,123.980003,124.650002,121.248131,3422700
2020-08-28,124.959999,125.300003,124.220001,125.070000,121.656662,3099600
2020-08-31,125.250000,125.250000,123.029999,123.309998,119.944695,4827900
2020-09-01,122.849998,123.949997,122.150002,123.400002,120.032242,3155300
2020-09-02,123.720001,128.699997,123.580002,128.179993,124.681786,6592400
2020-09-03,128.190002,129.949997,123.650002,124.449997,121.053581,5716800
2020-09-04,124.349998,125.349998,121.239998,122.300003,118.962265,6018200
2020-09-08,122.160004,122.870003,120.709999,121.209999,117.902008,5210300
2020-09-09,122.129997,123.699997,121.290001,122.260002,118.923355,3770700
2020-09-10,122.529999,123.580002,120.239998,120.559998,117.269745,3978400
2020-09-11,121.389999,122.699997,120.730003,121.459999,118.145180,3548100
2020-09-14,122.360001,123.379997,121.760002,122.089996,118.757988,3641500
2020-09-15,122.820000,123.400002,122.239998,122.440002,119.098442,2915200
2020-09-16,122.709999,125.820000,122.709999,124.220001,120.829865,3788400
2020-09-17,122.620003,125.550003,121.970001,124.919998,121.510757,3171300
2020-09-18,124.260002,124.919998,122.650002,122.760002,119.409714,5391600
2020-09-21,120.480003,120.699997,118.580002,120.250000,116.968208,5311400
2020-09-22,120.330002,121.449997,119.529999,120.510002,117.221115,2957800
2020-09-23,120.800003,121.589996,118.430000,118.830002,115.586960,3939400
2020-09-24,118.099998,119.519997,116.480003,118.089996,114.867157,3546200
2020-09-25,117.599998,119.410004,116.940002,118.949997,115.703690,2953700
2020-09-28,120.570000,122.330002,120.410004,121.730003,118.407814,3509200
2020-09-29,121.410004,122.190002,120.209999,120.940002,117.639381,2106600
2020-09-30,121.379997,122.910004,120.800003,121.669998,118.349457,3261100
2020-10-01,122.360001,123.300003,120.360001,121.089996,117.785286,3211700
2020-10-02,119.040001,121.750000,118.820000,120.570000,117.279480,2925200
2020-10-05,121.839996,122.750000,121.050003,122.010002,118.680176,3050500
2020-10-06,122.580002,124.830002,121.589996,121.970001,118.641266,3872300
2020-10-07,122.669998,124.389999,122.320000,124.070000,120.683960,2815400
2020-10-08,130.860001,135.500000,129.770004,131.490005,127.901451,25288900
2020-10-09,132.000000,132.000000,127.599998,127.790001,124.302429,8353700
2020-10-12,128.070007,128.250000,126.440002,127.209999,123.738258,4635100
2020-10-13,126.570000,127.150002,124.459999,125.099998,121.685844,5406100
2020-10-14,125.129997,126.940002,125.129997,125.940002,122.502922,3730100
2020-10-15,124.080002,125.220001,123.849998,124.889999,121.481575,3385300
2020-10-16,125.169998,126.430000,124.660004,125.930000,122.493195,4710400
2020-10-19,126.800003,127.349998,125.080002,125.519997,122.094376,7478700
2020-10-20,119.800003,120.150002,116.839996,117.370003,114.166809,21501100
2020-10-21,116.660004,117.690002,114.790001,115.059998,111.919846,9755300
2020-10-22,115.000000,116.059998,112.980003,115.760002,112.600746,7855800
2020-10-23,116.500000,116.620003,115.529999,116.000000,112.834198,3893400
2020-10-26,114.449997,114.900002,111.839996,112.220001,109.157356,7203400
2020-10-27,112.150002,112.220001,110.029999,110.559998,107.542664,5936100
2020-10-28,108.660004,109.730003,105.919998,106.650002,103.739372,9427300
2020-10-29,107.250000,109.639999,106.550003,108.910004,105.937698,6760200
2020-10-30,107.900002,111.800003,107.750000,111.660004,108.612648,7921500
2020-11-02,112.650002,113.830002,112.250000,112.910004,109.828529,5311500
2020-11-03,114.000000,115.650002,113.629997,114.160004,111.044411,4204300
2020-11-04,112.330002,113.910004,111.160004,111.900002,108.846092,5800100
2020-11-05,113.300003,115.290001,113.010002,114.769997,111.637764,4902200
2020-11-06,115.080002,115.099998,113.389999,114.040001,110.927689,5249200
2020-11-09,117.879997,119.739998,115.269997,115.529999,114.006546,8992200
2020-11-10,116.690002,118.169998,116.250000,117.910004,116.355171,5622800
2020-11-11,118.120003,118.349998,116.220001,117.199997,115.654526,4289600
2020-11-12,115.629997,116.370003,113.480003,114.500000,112.990128,6498200
2020-11-13,115.190002,117.370003,115.010002,116.849998,115.309143,4682600
2020-11-16,118.300003,118.550003,117.120003,118.360001,116.799232,5293400
2020-11-17,117.599998,118.540001,117.070000,117.699997,116.147934,4134500
2020-11-18,117.720001,118.879997,116.750000,116.769997,115.230194,4606800
2020-11-19,116.540001,117.449997,115.889999,117.180000,115.634789,3439600
2020-11-20,117.599998,118.040001,116.690002,116.940002,115.397957,5024300
2020-11-23,117.430000,120.519997,117.269997,120.089996,118.506416,5650400
2020-11-24,120.860001,124.730003,120.809998,124.419998,122.779320,7752500
2020-11-25,122.930000,124.330002,122.110001,124.199997,122.562218,4135900
2020-11-27,124.199997,125.309998,123.910004,124.349998,122.710243,2091200
2020-11-30,124.099998,125.000000,123.089996,123.519997,121.891182,5988000
2020-12-01,123.900002,125.830002,123.080002,123.160004,121.535934,5312100
2020-12-02,122.849998,124.639999,122.410004,124.620003,122.976685,3690700
2020-12-03,124.160004,124.860001,123.290001,123.610001,121.980003,4548200
2020-12-04,123.970001,127.379997,123.639999,127.199997,125.522659,5522800
2020-12-07,126.489998,126.970001,124.570000,124.699997,123.055626,8318500
2020-12-08,125.320000,126.330002,124.639999,125.709999,124.052307,5395000
2020-12-09,125.800003,127.690002,125.699997,126.790001,125.118065,6513500
2020-12-10,126.349998,126.930000,124.940002,124.959999,123.312195,4803200
2020-12-11,124.080002,125.510002,123.610001,124.269997,122.631294,4481400
2020-12-14,125.320000,126.239998,123.470001,123.529999,121.901054,5050000
2020-12-15,124.389999,125.930000,123.440002,125.930000,124.269409,4359600
2020-12-16,125.930000,126.570000,125.290001,125.550003,123.894424,4530100
2020-12-17,126.080002,126.089996,124.910004,125.550003,123.894424,3788000
2020-12-18,125.589996,126.400002,124.970001,125.849998,124.190460,7552800
2020-12-21,123.970001,124.180000,121.720001,123.389999,121.762901,6115700
2020-12-22,123.309998,124.220001,122.410004,123.610001,121.980003,4336100
2020-12-23,123.879997,125.209999,123.739998,123.900002,122.266174,2693900
2020-12-24,125.000000,125.099998,124.209999,124.690002,123.045761,1761100
2020-12-28,125.099998,126.599998,124.459999,124.820000,123.174042,3615200
2020-12-29,125.349998,125.480003,123.239998,123.800003,122.167496,3487000
2020-12-30,123.800003,124.849998,123.629997,124.339996,122.700371,3380300
2020-12-31,124.220001,126.029999,123.989998,125.879997,124.220062,3574400
2021-01-04,125.849998,125.919998,123.040001,123.940002,122.305649,5179200
2021-01-05,125.010002,126.680000,124.610001,126.139999,124.476639,6114600
2021-01-06,126.900002,131.880005,126.720001,129.289993,127.585091,7956700
2021-01-07,130.039993,130.460007,128.259995,128.990005,127.289063,4507400
2021-01-08,128.570007,129.320007,126.980003,128.529999,126.835121,4676200
2021-01-11,127.949997,129.679993,127.660004,128.580002,126.884468,5602500
2021-01-12,129.089996,129.850006,127.940002,129.210007,127.506165,3749200
2021-01-13,129.149994,129.750000,126.459999,126.919998,125.246353,7677700
2021-01-14,128.020004,130.160004,127.550003,128.970001,127.269318,7503200
2021-01-15,128.279999,129.240005,127.669998,128.389999,126.696968,4905500
2021-01-19,129.279999,129.589996,128.089996,129.020004,127.318665,5398000
2021-01-20,129.699997,131.059998,128.559998,130.080002,128.364685,5598700
2021-01-21,130.119995,132.240005,130.050003,131.649994,129.913971,12819200
2021-01-22,120.699997,120.699997,117.360001,118.610001,117.045937,38063500
2021-01-25,118.760002,119.540001,117.449997,118.580002,117.016335,13686400
2021-01-26,119.180000,122.589996,118.419998,122.489998,120.874763,10694700
2021-01-27,122.080002,124.790001,121.620003,122.470001,120.855034,12146500
2021-01-28,122.800003,123.199997,120.070000,120.080002,118.496552,8084100
2021-01-29,120.220001,121.300003,118.900002,119.110001,117.539337,11772300
2021-02-01,119.900002,120.949997,118.730003,120.540001,118.950485,6250500
2021-02-02,119.360001,121.000000,119.279999,119.440002,117.864990,6341900
2021-02-03,119.040001,119.800003,118.120003,119.120003,117.549210,6715400
2021-02-04,119.910004,121.099998,118.870003,121.019997,119.424149,4562100
2021-02-05,121.000000,121.809998,120.519997,121.790001,120.183998,4563600
2021-02-08,122.620003,123.980003,122.400002,123.610001,121.980003,5888000
2021-02-09,121.900002,122.599998,121.050003,122.099998,122.099998,4717000
2021-02-10,123.029999,123.410004,121.209999,122.239998,122.239998,4866800
2021-02-11,122.000000,122.209999,120.629997,120.910004,120.910004,5380600
2021-02-12,121.000000,121.360001,120.089996,120.800003,120.800003,3868900
2021-02-16,120.150002,120.599998,119.360001,120.070000,120.070000,6639800
2021-02-17,119.269997,120.559998,119.019997,119.970001,119.970001,3959100
2021-02-18,120.500000,120.940002,119.699997,120.730003,120.730003,5398100
2021-02-19,120.750000,120.760002,118.379997,118.989998,118.989998,6578700
2021-02-22,118.500000,121.129997,118.440002,120.860001,120.860001,5879200
2021-02-23,120.919998,121.349998,119.800003,120.709999,120.709999,4531300
2021-02-24,120.800003,123.489998,120.519997,123.209999,123.209999,5820000
2021-02-25,123.370003,124.349998,122.339996,122.470001,122.470001,5691800
2021-02-26,122.250000,122.250000,118.879997,118.930000,118.930000,9044900
2021-03-01,120.349998,122.320000,119.860001,120.739998,120.739998,5714500
2021-03-02,120.739998,121.900002,120.260002,120.330002,120.330002,4522200
2021-03-03,120.500000,122.629997,119.980003,122.360001,122.360001,7396200
2021-03-04,122.000000,123.220001,118.760002,120.110001,120.110001,8062100
2021-03-05,120.639999,123.750000,120.250000,122.830002,122.830002,6944900
2021-03-08,122.989998,126.849998,122.879997,124.809998,124.809998,7236600
2021-03-09,125.400002,126.430000,124.160004,124.180000,124.180000,5608200
2021-03-10,125.050003,128.240005,124.610001,127.870003,127.870003,7243500
2021-03-11,128.089996,128.639999,126.779999,127.139999,127.139999,5145000
2021-03-12,127.190002,127.680000,126.610001,127.610001,127.610001,4009600
2021-03-15,127.769997,128.750000,127.540001,128.580002,128.580002,3420600
2021-03-16,128.279999,128.520004,127.339996,128.240005,128.240005,4630400
2021-03-17,128.460007,129.490005,127.489998,129.029999,129.029999,4244800
2021-03-18,128.940002,131.000000,127.790001,130.059998,130.059998,5834600
2021-03-19,130.020004,130.440002,128.529999,128.899994,128.899994,9830600
2021-03-22,128.500000,130.720001,127.889999,130.550003,130.550003,4164900
2021-03-23,130.440002,131.559998,129.800003,130.460007,130.460007,4356400
2021-03-24,130.949997,132.110001,130.570007,130.619995,130.619995,4005000
2021-03-25,130.330002,133.240005,129.770004,133.070007,133.070007,5554000
2021-03-26,133.289993,136.479996,133.119995,136.380005,136.380005,5562500
2021-03-29,135.979996,137.070007,135.509995,135.860001,135.860001,4622700
2021-03-30,135.860001,136.270004,134.020004,134.720001,134.720001,4790400
2021-03-31,134.539993,134.710007,132.710007,133.259995,133.259995,4945100
2021-04-01,133.759995,133.929993,132.270004,133.229996,133.229996,4074000
2021-04-05,133.639999,136.690002,133.399994,135.929993,135.929993,5471300
2021-04-06,135.580002,135.639999,134.089996,134.220001,134.220001,3621000
2021-04-07,133.839996,134.940002,133.779999,134.929993,134.929993,2976000
2021-04-08,134.570007,135.630005,134.160004,135.119995,135.119995,4087200
2021-04-09,134.869995,135.740005,134.710007,135.729996,135.729996,3023500
2021-04-12,135.020004,135.369995,133.850006,134.589996,134.589996,3754000
2021-04-13,133.000000,133.619995,130.380005,131.179993,131.179993,8033500
2021-04-14,131.309998,132.779999,130.520004,132.630005,132.630005,5868000
2021-04-15,133.279999,133.869995,132.220001,132.580002,132.580002,3884000
2021-04-16,133.000000,134.100006,132.949997,133.589996,133.589996,5290900